accepted_at,accession,cik,ticker,amendment,issuer_cik,issuer_name,issuer_trading_symbol,security_title,transaction_date,transaction_code,acquired_disposed_code,shares,price_per_share,purchase_value,reporting_owners,eligible_insider,record_key,filing_datetime,insider_name,company_name,latest_close,adv60_dollars,current_market_cap,signal_value_to_adv60,current_price_premium_to_insider_vwap,purchase_to_market_cap,passes_adv60_monitor,passes_adv60_alert,passes_price_premium,monitor_candidate,alert_candidate,high_52w,drawdown_from_52w_high,research_score,research_tier,score_reasons,score_caveats
2026-04-24 22:34:43,0001140361-26-016783,2118775,TORO,False,1941131,TORO CORP.,TORO,Common Stock,2026-04-22,P,A,1465990.0,6.4506,9456515.094,"[{""cik"": ""0002118775"", ""name"": ""Panagiotidis Petros Panagiotis"", ""is_director"": true, ""is_officer"": true, ""is_ten_percent_owner"": null, ""is_other"": null, ""officer_title"": ""Chief Executive Officer""}]",True,bf332c5bf6cacd573bff9c095fa3fb90760022f35143ee26978186048d917279,2026-04-24 22:34:43,Panagiotidis Petros Panagiotis,TORO CORP.,6.900000095367432,2809674.727330605,,3.36569746028373,0.0696679526505181,,True,True,True,True,True,,,,,,
2026-04-24 22:34:43,0001140361-26-016783,2118775,TORO,False,1941131,TORO CORP.,TORO,Common Stock,2026-04-23,P,A,265836.0,6.5246,1734473.5656,"[{""cik"": ""0002118775"", ""name"": ""Panagiotidis Petros Panagiotis"", ""is_director"": true, ""is_officer"": true, ""is_ten_percent_owner"": null, ""is_other"": null, ""officer_title"": ""Chief Executive Officer""}]",True,2db1e5f175225cf289a2812bf386d00f2a13cf25a07110b8a4d3c29c5ad766c1,2026-04-24 22:34:43,Panagiotidis Petros Panagiotis,TORO CORP.,6.900000095367432,2809674.727330605,,0.6173218375523049,0.0575361087832864,,True,True,True,True,True,,,,,,
2026-04-24 22:34:43,0001140361-26-016783,2118775,TORO,False,1941131,TORO CORP.,TORO,Common Stock,2026-04-24,P,A,67407.0,6.7885,457592.4195,"[{""cik"": ""0002118775"", ""name"": ""Panagiotidis Petros Panagiotis"", ""is_director"": true, ""is_officer"": true, ""is_ten_percent_owner"": null, ""is_other"": null, ""officer_title"": ""Chief Executive Officer""}]",True,8bfe77e7a945282dc481eb062e7d76927b335a4b31659b67f3086a3552e1deec,2026-04-24 22:34:43,Panagiotidis Petros Panagiotis,TORO CORP.,6.900000095367432,2809674.727330605,,0.1628631296885906,0.0164248501682893,,True,True,True,True,True,,,,,,
2026-04-24 22:34:43,0001140361-26-016783,2118775,TORO,False,1941131,TORO CORP.,TORO,Common Stock,2026-04-22,P,A,516738.0,5.0433,2606064.7554,"[{""cik"": ""0002118775"", ""name"": ""Panagiotidis Petros Panagiotis"", ""is_director"": true, ""is_officer"": true, ""is_ten_percent_owner"": null, ""is_other"": null, ""officer_title"": ""Chief Executive Officer""}]",True,e0ce442aaa833cc99b2798a211c553cc4a0dd2eddaac1c786c806f8d3356fad2,2026-04-24 22:34:43,Panagiotidis Petros Panagiotis,TORO CORP.,6.900000095367432,2809674.727330605,,0.9275325467570942,0.3681518242752624,,True,True,False,False,False,,,,,,
2026-04-25 00:10:09,0002119764-26-000002,2119764,CRESY,False,1034957,CRESUD INC,CRESY,American Depositary Shares (ADS),2026-04-22,P,A,8917.0,11.2494,100310.8998,"[{""cik"": ""0002119764"", ""name"": ""Elsztain Alejandro Gustavo"", ""is_director"": true, ""is_officer"": false, ""is_ten_percent_owner"": false, ""is_other"": false, ""officer_title"": null}]",True,e766076f33c162c1a939764be4057fd83b023a9d9ed382c8cd264f615bd43225,2026-04-25 00:10:09,Elsztain Alejandro Gustavo,CRESUD INC,11.050000190734863,2988606.309014956,,0.0335644408891924,-0.0177253728434526,,True,False,True,True,False,,,,,,
2026-04-27 20:30:42,0001140361-26-017128,1704710,KREF,False,1631596,KKR Real Estate Finance Trust Inc.,KREF,Common Stock,2026-04-24,P,A,60000.0,6.0412,362472.0,"[{""cik"": ""0001704710"", ""name"": ""Salem Matthew A"", ""is_director"": true, ""is_officer"": true, ""is_ten_percent_owner"": null, ""is_other"": null, ""officer_title"": ""Chief Executive Officer""}]",True,c54de34f613ae03e691b06b55d441a805357d65b97c5a61112c08034654513ce,2026-04-27 20:30:42,Salem Matthew A,KKR Real Estate Finance Trust Inc.,5.880000114440918,10187269.09696954,,0.0355808800719543,-0.0266834214326759,,True,False,True,True,False,8.946023941040039,-0.342724750884433,6.0,WATCH,"[""purchase value >= $100k ($362,472)"", ""purchase value / ADV60 >= 2% (3.6%)"", ""current price below insider VWAP (-2.7%)"", ""stock down at least 30% from 52w high (-34.3%)""]","[""market cap unavailable""]"
2026-04-27 20:30:41,0001140361-26-017127,1704723,KREF,False,1631596,KKR Real Estate Finance Trust Inc.,KREF,Common Stock,2026-04-24,P,A,40000.0,6.0268,241072.0,"[{""cik"": ""0001704723"", ""name"": ""Mattson W Patrick"", ""is_director"": null, ""is_officer"": true, ""is_ten_percent_owner"": null, ""is_other"": null, ""officer_title"": ""President, COO and Secretary""}]",True,ae12cacbcd9972f5edd77edaf7f80e2815688c3179dd49e8701769af1ae5b50f,2026-04-27 20:30:41,Mattson W Patrick,KKR Real Estate Finance Trust Inc.,5.880000114440918,10187269.09696954,,0.0236640455558117,-0.0243578492000865,,True,False,True,True,False,8.946023941040039,-0.342724750884433,6.0,WATCH,"[""purchase value >= $100k ($241,072)"", ""purchase value / ADV60 >= 2% (2.4%)"", ""current price below insider VWAP (-2.4%)"", ""stock down at least 30% from 52w high (-34.3%)""]","[""market cap unavailable""]"
2026-04-27 21:34:47,0001805099-26-000006,1805099,ABT,False,1800,ABBOTT LABORATORIES,ABT,Common shares without par value,2026-04-23,P,A,2200.0,91.5,201300.0,"[{""cik"": ""0001805099"", ""name"": ""Boudreau Philip P"", ""is_director"": false, ""is_officer"": true, ""is_ten_percent_owner"": false, ""is_other"": false, ""officer_title"": ""EVP AND CFO""}]",True,8edfde91428057717b43c98e8a37ab0ddb9c758a1e0c03176faaeb6bce767619,2026-04-27 21:34:47,Boudreau Philip P,ABBOTT LABORATORIES,92.8000030517578,1220359226.5713582,,0.0001649514303796,0.0142076836257685,,False,False,True,False,False,135.31573486328125,-0.314196511251851,4.0,WATCH,"[""purchase value >= $100k ($201,300)"", ""current price within 15% of insider VWAP (1.4%)"", ""stock down at least 30% from 52w high (-31.4%)""]","[""market cap unavailable""]"
2026-04-27 20:30:02,0001213900-26-048037,1997901,EJH,False,1769768,E-Home Household Service Holdings Ltd,EJH,Ordinary Shares,2026-04-23,P,A,192000.0,1.25,240000.0,"[{""cik"": ""0001997901"", ""name"": ""WENSHAN XIE"", ""is_director"": true, ""is_officer"": true, ""is_ten_percent_owner"": true, ""is_other"": false, ""officer_title"": ""Chairman, CEO""}]",True,4774141fdf9b92a9561cfa69d5dd5c8645b0c6954babd71ce263006d5a55160f,2026-04-27 20:30:02,WENSHAN XIE,E-Home Household Service Holdings Ltd,1.6237000226974487,382371.4913899382,,0.6276618560855277,0.298960018157959,,True,True,False,False,False,1150.0,-0.9985880869367848,3.0,ARCHIVE,"[""purchase value >= $100k ($240,000)"", ""purchase value / ADV60 >= 5% (62.8%)"", ""stock down at least 30% from 52w high (-99.9%)""]","[""current price more than 15% above insider VWAP (29.9%)"", ""market cap unavailable""]"
2026-04-27 20:24:46,0001550338-26-000004,1550338,EFOR,False,890564,Everforth Inc,EFOR,Common Stock,2026-04-27,P,A,5121.0,20.2695,103800.1095,"[{""cik"": ""0001550338"", ""name"": ""Callaghan Brian J."", ""is_director"": true, ""is_officer"": false, ""is_ten_percent_owner"": false, ""is_other"": false, ""officer_title"": null}]",True,6a440cc7a9b3aa81079c911da862f67f4ea2f200415acf2d8bdc1bbf33389ab6,2026-04-27 20:24:46,Callaghan Brian J.,Everforth Inc,20.989999771118164,51951970.61349869,,0.001998001390019,0.0355460061233954,,False,False,True,False,False,20.989999771118164,0.0,2.0,ARCHIVE,"[""purchase value >= $100k ($103,800)"", ""current price within 15% of insider VWAP (3.6%)""]","[""market cap unavailable""]"
2026-04-27 20:30:02,0001418423-26-000004,1418423,EFOR,False,890564,Everforth Inc,EFOR,Common Stock,2026-04-24,P,A,5350.0,18.695,100018.25,"[{""cik"": ""0001418423"", ""name"": ""Perry Marie"", ""is_director"": false, ""is_officer"": true, ""is_ten_percent_owner"": false, ""is_other"": false, ""officer_title"": ""EVP, Chief Financial Officer""}]",True,1b388661e1fc2f8ae2c316d8d66391585e70ad2e79b6db9424ef8b5499169977,2026-04-27 20:30:02,Perry Marie,Everforth Inc,20.989999771118164,51951970.61349869,,0.0019252060859075,0.1227600840394844,,False,False,True,False,False,20.989999771118164,0.0,2.0,ARCHIVE,"[""purchase value >= $100k ($100,018)"", ""current price within 15% of insider VWAP (12.3%)""]","[""market cap unavailable""]"
2026-04-28 21:01:34,0001699728-26-000008,1699728,LW,False,1679273,"Lamb Weston Holdings, Inc.",LW,Common Stock,2026-04-27,P,A,4556.0,43.85,199780.6,"[{""cik"": ""0001699728"", ""name"": ""Gray James D"", ""is_director"": false, ""is_officer"": true, ""is_ten_percent_owner"": false, ""is_other"": false, ""officer_title"": ""Chief Financial Officer""}]",True,36757a9aa3c549105e4876c7848270eb9ec7cab586df6cf71f2092fdc4b6c10e,2026-04-28 21:01:34,Gray James D,"Lamb Weston Holdings, Inc.",43.08000183105469,130223512.6416659,,0.0015341361628735,-0.0175598214126639,,False,False,True,False,False,65.6268081665039,-0.3435609161159413,4.0,WATCH,"[""purchase value >= $100k ($199,781)"", ""current price below insider VWAP (-1.8%)"", ""stock down at least 30% from 52w high (-34.4%)""]","[""market cap unavailable""]"
2026-04-28 20:16:50,0001504089-26-000005,1504089,CHTR,False,1091667,"CHARTER COMMUNICATIONS, INC. /MO/",CHTR,Class A Common Stock,2026-04-28,P,A,3468.0,172.2349,597310.6332,"[{""cik"": ""0001504089"", ""name"": ""Winfrey Christopher L"", ""is_director"": true, ""is_officer"": true, ""is_ten_percent_owner"": false, ""is_other"": false, ""officer_title"": ""President and CEO""}]",True,d868943d9a761d089c2e51c5e0110c6d000e3ac53421dc7d38d520cdfe905473,2026-04-28 20:16:50,Winfrey Christopher L,"CHARTER COMMUNICATIONS, INC. /MO/",173.11000061035156,464185949.0379229,,0.0012867917144799,0.0050808553339163,,False,False,True,False,False,427.25,-0.594827383006784,4.0,WATCH,"[""purchase value >= $100k ($597,311)"", ""current price within 15% of insider VWAP (0.5%)"", ""stock down at least 30% from 52w high (-59.5%)""]","[""market cap unavailable""]"
2026-04-28 23:37:56,0000902132-26-000005,902132,ABT,False,1800,ABBOTT LABORATORIES,ABT,Common shares without par value,2026-04-27,P,A,10000.0,92.6537,926537.0,"[{""cik"": ""0000902132"", ""name"": ""STARKS DANIEL J"", ""is_director"": true, ""is_officer"": false, ""is_ten_percent_owner"": false, ""is_other"": false, ""officer_title"": null}]",True,29e087d9d368aeb220178e702181b8deb569691e9971194ec24c677d9c076b49,2026-04-28 23:37:56,STARKS DANIEL J,ABBOTT LABORATORIES,93.86000061035156,1206706754.1743252,,0.0007678228341681,0.013019454272755,,False,False,True,False,False,135.31573486328125,-0.3063629983225177,4.0,WATCH,"[""purchase value >= $100k ($926,537)"", ""current price within 15% of insider VWAP (1.3%)"", ""stock down at least 30% from 52w high (-30.6%)""]","[""market cap unavailable""]"
2026-04-28 20:19:15,0001398905-26-000010,1398905,CHTR,False,1091667,"CHARTER COMMUNICATIONS, INC. /MO/",CHTR,Class A Common Stock,2026-04-28,P,A,1000.0,175.46,175460.0,"[{""cik"": ""0001398905"", ""name"": ""Nair Balan"", ""is_director"": true, ""is_officer"": false, ""is_ten_percent_owner"": false, ""is_other"": false, ""officer_title"": null}]",True,9b97962fde7aabd1eec17f38e9c850eb53a202c7ad61fb1eb4863e778a091233,2026-04-28 20:19:15,Nair Balan,"CHARTER COMMUNICATIONS, INC. /MO/",173.11000061035156,464185949.0379229,,0.0003779950693545,-0.0133933625307673,,False,False,True,False,False,427.25,-0.594827383006784,4.0,WATCH,"[""purchase value >= $100k ($175,460)"", ""current price below insider VWAP (-1.3%)"", ""stock down at least 30% from 52w high (-59.5%)""]","[""market cap unavailable""]"
2026-04-28 20:30:16,0001493152-26-019354,2121347,DKI,False,2058584,DarkIris Inc.,DKI,Class B Ordinary Shares,2026-04-24,P,A,1428571.0,0.35,499999.85,"[{""cik"": ""0002121347"", ""name"": ""Hong Zhifang"", ""is_director"": true, ""is_officer"": true, ""is_ten_percent_owner"": true, ""is_other"": true, ""officer_title"": ""CEO""}]",True,aaca5611ff5e3a27870448e72e8dfdc51227d8d9ad760e702da5326e49745601,2026-04-28 20:30:16,Hong Zhifang,DarkIris Inc.,0.4790000021457672,7722891.124534223,,0.0647425739839308,0.3685714347021922,,True,True,False,False,False,11.600000381469728,-0.9587068977246812,3.0,ARCHIVE,"[""purchase value >= $100k ($500,000)"", ""purchase value / ADV60 >= 5% (6.5%)"", ""stock down at least 30% from 52w high (-95.9%)""]","[""current price more than 15% above insider VWAP (36.9%)"", ""market cap unavailable""]"
2026-04-28 21:08:05,0000737468-26-000072,1592204,WASH,False,737468,WASHINGTON TRUST BANCORP INC,WASH,Common Stock,2026-04-27,P,A,3195.0,31.3236,100078.902,"[{""cik"": ""0001592204"", ""name"": ""Handy Edward O. III"", ""is_director"": true, ""is_officer"": true, ""is_ten_percent_owner"": null, ""is_other"": null, ""officer_title"": ""Chairman and CEO""}]",True,9394a100722c96fe7c52e6ab5f3a69a600822ba951500be353c91c362193d067,2026-04-28 21:08:05,Handy Edward O. III,WASHINGTON TRUST BANCORP INC,31.96999931335449,6249924.35190258,,0.0160128181342761,0.0206361757063202,,False,False,True,False,False,36.43000030517578,-0.1224265977068256,2.0,ARCHIVE,"[""purchase value >= $100k ($100,079)"", ""current price within 15% of insider VWAP (2.1%)""]","[""market cap unavailable""]"
2026-04-29 20:50:07,0001213900-26-049361,2124744,CXIIU,False,2114227,Churchill Capital Corp XII,CXIIU,Class A Ordinary Shares,2026-04-29,P,A,350000.0,10.0,3500000.0,"[{""cik"": ""0001327392"", ""name"": ""Klein Michael Stuart"", ""is_director"": true, ""is_officer"": true, ""is_ten_percent_owner"": true, ""is_other"": false, ""officer_title"": ""See Remarks""}, {""cik"": ""0001751504"", ""name"": ""M. Klein Associates, Inc."", ""is_director"": true, ""is_officer"": true, ""is_ten_percent_owner"": true, ""is_other"": false, ""officer_title"": ""See Remarks""}, {""cik"": ""0002124744"", ""name"": ""CHURCHILL SPONSOR XII LLC"", ""is_director"": false, ""is_officer"": false, ""is_ten_percent_owner"": true, ""is_other"": false, ""officer_title"": null}]",True,52b611abb7933a6fa8385680299aaf2ca69f376743d60e9cb5058011c2ca62d2,2026-04-29 20:50:07,"CHURCHILL SPONSOR XII LLC; Klein Michael Stuart; M. Klein Associates, Inc.",Churchill Capital Corp XII,10.100000381469728,42956335.42893028,,0.081478086178711,0.0100000381469727,,True,True,True,True,True,10.100000381469728,0.0,7.0,ALERT,"[""purchase value >= $2m ($3,500,000)"", ""purchase value / ADV60 >= 5% (8.1%)"", ""current price within 15% of insider VWAP (1.0%)""]","[""market cap unavailable""]"
2026-04-29 23:21:02,0001104659-26-051889,1953926,ZBIO,False,1953926,"Zenas BioPharma, Inc.",ZBIO,Common Stock,2026-04-29,P,A,35000.0,17.62,616700.0,"[{""cik"": ""0001228865"", ""name"": ""MOULDER LEON O JR"", ""is_director"": true, ""is_officer"": true, ""is_ten_percent_owner"": false, ""is_other"": false, ""officer_title"": ""Chief Executive Officer""}]",True,fe5355e05184389c86ccff54d5c34a0f55a2fee2210b92faea76bf931b2d10d7,2026-04-29 23:21:02,MOULDER LEON O JR,"Zenas BioPharma, Inc.",17.549999237060547,17088040.99003951,,0.0360895669877822,-0.0039728015289134,,True,False,True,True,False,43.16999816894531,-0.5934676863228296,6.0,WATCH,"[""purchase value >= $100k ($616,700)"", ""purchase value / ADV60 >= 2% (3.6%)"", ""current price below insider VWAP (-0.4%)"", ""stock down at least 30% from 52w high (-59.3%)""]","[""market cap unavailable""]"
2026-04-29 23:21:02,0001104659-26-051889,1953926,ZBIO,False,1953926,"Zenas BioPharma, Inc.",ZBIO,Common Stock,2026-04-28,P,A,25000.0,18.02,450500.0,"[{""cik"": ""0001228865"", ""name"": ""MOULDER LEON O JR"", ""is_director"": true, ""is_officer"": true, ""is_ten_percent_owner"": false, ""is_other"": false, ""officer_title"": ""Chief Executive Officer""}]",True,09ea77f72a8d8a9c886034156691623d8d1c871ade243eb4d59ed796cda0ee5d,2026-04-29 23:21:02,MOULDER LEON O JR,"Zenas BioPharma, Inc.",17.549999237060547,17088040.99003951,,0.0263634667228732,-0.0260821733040761,,True,False,True,True,False,43.16999816894531,-0.5934676863228296,6.0,WATCH,"[""purchase value >= $100k ($450,500)"", ""purchase value / ADV60 >= 2% (2.6%)"", ""current price below insider VWAP (-2.6%)"", ""stock down at least 30% from 52w high (-59.3%)""]","[""market cap unavailable""]"
2026-04-29 20:16:24,0001563441-26-000011,1563441,CHTR,False,1091667,"CHARTER COMMUNICATIONS, INC. /MO/",CHTR,Class A Common Stock,2026-04-28,P,A,5728.0,173.72,995068.16,"[{""cik"": ""0001563441"", ""name"": ""Davis Wade"", ""is_director"": true, ""is_officer"": false, ""is_ten_percent_owner"": false, ""is_other"": false, ""officer_title"": null}]",True,2fe52a62b0c3a2bbb1fcf9145549250a7f20ff9c5e8a22ec25b82eee244e1e22,2026-04-29 20:16:24,Davis Wade,"CHARTER COMMUNICATIONS, INC. /MO/",158.64999389648438,468844988.0121506,,0.0021223819928607,-0.0867488262923994,,False,False,True,False,False,427.25,-0.6286717521439804,4.0,WATCH,"[""purchase value >= $100k ($995,068)"", ""current price below insider VWAP (-8.7%)"", ""stock down at least 30% from 52w high (-62.9%)""]","[""market cap unavailable""]"
2026-04-29 20:05:32,0001213900-26-049277,2120179,NCEL,False,1783036,NewcelX Ltd.,NCEL,"Common Shares, par value CHF 0.05 per share",2026-04-27,P,A,81818.0,2.75,224999.5,"[{""cik"": ""0002120179"", ""name"": ""Samuel Olivier"", ""is_director"": true, ""is_officer"": false, ""is_ten_percent_owner"": false, ""is_other"": false, ""officer_title"": null}]",True,e7de28a3ce61394e500fc3496377318febd72f41d593584fda9b03fa2f907b2d,2026-04-29 20:05:32,Samuel Olivier,NewcelX Ltd.,3.4200000762939453,128550.87015990417,,1.750275978063187,0.2436363913796164,,True,True,False,False,False,29.0,-0.8820689628864157,3.0,ARCHIVE,"[""purchase value >= $100k ($225,000)"", ""purchase value / ADV60 >= 5% (175.0%)"", ""stock down at least 30% from 52w high (-88.2%)""]","[""current price more than 15% above insider VWAP (24.4%)"", ""market cap unavailable""]"
2026-04-29 20:05:15,0001213900-26-049273,2095518,NCEL,False,1783036,NewcelX Ltd.,NCEL,"Common Shares, par value CHF 0.05 per share",2026-04-27,P,A,54545.0,2.75,149998.75,"[{""cik"": ""0002095518"", ""name"": ""Revel Michel"", ""is_director"": true, ""is_officer"": true, ""is_ten_percent_owner"": true, ""is_other"": false, ""officer_title"": ""CSO and Director""}]",True,b1d22735eaac94a384f6853f5b34ffa476026872ae3f6286fe493bd578643ec1,2026-04-29 20:05:15,Revel Michel,NewcelX Ltd.,3.4200000762939453,128550.87015990417,,1.1668435212722936,0.2436363913796164,,True,True,False,False,False,29.0,-0.8820689628864157,3.0,ARCHIVE,"[""purchase value >= $100k ($149,999)"", ""purchase value / ADV60 >= 5% (116.7%)"", ""stock down at least 30% from 52w high (-88.2%)""]","[""current price more than 15% above insider VWAP (24.4%)"", ""market cap unavailable""]"
2026-04-29 22:53:11,0001225208-26-004706,1213483,HBAN,False,49196,HUNTINGTON BANCSHARES INC /MD/,HBAN,Dep Shares-int in 4.50% Ser H Non-Cum Perp Pref Stk,2026-04-27,P,A,6500.0,17.09,111085.0,"[{""cik"": ""0001213483"", ""name"": ""ROLLINS JAMES D III"", ""is_director"": true, ""is_officer"": null, ""is_ten_percent_owner"": null, ""is_other"": null, ""officer_title"": null}]",True,0de9b69f632533faec61f2d716f8b734b46351be420ea43cde0c34d532b48bad,2026-04-29 22:53:11,ROLLINS JAMES D III,HUNTINGTON BANCSHARES INC /MD/,16.309999465942383,460486712.1567777,,0.0002412338881174,-0.0456407568202233,,False,False,True,False,False,19.07592391967773,-0.1449955695662094,2.0,ARCHIVE,"[""purchase value >= $100k ($111,085)"", ""current price below insider VWAP (-4.6%)""]","[""market cap unavailable""]"
2026-04-29 20:19:05,0001117310-26-000005,2088896,XE,False,2088896,"X-Energy, Inc.",XE,Class A Common Stock,2026-04-27,P,A,10000.0,23.0,230000.0,"[{""cik"": ""0001117310"", ""name"": ""HYLE KATHLEEN W"", ""is_director"": true, ""is_officer"": false, ""is_ten_percent_owner"": false, ""is_other"": false, ""officer_title"": null}]",True,f8e895f141586ac8d25103db27e8c0452a248db4087f9c2bdf5b1af1f3ef6f72,2026-04-29 20:19:05,HYLE KATHLEEN W,"X-Energy, Inc.",31.07999992370605,801169465.8010316,,0.000287080336705,0.351304344508959,,False,False,False,False,False,35.97999954223633,-0.1361867615584109,-2.0,ARCHIVE,"[""purchase value >= $100k ($230,000)""]","[""current price more than 15% above insider VWAP (35.1%)"", ""market cap unavailable""]"
2026-04-30 21:22:40,0001193125-26-197887,1831125,ANIK,False,898437,"Anika Therapeutics, Inc.",ANIK,Common Stock,2026-04-30,P,A,12200.0,12.2853,149880.66,"[{""cik"": ""0001831125"", ""name"": ""Griffin Stephen D."", ""is_director"": true, ""is_officer"": true, ""is_ten_percent_owner"": false, ""is_other"": false, ""officer_title"": ""President and CEO""}]",True,86a8e4a7603bac81f9af3b0e748716346e991dac3e5d99413a302366a0158935,2026-04-30 21:22:40,Griffin Stephen D.,"Anika Therapeutics, Inc.",12.449999809265137,1914597.705714178,,0.078283108536418,0.0134062504997953,,True,True,True,True,True,16.0,-0.2218750119209289,6.0,WATCH,"[""purchase value >= $100k ($149,881)"", ""purchase value / ADV60 >= 5% (7.8%)"", ""current price within 15% of insider VWAP (1.3%)"", ""stock down at least 15% from 52w high (-22.2%)""]","[""market cap unavailable""]"
2026-04-30 21:00:04,0001193125-26-197752,2123651,IBATF,False,1786318,INTERNATIONAL BATTERY METALS LTD.,IBATF,"Common Stock, no par value",2026-04-29,P,A,34315465.0,0.08,2745237.2,"[{""cik"": ""0002082309"", ""name"": ""WARNOCK JACOB AARON"", ""is_director"": true, ""is_officer"": false, ""is_ten_percent_owner"": true, ""is_other"": false, ""officer_title"": null}, {""cik"": ""0002109918"", ""name"": ""EV Metals VI LLC"", ""is_director"": false, ""is_officer"": false, ""is_ten_percent_owner"": true, ""is_other"": false, ""officer_title"": null}, {""cik"": ""0002110065"", ""name"": ""EV Metals 7 LLC"", ""is_director"": false, ""is_officer"": false, ""is_ten_percent_owner"": true, ""is_other"": false, ""officer_title"": null}, {""cik"": ""0002123651"", ""name"": ""EV Metals 9 LLC"", ""is_director"": false, ""is_officer"": false, ""is_ten_percent_owner"": true, ""is_other"": false, ""officer_title"": null}]",True,a5f3a1a86412f630f2906e308abdcc632b8e3d19e363927a9ae6890b9a68c5b3,2026-04-30 21:00:04,EV Metals 7 LLC; EV Metals 9 LLC; EV Metals VI LLC; WARNOCK JACOB AARON,INTERNATIONAL BATTERY METALS LTD.,0.1054999977350235,17636.3891969497,,155.65755378514794,0.3187499716877937,,True,True,False,False,False,0.5899999737739563,-0.8211864365684817,5.0,WATCH,"[""purchase value >= $2m ($2,745,237)"", ""purchase value / ADV60 >= 5% (15565.8%)"", ""stock down at least 30% from 52w high (-82.1%)""]","[""current price more than 15% above insider VWAP (31.9%)"", ""market cap unavailable""]"
2026-05-01 22:50:38,0001193125-26-201894,1598542,AVLN,False,1540171,Avalyn Pharma Inc.,AVLN,Common Stock,2026-05-01,P,A,277778.0,18.0,5000004.0,"[{""cik"": ""0001598542"", ""name"": ""Carroll Jill"", ""is_director"": true, ""is_officer"": false, ""is_ten_percent_owner"": false, ""is_other"": false, ""officer_title"": null}]",True,118da70e8056460b9149b3890a180092eaa121e437eee3622b6e44f93af0d302,2026-05-01 22:50:38,Carroll Jill,Avalyn Pharma Inc.,29.84000015258789,108401547.31807709,,0.0461248397620076,0.6577777862548828,,True,False,False,False,False,29.84000015258789,0.0,2.0,ARCHIVE,"[""purchase value >= $2m ($5,000,004)"", ""purchase value / ADV60 >= 2% (4.6%)""]","[""current price more than 15% above insider VWAP (65.8%)"", ""market cap unavailable""]"
2026-05-04 21:36:36,0001283699-26-000069,1981961,TMUS,False,1283699,"T-Mobile US, Inc.",TMUS,Common Stock,2026-05-01,P,A,5097.44,196.18,1000015.7792,"[{""cik"": ""0001981961"", ""name"": ""Almeida Andre"", ""is_director"": false, ""is_officer"": true, ""is_ten_percent_owner"": false, ""is_other"": false, ""officer_title"": ""Chief Broadband, Ent. & Emerg""}]",True,f3e58a39f4f41054030e76511ae877d1342dba3b47d0683a73dcb260825d71ba,2026-05-04 21:36:36,Almeida Andre,"T-Mobile US, Inc.",21.13999938964844,63396769.17115644,,0.0157739233761296,-0.8922418218490752,,False,False,True,True,False,36.59000015258789,-0.422246534531559,5.0,WATCH,"[""purchase value >= $1m ($1,000,016)"", ""current price below insider VWAP (-89.2%)"", ""stock down at least 30% from 52w high (-42.2%)""]","[""market cap unavailable""]"
2026-05-04 21:43:00,0001628280-26-029957,1752877,FND,False,1507079,"Floor & Decor Holdings, Inc.",FND,"Class A common stock, par value $0.001",2026-05-04,P,A,5000.0,50.25,251250.0,"[{""cik"": ""0001752877"", ""name"": ""PAULSEN BRADLEY"", ""is_director"": true, ""is_officer"": true, ""is_ten_percent_owner"": false, ""is_other"": false, ""officer_title"": ""Chief Executive Officer""}]",True,610af60d3c5c0be0fd722530ca0088f9f6a6d9ace6d2c05b7d2e443ce091bbf4,2026-05-04 21:43:00,PAULSEN BRADLEY,"Floor & Decor Holdings, Inc.",48.220001220703125,157814180.2507726,,0.0015920622570212,-0.0403979856576492,,False,False,True,False,False,90.41999816894533,-0.466710880367345,4.0,WATCH,"[""purchase value >= $100k ($251,250)"", ""current price below insider VWAP (-4.0%)"", ""stock down at least 30% from 52w high (-46.7%)""]","[""market cap unavailable""]"
2026-05-04 22:28:03,0001628280-26-029998,1954746,FND,False,1507079,"Floor & Decor Holdings, Inc.",FND,"Class A common stock, par value $0.001",2026-05-04,P,A,2500.0,48.69,121725.0,"[{""cik"": ""0001954746"", ""name"": ""LANGLEY BRYAN"", ""is_director"": false, ""is_officer"": true, ""is_ten_percent_owner"": false, ""is_other"": false, ""officer_title"": ""EVP & CHIEF FINANCIAL OFFICER""}]",True,c86f4e952582faf407e117bc0936e203144e8abf3e063d4406e7aaab1bede58c,2026-05-04 22:28:03,LANGLEY BRYAN,"Floor & Decor Holdings, Inc.",48.220001220703125,157814180.2507726,,0.0007713185203419,-0.0096528810699706,,False,False,True,False,False,90.41999816894533,-0.466710880367345,4.0,WATCH,"[""purchase value >= $100k ($121,725)"", ""current price below insider VWAP (-1.0%)"", ""stock down at least 30% from 52w high (-46.7%)""]","[""market cap unavailable""]"
2026-05-04 22:38:45,0001213900-26-051803,1959353,NONE,False,1959353,"Oxford Park Income Fund, Inc.",NONE,Common Stock,2026-04-01,P,A,283929.59,17.61,5000000.0799,"[{""cik"": ""0001268530"", ""name"": ""COHEN JONATHAN H"", ""is_director"": true, ""is_officer"": true, ""is_ten_percent_owner"": false, ""is_other"": false, ""officer_title"": ""Chief Executive Officer""}]",True,5d9ed7c2b84e1ae850e6c575edb889b84dbd24dd2f0a2454137de2b5de85c262,2026-05-04 22:38:45,COHEN JONATHAN H,"Oxford Park Income Fund, Inc.",,,,,,,False,False,False,False,False,,,1.0,ARCHIVE,"[""purchase value >= $2m ($5,000,000)""]","[""ADV60 unavailable"", ""latest price or insider VWAP unavailable; price gate cannot be verified"", ""52w drawdown unavailable"", ""market cap unavailable""]"
2026-05-04 22:36:52,0001213900-26-051797,1959353,NONE,False,1959353,"Oxford Park Income Fund, Inc.",NONE,Common Stock,2026-04-01,P,A,283929.59,17.61,5000000.0799,"[{""cik"": ""0001268529"", ""name"": ""ROSENTHAL SAUL B"", ""is_director"": true, ""is_officer"": true, ""is_ten_percent_owner"": false, ""is_other"": false, ""officer_title"": ""President""}]",True,d23ea1ef516e0a4bdd0b0a1a9c468e911c859d41cf4fc735e22a5d25af0bba24,2026-05-04 22:36:52,ROSENTHAL SAUL B,"Oxford Park Income Fund, Inc.",,,,,,,False,False,False,False,False,,,1.0,ARCHIVE,"[""purchase value >= $2m ($5,000,000)""]","[""ADV60 unavailable"", ""latest price or insider VWAP unavailable; price gate cannot be verified"", ""52w drawdown unavailable"", ""market cap unavailable""]"
2026-05-04 21:42:14,0001437749-26-014693,1643464,OPCH,False,1014739,"Option Care Health, Inc.",OPCH,Common Stock,2026-05-04,P,A,16225.0,20.1587,327074.9075,"[{""cik"": ""0001643464"", ""name"": ""Sethna Meenal"", ""is_director"": null, ""is_officer"": true, ""is_ten_percent_owner"": null, ""is_other"": null, ""officer_title"": ""Chief Financial Officer""}]",True,8e2454442e1b7e274cb16e21c084ed62dca99806789a699fbee03cc0927bb1e1,2026-05-04 21:42:14,Sethna Meenal,"Option Care Health, Inc.",,,,,,,False,False,False,False,False,,,-1.0,ARCHIVE,"[""purchase value >= $100k ($327,075)""]","[""ADV60 unavailable"", ""latest price or insider VWAP unavailable; price gate cannot be verified"", ""52w drawdown unavailable"", ""market cap unavailable""]"
2026-05-04 21:41:41,0001437749-26-014692,1779969,OPCH,False,1014739,"Option Care Health, Inc.",OPCH,Common Stock,2026-05-04,P,A,12500.0,21.1765,264706.25,"[{""cik"": ""0001779969"", ""name"": ""RADEMACHER JOHN CHARLES"", ""is_director"": true, ""is_officer"": true, ""is_ten_percent_owner"": null, ""is_other"": null, ""officer_title"": ""Chief Executive Officer""}]",True,ed62a4c33e8878b126cb269a96c30b64e2996532993800baf178ef69e6f46d31,2026-05-04 21:41:41,RADEMACHER JOHN CHARLES,"Option Care Health, Inc.",,,,,,,False,False,False,False,False,,,-1.0,ARCHIVE,"[""purchase value >= $100k ($264,706)""]","[""ADV60 unavailable"", ""latest price or insider VWAP unavailable; price gate cannot be verified"", ""52w drawdown unavailable"", ""market cap unavailable""]"
2026-05-05 23:44:08,0001628280-26-030826,2104604,AVTR,False,1722482,"Avantor, Inc.",AVTR,Common Stock,2026-05-01,P,A,25000.0,8.14,203500.0,"[{""cik"": ""0002104604"", ""name"": ""Dingemans Simon"", ""is_director"": true, ""is_officer"": false, ""is_ten_percent_owner"": false, ""is_other"": false, ""officer_title"": null}]",True,9bce8a2d975041c0ada22beaaa1d6abba2a3500882ef924a2c5671cd9b5d8327,2026-05-05 23:44:08,Dingemans Simon,"Avantor, Inc.",8.050000190734863,88004797.50243251,,0.002312373936141,-0.0110564876247097,,False,False,True,False,False,15.600000381469728,-0.483974359366237,4.0,WATCH,"[""purchase value >= $100k ($203,500)"", ""current price below insider VWAP (-1.1%)"", ""stock down at least 30% from 52w high (-48.4%)""]","[""market cap unavailable""]"
2026-05-06 23:16:36,0001231919-26-000457,2114044,COAG,False,2114044,"Hemab Therapeutics Holdings, Inc.",COAG,Common Stock,2026-05-05,P,A,87143.0,24.59,2142846.37,"[{""cik"": ""0001346824"", ""name"": ""RA CAPITAL MANAGEMENT, L.P."", ""is_director"": true, ""is_officer"": false, ""is_ten_percent_owner"": true, ""is_other"": false, ""officer_title"": null}, {""cik"": ""0001315082"", ""name"": ""RA Capital Healthcare Fund LP"", ""is_director"": true, ""is_officer"": false, ""is_ten_percent_owner"": true, ""is_other"": false, ""officer_title"": null}, {""cik"": ""0001825376"", ""name"": ""RA Capital Nexus Fund II, L.P."", ""is_director"": true, ""is_officer"": false, ""is_ten_percent_owner"": false, ""is_other"": false, ""officer_title"": null}, {""cik"": ""0002053586"", ""name"": ""RA Capital Nexus Fund IV, L.P."", ""is_director"": true, ""is_officer"": false, ""is_ten_percent_owner"": false, ""is_other"": false, ""officer_title"": null}, {""cik"": ""0001384859"", ""name"": ""Kolchinsky Peter"", ""is_director"": true, ""is_officer"": false, ""is_ten_percent_owner"": true, ""is_other"": false, ""officer_title"": null}, {""cik"": ""0001619841"", ""name"": ""Shah Rajeev M."", ""is_director"": true, ""is_officer"": false, ""is_ten_percent_owner"": true, ""is_other"": false, ""officer_title"": null}]",True,f5e451365da529f2dcb7385db5c84d952b94e05f64aa4ffc54ac072289f7a7cc,2026-05-06 23:16:36,"Kolchinsky Peter; RA CAPITAL MANAGEMENT, L.P.; RA Capital Healthcare Fund LP; RA Capital Nexus Fund II, L.P.; RA Capital Nexus Fund IV, L.P.; Shah Rajeev M.","Hemab Therapeutics Holdings, Inc.",25.01000022888184,45078151.819685936,,0.0475362516762323,0.0170801231753492,,True,False,True,True,True,34.0,-0.2644117579740637,7.0,ALERT,"[""purchase value >= $2m ($2,142,846)"", ""purchase value / ADV60 >= 2% (4.8%)"", ""current price within 15% of insider VWAP (1.7%)"", ""stock down at least 15% from 52w high (-26.4%)""]","[""market cap unavailable""]"
2026-05-06 21:37:27,0001000753-26-000053,1032399,NSP,False,1000753,"INSPERITY, INC.",NSP,Common Stock,2026-05-05,P,A,49543.0,29.26,1449628.18,"[{""cik"": ""0001032399"", ""name"": ""SARVADI PAUL J"", ""is_director"": true, ""is_officer"": true, ""is_ten_percent_owner"": null, ""is_other"": null, ""officer_title"": ""Chairman of the Board & CEO""}]",True,fcfaaa4e21ccb254e33215277004a0a8a66dac184809db65afa91fdbdf7a2284,2026-05-06 21:37:27,SARVADI PAUL J,"INSPERITY, INC.",28.75,30675609.020406723,,0.0472567041467912,-0.0174299384825701,,True,False,True,True,False,67.2175521850586,-0.5722843354835723,7.0,ALERT,"[""purchase value >= $1m ($1,449,628)"", ""purchase value / ADV60 >= 2% (4.7%)"", ""current price below insider VWAP (-1.7%)"", ""stock down at least 30% from 52w high (-57.2%)""]","[""market cap unavailable""]"
2026-05-06 21:37:27,0001000753-26-000053,1032399,NSP,False,1000753,"INSPERITY, INC.",NSP,Common Stock,2026-05-05,P,A,50057.0,28.2,1411607.4,"[{""cik"": ""0001032399"", ""name"": ""SARVADI PAUL J"", ""is_director"": true, ""is_officer"": true, ""is_ten_percent_owner"": null, ""is_other"": null, ""officer_title"": ""Chairman of the Board & CEO""}]",True,95b6349bc30d8c108d735e072e2f5f0ab057ecc93b0a0580b2e61925088a55ed,2026-05-06 21:37:27,SARVADI PAUL J,"INSPERITY, INC.",28.75,30675609.020406723,,0.0460172575240784,0.0195035460992907,,True,False,True,True,False,67.2175521850586,-0.5722843354835723,7.0,ALERT,"[""purchase value >= $1m ($1,411,607)"", ""purchase value / ADV60 >= 2% (4.6%)"", ""current price within 15% of insider VWAP (2.0%)"", ""stock down at least 30% from 52w high (-57.2%)""]","[""market cap unavailable""]"
2026-05-06 23:16:36,0001231919-26-000457,2114044,COAG,False,2114044,"Hemab Therapeutics Holdings, Inc.",COAG,Common Stock,2026-05-06,P,A,53407.0,24.83,1326095.81,"[{""cik"": ""0001346824"", ""name"": ""RA CAPITAL MANAGEMENT, L.P."", ""is_director"": true, ""is_officer"": false, ""is_ten_percent_owner"": true, ""is_other"": false, ""officer_title"": null}, {""cik"": ""0001315082"", ""name"": ""RA Capital Healthcare Fund LP"", ""is_director"": true, ""is_officer"": false, ""is_ten_percent_owner"": true, ""is_other"": false, ""officer_title"": null}, {""cik"": ""0001825376"", ""name"": ""RA Capital Nexus Fund II, L.P."", ""is_director"": true, ""is_officer"": false, ""is_ten_percent_owner"": false, ""is_other"": false, ""officer_title"": null}, {""cik"": ""0002053586"", ""name"": ""RA Capital Nexus Fund IV, L.P."", ""is_director"": true, ""is_officer"": false, ""is_ten_percent_owner"": false, ""is_other"": false, ""officer_title"": null}, {""cik"": ""0001384859"", ""name"": ""Kolchinsky Peter"", ""is_director"": true, ""is_officer"": false, ""is_ten_percent_owner"": true, ""is_other"": false, ""officer_title"": null}, {""cik"": ""0001619841"", ""name"": ""Shah Rajeev M."", ""is_director"": true, ""is_officer"": false, ""is_ten_percent_owner"": true, ""is_other"": false, ""officer_title"": null}]",True,78d370f4e0d13280855a36f11c6912d8d7dd49e504528346872d8194f86df825,2026-05-06 23:16:36,"Kolchinsky Peter; RA CAPITAL MANAGEMENT, L.P.; RA Capital Healthcare Fund LP; RA Capital Nexus Fund II, L.P.; RA Capital Nexus Fund IV, L.P.; Shah Rajeev M.","Hemab Therapeutics Holdings, Inc.",25.01000022888184,45078151.819685936,,0.0294177058390598,0.007249304425366,,True,False,True,True,False,34.0,-0.2644117579740637,6.0,WATCH,"[""purchase value >= $1m ($1,326,096)"", ""purchase value / ADV60 >= 2% (2.9%)"", ""current price within 15% of insider VWAP (0.7%)"", ""stock down at least 15% from 52w high (-26.4%)""]","[""market cap unavailable""]"
2026-05-06 23:16:36,0001231919-26-000457,2114044,COAG,False,2114044,"Hemab Therapeutics Holdings, Inc.",COAG,Common Stock,2026-05-04,P,A,2541250.0,18.0,45742500.0,"[{""cik"": ""0001346824"", ""name"": ""RA CAPITAL MANAGEMENT, L.P."", ""is_director"": true, ""is_officer"": false, ""is_ten_percent_owner"": true, ""is_other"": false, ""officer_title"": null}, {""cik"": ""0001315082"", ""name"": ""RA Capital Healthcare Fund LP"", ""is_director"": true, ""is_officer"": false, ""is_ten_percent_owner"": true, ""is_other"": false, ""officer_title"": null}, {""cik"": ""0001825376"", ""name"": ""RA Capital Nexus Fund II, L.P."", ""is_director"": true, ""is_officer"": false, ""is_ten_percent_owner"": false, ""is_other"": false, ""officer_title"": null}, {""cik"": ""0002053586"", ""name"": ""RA Capital Nexus Fund IV, L.P."", ""is_director"": true, ""is_officer"": false, ""is_ten_percent_owner"": false, ""is_other"": false, ""officer_title"": null}, {""cik"": ""0001384859"", ""name"": ""Kolchinsky Peter"", ""is_director"": true, ""is_officer"": false, ""is_ten_percent_owner"": true, ""is_other"": false, ""officer_title"": null}, {""cik"": ""0001619841"", ""name"": ""Shah Rajeev M."", ""is_director"": true, ""is_officer"": false, ""is_ten_percent_owner"": true, ""is_other"": false, ""officer_title"": null}]",True,bc25cb1e70611ba46c5480ab0ebc123be556a20305d1a6aea5884940a9ce13f8,2026-05-06 23:16:36,"Kolchinsky Peter; RA CAPITAL MANAGEMENT, L.P.; RA Capital Healthcare Fund LP; RA Capital Nexus Fund II, L.P.; RA Capital Nexus Fund IV, L.P.; Shah Rajeev M.","Hemab Therapeutics Holdings, Inc.",25.01000022888184,45078151.819685936,,1.0147376978313458,0.3894444571601019,,True,True,False,False,False,34.0,-0.2644117579740637,4.0,WATCH,"[""purchase value >= $2m ($45,742,500)"", ""purchase value / ADV60 >= 5% (101.5%)"", ""stock down at least 15% from 52w high (-26.4%)""]","[""current price more than 15% above insider VWAP (38.9%)"", ""market cap unavailable""]"
2026-05-06 23:16:36,0001231919-26-000457,2114044,COAG,False,2114044,"Hemab Therapeutics Holdings, Inc.",COAG,Common Stock,2026-05-04,P,A,133750.0,18.0,2407500.0,"[{""cik"": ""0001346824"", ""name"": ""RA CAPITAL MANAGEMENT, L.P."", ""is_director"": true, ""is_officer"": false, ""is_ten_percent_owner"": true, ""is_other"": false, ""officer_title"": null}, {""cik"": ""0001315082"", ""name"": ""RA Capital Healthcare Fund LP"", ""is_director"": true, ""is_officer"": false, ""is_ten_percent_owner"": true, ""is_other"": false, ""officer_title"": null}, {""cik"": ""0001825376"", ""name"": ""RA Capital Nexus Fund II, L.P."", ""is_director"": true, ""is_officer"": false, ""is_ten_percent_owner"": false, ""is_other"": false, ""officer_title"": null}, {""cik"": ""0002053586"", ""name"": ""RA Capital Nexus Fund IV, L.P."", ""is_director"": true, ""is_officer"": false, ""is_ten_percent_owner"": false, ""is_other"": false, ""officer_title"": null}, {""cik"": ""0001384859"", ""name"": ""Kolchinsky Peter"", ""is_director"": true, ""is_officer"": false, ""is_ten_percent_owner"": true, ""is_other"": false, ""officer_title"": null}, {""cik"": ""0001619841"", ""name"": ""Shah Rajeev M."", ""is_director"": true, ""is_officer"": false, ""is_ten_percent_owner"": true, ""is_other"": false, ""officer_title"": null}]",True,75721758c5eb86558a551b0bb12df00fdc95f159e3da69b0b913e354de207d40,2026-05-06 23:16:36,"Kolchinsky Peter; RA CAPITAL MANAGEMENT, L.P.; RA Capital Healthcare Fund LP; RA Capital Nexus Fund II, L.P.; RA Capital Nexus Fund IV, L.P.; Shah Rajeev M.","Hemab Therapeutics Holdings, Inc.",25.01000022888184,45078151.819685936,,0.0534072472542813,0.3894444571601019,,True,True,False,False,False,34.0,-0.2644117579740637,4.0,WATCH,"[""purchase value >= $2m ($2,407,500)"", ""purchase value / ADV60 >= 5% (5.3%)"", ""stock down at least 15% from 52w high (-26.4%)""]","[""current price more than 15% above insider VWAP (38.9%)"", ""market cap unavailable""]"
2026-05-06 21:00:26,0001193125-26-209308,1256293,BRO,False,79282,"BROWN & BROWN, INC.",BRO,"Common Stock, $.10 par value",2026-05-05,P,A,2000.0,57.1,114200.0,"[{""cik"": ""0001256293"", ""name"": ""PROCTOR H PALMER JR"", ""is_director"": true, ""is_officer"": false, ""is_ten_percent_owner"": false, ""is_other"": false, ""officer_title"": null}]",True,9b125bc87b6620a143100215560bc59f5974dc8bed699ddedf27760a10ba0389,2026-05-06 21:00:26,PROCTOR H PALMER JR,"BROWN & BROWN, INC.",56.560001373291016,227817498.7224852,,0.0005012784384008,-0.009457068768984,,False,False,True,False,False,112.72493743896484,-0.4982476578980978,4.0,WATCH,"[""purchase value >= $100k ($114,200)"", ""current price below insider VWAP (-0.9%)"", ""stock down at least 30% from 52w high (-49.8%)""]","[""market cap unavailable""]"
2026-05-06 23:16:36,0001231919-26-000457,2114044,COAG,False,2114044,"Hemab Therapeutics Holdings, Inc.",COAG,Common Stock,2026-05-06,P,A,14611.0,23.77,347303.47,"[{""cik"": ""0001346824"", ""name"": ""RA CAPITAL MANAGEMENT, L.P."", ""is_director"": true, ""is_officer"": false, ""is_ten_percent_owner"": true, ""is_other"": false, ""officer_title"": null}, {""cik"": ""0001315082"", ""name"": ""RA Capital Healthcare Fund LP"", ""is_director"": true, ""is_officer"": false, ""is_ten_percent_owner"": true, ""is_other"": false, ""officer_title"": null}, {""cik"": ""0001825376"", ""name"": ""RA Capital Nexus Fund II, L.P."", ""is_director"": true, ""is_officer"": false, ""is_ten_percent_owner"": false, ""is_other"": false, ""officer_title"": null}, {""cik"": ""0002053586"", ""name"": ""RA Capital Nexus Fund IV, L.P."", ""is_director"": true, ""is_officer"": false, ""is_ten_percent_owner"": false, ""is_other"": false, ""officer_title"": null}, {""cik"": ""0001384859"", ""name"": ""Kolchinsky Peter"", ""is_director"": true, ""is_officer"": false, ""is_ten_percent_owner"": true, ""is_other"": false, ""officer_title"": null}, {""cik"": ""0001619841"", ""name"": ""Shah Rajeev M."", ""is_director"": true, ""is_officer"": false, ""is_ten_percent_owner"": true, ""is_other"": false, ""officer_title"": null}]",True,4e66cad9f36ef8769619567bc97270e2dbe2e57a7cbdbd10052ec8fd89d20dba,2026-05-06 23:16:36,"Kolchinsky Peter; RA CAPITAL MANAGEMENT, L.P.; RA Capital Healthcare Fund LP; RA Capital Nexus Fund II, L.P.; RA Capital Nexus Fund IV, L.P.; Shah Rajeev M.","Hemab Therapeutics Holdings, Inc.",25.01000022888184,45078151.819685936,,0.0077044744733374,0.0521666061792946,,False,False,True,False,False,34.0,-0.2644117579740637,3.0,ARCHIVE,"[""purchase value >= $100k ($347,303)"", ""current price within 15% of insider VWAP (5.2%)"", ""stock down at least 15% from 52w high (-26.4%)""]","[""market cap unavailable""]"
2026-05-06 23:16:36,0001231919-26-000457,2114044,COAG,False,2114044,"Hemab Therapeutics Holdings, Inc.",COAG,Common Stock,2026-05-05,P,A,10268.0,25.0,256700.0,"[{""cik"": ""0001346824"", ""name"": ""RA CAPITAL MANAGEMENT, L.P."", ""is_director"": true, ""is_officer"": false, ""is_ten_percent_owner"": true, ""is_other"": false, ""officer_title"": null}, {""cik"": ""0001315082"", ""name"": ""RA Capital Healthcare Fund LP"", ""is_director"": true, ""is_officer"": false, ""is_ten_percent_owner"": true, ""is_other"": false, ""officer_title"": null}, {""cik"": ""0001825376"", ""name"": ""RA Capital Nexus Fund II, L.P."", ""is_director"": true, ""is_officer"": false, ""is_ten_percent_owner"": false, ""is_other"": false, ""officer_title"": null}, {""cik"": ""0002053586"", ""name"": ""RA Capital Nexus Fund IV, L.P."", ""is_director"": true, ""is_officer"": false, ""is_ten_percent_owner"": false, ""is_other"": false, ""officer_title"": null}, {""cik"": ""0001384859"", ""name"": ""Kolchinsky Peter"", ""is_director"": true, ""is_officer"": false, ""is_ten_percent_owner"": true, ""is_other"": false, ""officer_title"": null}, {""cik"": ""0001619841"", ""name"": ""Shah Rajeev M."", ""is_director"": true, ""is_officer"": false, ""is_ten_percent_owner"": true, ""is_other"": false, ""officer_title"": null}]",True,fd62bab94f426308cc1a45909b6f50c4601fb4e1c32d82ba91bc8ba8865afcfb,2026-05-06 23:16:36,"Kolchinsky Peter; RA CAPITAL MANAGEMENT, L.P.; RA Capital Healthcare Fund LP; RA Capital Nexus Fund II, L.P.; RA Capital Nexus Fund IV, L.P.; Shah Rajeev M.","Hemab Therapeutics Holdings, Inc.",25.01000022888184,45078151.819685936,,0.0056945546708926,0.0004000091552733,,False,False,True,False,False,34.0,-0.2644117579740637,3.0,ARCHIVE,"[""purchase value >= $100k ($256,700)"", ""current price within 15% of insider VWAP (0.0%)"", ""stock down at least 15% from 52w high (-26.4%)""]","[""market cap unavailable""]"
2026-05-06 23:27:06,0001004434-26-000053,2125273,AMG,False,1004434,"AFFILIATED MANAGERS GROUP, INC.",AMG,Common Stock,2026-05-06,P,A,1500.0,305.83,458745.0,"[{""cik"": ""0002125273"", ""name"": ""Cates G. Staley"", ""is_director"": true, ""is_officer"": null, ""is_ten_percent_owner"": null, ""is_other"": null, ""officer_title"": null}]",True,7f8d1ef66fe54bd75eb5164b86dd0231bdd03a973154359308e9cadb106ede25,2026-05-06 23:27:06,Cates G. Staley,"AFFILIATED MANAGERS GROUP, INC.",306.0199890136719,117854847.9450536,,0.0038924576120438,0.0006212242542322,,False,False,True,False,False,330.7384948730469,-0.0747373113276793,2.0,ARCHIVE,"[""purchase value >= $100k ($458,745)"", ""current price within 15% of insider VWAP (0.1%)""]","[""market cap unavailable""]"
2026-05-06 23:04:10,0001193125-26-209661,1713777,BRK.B,False,1067983,BERKSHIRE HATHAWAY INC,BRK.B,Class B Common Stock,2026-05-06,P,A,483.0,467.13,225623.79,"[{""cik"": ""0001713777"", ""name"": ""O'Sullivan Michael J."", ""is_director"": false, ""is_officer"": true, ""is_ten_percent_owner"": false, ""is_other"": false, ""officer_title"": ""See Remarks""}]",True,63b3f18567268f8f02f7fd4352106047eacec0d60172443fd150d65509fbd443,2026-05-06 23:04:10,O'Sullivan Michael J.,BERKSHIRE HATHAWAY INC,,,,,,,False,False,False,False,False,,,-1.0,ARCHIVE,"[""purchase value >= $100k ($225,624)""]","[""ADV60 unavailable"", ""latest price or insider VWAP unavailable; price gate cannot be verified"", ""52w drawdown unavailable"", ""market cap unavailable""]"
2026-05-07 21:04:20,0001437749-26-015657,1245970,OPCH,False,1014739,"Option Care Health, Inc.",OPCH,Common Stock,2026-05-07,P,A,24154.0,20.6869,499671.3826,"[{""cik"": ""0001245970"", ""name"": ""SULLIVAN TIMOTHY P"", ""is_director"": true, ""is_officer"": null, ""is_ten_percent_owner"": null, ""is_other"": null, ""officer_title"": null}]",True,a0a098b8f936ef41fc7f914f4dfed177abe3b7254a47d215d745d687e3d2d967,2026-05-07 21:04:20,SULLIVAN TIMOTHY P,"Option Care Health, Inc.",20.75,66761504.29177882,,0.0074844236645148,0.0030502395235632,,False,False,True,False,False,36.59000015258789,-0.4329051677106259,4.0,WATCH,"[""purchase value >= $100k ($499,671)"", ""current price within 15% of insider VWAP (0.3%)"", ""stock down at least 30% from 52w high (-43.3%)""]","[""market cap unavailable""]"
2026-05-11 21:38:43,0001182684-26-000003,1559432,TXO,False,1559432,"TXO Partners, L.P.",TXO,Common Units,2026-05-11,P,A,500000.0,12.6735,6336750.0,"[{""cik"": ""0001182684"", ""name"": ""SIMPSON BOB R"", ""is_director"": true, ""is_officer"": false, ""is_ten_percent_owner"": true, ""is_other"": false, ""officer_title"": null}]",True,d53dfd0b16d4fbd73df523492b43d301208fa1e4641e40440eb218a6f67ab2a7,2026-05-11 21:38:43,SIMPSON BOB R,"TXO Partners, L.P.",12.5,2683813.470478058,,2.361099260326485,-0.0136899830354677,,True,True,True,True,True,15.66472339630127,-0.2020286803818393,8.0,ALERT,"[""purchase value >= $2m ($6,336,750)"", ""purchase value / ADV60 >= 5% (236.1%)"", ""current price below insider VWAP (-1.4%)"", ""stock down at least 15% from 52w high (-20.2%)""]","[""market cap unavailable""]"
2026-05-11 22:52:09,0001437749-26-016188,1625101,PLSE,False,1625101,"PULSE BIOSCIENCES, INC.",PLSE,Common Stock,2026-05-11,P,A,660233.0,19.69,12999987.77,"[{""cik"": ""0001055919"", ""name"": ""DUGGAN ROBERT W"", ""is_director"": true, ""is_officer"": null, ""is_ten_percent_owner"": true, ""is_other"": null, ""officer_title"": null}]",True,487cd478f0c6d7d79732a32d537a1bac26c903c967b021a9fd8f6081cd6776a7,2026-05-11 22:52:09,DUGGAN ROBERT W,"PULSE BIOSCIENCES, INC.",19.07999992370605,6281210.049961567,,2.069662957709804,-0.0309801968661221,,True,True,True,True,True,25.459999084472656,-0.2505891355140537,8.0,ALERT,"[""purchase value >= $2m ($12,999,988)"", ""purchase value / ADV60 >= 5% (207.0%)"", ""current price below insider VWAP (-3.1%)"", ""stock down at least 15% from 52w high (-25.1%)""]","[""market cap unavailable""]"
2026-05-11 21:38:43,0001182684-26-000003,1559432,TXO,False,1559432,"TXO Partners, L.P.",TXO,Common Units,2026-05-08,P,A,162365.0,12.5031,2030065.8315,"[{""cik"": ""0001182684"", ""name"": ""SIMPSON BOB R"", ""is_director"": true, ""is_officer"": false, ""is_ten_percent_owner"": true, ""is_other"": false, ""officer_title"": null}]",True,dacdb0b4551a5b5b3fc6a9713fd273507765c037be7d4cbc35bb1b3a4238593c,2026-05-11 21:38:43,SIMPSON BOB R,"TXO Partners, L.P.",12.5,2683813.470478058,,0.7564109256588506,-0.0002479385112491,,True,True,True,True,True,15.66472339630127,-0.2020286803818393,8.0,ALERT,"[""purchase value >= $2m ($2,030,066)"", ""purchase value / ADV60 >= 5% (75.6%)"", ""current price below insider VWAP (-0.0%)"", ""stock down at least 15% from 52w high (-20.2%)""]","[""market cap unavailable""]"
2026-05-12 00:30:26,0001193125-26-217593,2131608,ODTX,False,1882782,"Odyssey Therapeutics, Inc.",ODTX,Common Stock,2026-05-11,P,A,1111111.0,18.0,19999998.0,"[{""cik"": ""0002131608"", ""name"": ""Li Nan (LN)"", ""is_director"": true, ""is_officer"": false, ""is_ten_percent_owner"": false, ""is_other"": false, ""officer_title"": null}]",True,666be748a607b2de8df80593ddb3cc223d0c55568a2da4bb4e2aefa49f354e51,2026-05-12 00:30:26,Li Nan (LN),"Odyssey Therapeutics, Inc.",17.450000762939453,29757983.73381805,,0.6720884781340637,-0.0305555131700303,,True,True,True,True,True,17.450000762939453,0.0,7.0,ALERT,"[""purchase value >= $2m ($19,999,998)"", ""purchase value / ADV60 >= 5% (67.2%)"", ""current price below insider VWAP (-3.1%)""]","[""market cap unavailable""]"
2026-05-11 21:38:43,0001182684-26-000003,1559432,TXO,False,1559432,"TXO Partners, L.P.",TXO,Common Units,2026-05-07,P,A,87635.0,12.4343,1089679.8805,"[{""cik"": ""0001182684"", ""name"": ""SIMPSON BOB R"", ""is_director"": true, ""is_officer"": false, ""is_ten_percent_owner"": true, ""is_other"": false, ""officer_title"": null}]",True,84e5d8678066b9341fb0d43e2841d7aff26222824325108f99b9a801112fa77c,2026-05-11 21:38:43,SIMPSON BOB R,"TXO Partners, L.P.",12.5,2683813.470478058,,0.406019230653127,0.0052837715030198,,True,True,True,True,True,15.66472339630127,-0.2020286803818393,7.0,ALERT,"[""purchase value >= $1m ($1,089,680)"", ""purchase value / ADV60 >= 5% (40.6%)"", ""current price within 15% of insider VWAP (0.5%)"", ""stock down at least 15% from 52w high (-20.2%)""]","[""market cap unavailable""]"
2026-05-12 00:30:14,0001334852-26-000007,1334852,LZ,False,1286139,"LEGALZOOM.COM, INC.",LZ,Common Stock,2026-05-11,P,A,125000.0,6.1519,768987.5,"[{""cik"": ""0001334852"", ""name"": ""Stibel Jeffrey M"", ""is_director"": true, ""is_officer"": true, ""is_ten_percent_owner"": false, ""is_other"": false, ""officer_title"": ""Chief Executive Officer""}]",True,150d00fde8c17175f88a6cdb99d2cbe442bac7f0444e264032a449e1b83d8f0b,2026-05-12 00:30:14,Stibel Jeffrey M,"LEGALZOOM.COM, INC.",6.099999904632568,17973185.518641494,,0.0427852647046022,-0.0084364335193082,,True,False,True,True,False,11.18000030517578,-0.4543828498995145,6.0,WATCH,"[""purchase value >= $100k ($768,988)"", ""purchase value / ADV60 >= 2% (4.3%)"", ""current price below insider VWAP (-0.8%)"", ""stock down at least 30% from 52w high (-45.4%)""]","[""market cap unavailable""]"
2026-05-12 00:52:41,0001437749-26-016208,1625101,PLSE,True,1625101,"PULSE BIOSCIENCES, INC.",PLSE,Common Stock,2026-05-11,P,A,15000.0,19.69,295350.0,"[{""cik"": ""0001191249"", ""name"": ""LAVIOLETTE PAUL A"", ""is_director"": true, ""is_officer"": true, ""is_ten_percent_owner"": null, ""is_other"": null, ""officer_title"": ""Chief Executive Officer""}]",True,017d64b842480bfec5d396ac491b27d0105c5d8080ad92cfa8fa0fbdcce8690e,2026-05-12 00:52:41,LAVIOLETTE PAUL A,"PULSE BIOSCIENCES, INC.",19.07999992370605,6281210.049961567,,0.0470211945868307,-0.0309801968661221,,True,False,True,True,False,25.459999084472656,-0.2505891355140537,5.0,WATCH,"[""purchase value >= $100k ($295,350)"", ""purchase value / ADV60 >= 2% (4.7%)"", ""current price below insider VWAP (-3.1%)"", ""stock down at least 15% from 52w high (-25.1%)""]","[""market cap unavailable""]"
2026-05-11 22:53:24,0001437749-26-016190,1625101,PLSE,False,1625101,"PULSE BIOSCIENCES, INC.",PLSE,Common Stock,2026-05-11,P,A,15000.0,19.69,295350.0,"[{""cik"": ""0001191249"", ""name"": ""LAVIOLETTE PAUL A"", ""is_director"": true, ""is_officer"": true, ""is_ten_percent_owner"": null, ""is_other"": null, ""officer_title"": ""Chief Executive Officer""}]",True,c3765db9166547c65a1ca10b90e1224bf72fac55ab9fff92e9c8dafd1ebc962e,2026-05-11 22:53:24,LAVIOLETTE PAUL A,"PULSE BIOSCIENCES, INC.",19.07999992370605,6281210.049961567,,0.0470211945868307,-0.0309801968661221,,True,False,True,True,False,25.459999084472656,-0.2505891355140537,5.0,WATCH,"[""purchase value >= $100k ($295,350)"", ""purchase value / ADV60 >= 2% (4.7%)"", ""current price below insider VWAP (-3.1%)"", ""stock down at least 15% from 52w high (-25.1%)""]","[""market cap unavailable""]"
2026-05-11 21:39:29,0001182695-26-000001,1559432,TXO,False,1559432,"TXO Partners, L.P.",TXO,Common Units,2026-05-08,P,A,10000.0,12.4117,124117.0,"[{""cik"": ""0001182695"", ""name"": ""ADAMS WILLIAM H III"", ""is_director"": true, ""is_officer"": false, ""is_ten_percent_owner"": false, ""is_other"": false, ""officer_title"": null}]",True,ecf5b9c1bacfebbd8e447870b21e4cccb2eb9f5f9e5ead81db443cc54da12f03,2026-05-11 21:39:29,ADAMS WILLIAM H III,"TXO Partners, L.P.",12.5,2683813.470478058,,0.0462465075778502,0.0071142550980123,,True,False,True,True,False,15.66472339630127,-0.2020286803818393,5.0,WATCH,"[""purchase value >= $100k ($124,117)"", ""purchase value / ADV60 >= 2% (4.6%)"", ""current price within 15% of insider VWAP (0.7%)"", ""stock down at least 15% from 52w high (-20.2%)""]","[""market cap unavailable""]"
2026-05-11 23:00:05,0001289408-26-000002,1350653,ATEC,False,1350653,"Alphatec Holdings, Inc.",ATEC,Common Stock,2026-05-07,P,A,56153.0,7.49,420585.97,"[{""cik"": ""0001289408"", ""name"": ""Valentine Keith"", ""is_director"": true, ""is_officer"": false, ""is_ten_percent_owner"": false, ""is_other"": false, ""officer_title"": null}]",True,2b5e025c8f7670347d24f7544f455818c9eecc7ab084f9085dd57427a722c0dd,2026-05-11 23:00:05,Valentine Keith,"Alphatec Holdings, Inc.",6.989999771118164,34614867.99324172,,0.0121504426965347,-0.0667557047906323,,False,False,True,False,False,22.68000030517578,-0.6917989560378012,4.0,WATCH,"[""purchase value >= $100k ($420,586)"", ""current price below insider VWAP (-6.7%)"", ""stock down at least 30% from 52w high (-69.2%)""]","[""market cap unavailable""]"
2026-05-11 23:00:05,0001289408-26-000002,1350653,ATEC,False,1350653,"Alphatec Holdings, Inc.",ATEC,Common Stock,2026-05-08,P,A,43847.0,7.54,330606.38,"[{""cik"": ""0001289408"", ""name"": ""Valentine Keith"", ""is_director"": true, ""is_officer"": false, ""is_ten_percent_owner"": false, ""is_other"": false, ""officer_title"": null}]",True,c07494acc0778b53068251a37d31108a50f9ad256c2f8593e836f585dc0fdb79,2026-05-11 23:00:05,Valentine Keith,"Alphatec Holdings, Inc.",6.989999771118164,34614867.99324172,,0.0095509935229147,-0.0729443274379092,,False,False,True,False,False,22.68000030517578,-0.6917989560378012,4.0,WATCH,"[""purchase value >= $100k ($330,606)"", ""current price below insider VWAP (-7.3%)"", ""stock down at least 30% from 52w high (-69.2%)""]","[""market cap unavailable""]"
2026-05-11 23:00:05,0001289408-26-000002,1350653,ATEC,False,1350653,"Alphatec Holdings, Inc.",ATEC,Common Stock,2026-05-11,P,A,35000.0,7.0,245000.0,"[{""cik"": ""0001289408"", ""name"": ""Valentine Keith"", ""is_director"": true, ""is_officer"": false, ""is_ten_percent_owner"": false, ""is_other"": false, ""officer_title"": null}]",True,0003b83d73849e2a5b547eebee6ba9e2e82b215b70194175524ed4efd290cb62,2026-05-11 23:00:05,Valentine Keith,"Alphatec Holdings, Inc.",6.989999771118164,34614867.99324172,,0.0070778834126374,-0.0014286041259765,,False,False,True,False,False,22.68000030517578,-0.6917989560378012,4.0,WATCH,"[""purchase value >= $100k ($245,000)"", ""current price below insider VWAP (-0.1%)"", ""stock down at least 30% from 52w high (-69.2%)""]","[""market cap unavailable""]"
2026-05-11 22:36:44,0001699728-26-000010,1699728,LW,False,1679273,"Lamb Weston Holdings, Inc.",LW,Common Stock,2026-05-11,P,A,5000.0,40.945,204725.0,"[{""cik"": ""0001699728"", ""name"": ""Gray James D"", ""is_director"": false, ""is_officer"": true, ""is_ten_percent_owner"": false, ""is_other"": false, ""officer_title"": ""Chief Financial Officer""}]",True,60c8e098e37a0812da3584dceb62ade4811ff63b4b6c70d13bfcc59b5247e606,2026-05-11 22:36:44,Gray James D,"Lamb Weston Holdings, Inc.",40.34000015258789,117727213.34767094,,0.0017389777110871,-0.0147759151889634,,False,False,True,False,False,65.04725646972656,-0.379835486660957,4.0,WATCH,"[""purchase value >= $100k ($204,725)"", ""current price below insider VWAP (-1.5%)"", ""stock down at least 30% from 52w high (-38.0%)""]","[""market cap unavailable""]"
2026-05-11 22:36:44,0001699728-26-000010,1699728,LW,False,1679273,"Lamb Weston Holdings, Inc.",LW,Common Stock,2026-05-11,P,A,5000.0,40.9,204500.0,"[{""cik"": ""0001699728"", ""name"": ""Gray James D"", ""is_director"": false, ""is_officer"": true, ""is_ten_percent_owner"": false, ""is_other"": false, ""officer_title"": ""Chief Financial Officer""}]",True,fa90179bf3339101ede4082e90e4b0c5a117bc10cf3b42bdc8d4483bfc158cd5,2026-05-11 22:36:44,Gray James D,"Lamb Weston Holdings, Inc.",40.34000015258789,117727213.34767094,,0.0017370665132119,-0.0136919278095869,,False,False,True,False,False,65.04725646972656,-0.379835486660957,4.0,WATCH,"[""purchase value >= $100k ($204,500)"", ""current price below insider VWAP (-1.4%)"", ""stock down at least 30% from 52w high (-38.0%)""]","[""market cap unavailable""]"
2026-05-11 23:24:52,0001104659-26-058839,2128572,NCLH,False,1513761,Norwegian Cruise Line Holdings Ltd.,NCLH,Common Stock,2026-05-07,P,A,11400.0,17.28,196992.0,"[{""cik"": ""0002128572"", ""name"": ""Lansberry Kevin Allen"", ""is_director"": true, ""is_officer"": false, ""is_ten_percent_owner"": false, ""is_other"": false, ""officer_title"": null}]",True,fd46308ac10e48cf8e3acb201fa56d3a9cdf466a4f1599a47192d77569e0348a,2026-05-11 23:24:52,Lansberry Kevin Allen,Norwegian Cruise Line Holdings Ltd.,16.579999923706055,476657533.8230278,,0.0004132778483957,-0.0405092636744182,,False,False,True,False,False,26.940000534057617,-0.3845582926865358,4.0,WATCH,"[""purchase value >= $100k ($196,992)"", ""current price below insider VWAP (-4.1%)"", ""stock down at least 30% from 52w high (-38.5%)""]","[""market cap unavailable""]"
2026-05-12 00:30:12,0001193125-26-217589,1895958,ODTX,False,1882782,"Odyssey Therapeutics, Inc.",ODTX,Common Stock,2026-05-11,P,A,11111.0,18.0,199998.0,"[{""cik"": ""0001895958"", ""name"": ""Chu Shelley"", ""is_director"": true, ""is_officer"": false, ""is_ten_percent_owner"": false, ""is_other"": false, ""officer_title"": null}]",True,71728dfe573ae4fb891bcf6922d475430f04c158842d9859c636084596b3bd36,2026-05-12 00:30:12,Chu Shelley,"Odyssey Therapeutics, Inc.",17.450000762939453,29757983.73381805,,0.0067208182445746,-0.0305555131700303,,False,False,True,False,False,17.450000762939453,0.0,2.0,ARCHIVE,"[""purchase value >= $100k ($199,998)"", ""current price below insider VWAP (-3.1%)""]","[""market cap unavailable""]"
2026-05-12 00:35:18,0001193125-26-217607,1882782,ODTX,False,1882782,"Odyssey Therapeutics, Inc.",ODTX,Common Stock,2026-05-08,P,A,5000.0,20.0,100000.0,"[{""cik"": ""0001242825"", ""name"": ""LEIDEN JEFFREY M"", ""is_director"": true, ""is_officer"": false, ""is_ten_percent_owner"": false, ""is_other"": false, ""officer_title"": null}]",True,7405a3e73403c4f381a04f0f00e8d45a9690bc8a9ae1437fdd268d36649df470,2026-05-12 00:35:18,LEIDEN JEFFREY M,"Odyssey Therapeutics, Inc.",17.450000762939453,29757983.73381805,,0.0033604427267145,-0.1274999618530273,,False,False,True,False,False,17.450000762939453,0.0,2.0,ARCHIVE,"[""purchase value >= $100k ($100,000)"", ""current price below insider VWAP (-12.7%)""]","[""market cap unavailable""]"
2026-05-12 21:37:36,0001012975-26-000417,2040933,ODTX,False,1882782,"Odyssey Therapeutics, Inc.",ODTX,Common Stock,2026-05-08,P,A,1111111.0,18.0,19999998.0,"[{""cik"": ""0002040933"", ""name"": ""Dimension Capital II, L.P."", ""is_director"": true, ""is_officer"": false, ""is_ten_percent_owner"": false, ""is_other"": false, ""officer_title"": null}]",True,3fe42e5ed5281ec0ea47ead5a8391d3fc2b898244ae09b1c3356012ca549143c,2026-05-12 21:37:36,"Dimension Capital II, L.P.","Odyssey Therapeutics, Inc.",17.899999618530273,20857034.767538708,,0.958908983127718,-0.0055555767483181,,True,True,True,True,True,17.899999618530273,0.0,7.0,ALERT,"[""purchase value >= $2m ($19,999,998)"", ""purchase value / ADV60 >= 5% (95.9%)"", ""current price below insider VWAP (-0.6%)""]","[""market cap unavailable""]"
2026-05-13 00:32:36,0001193125-26-220236,1065416,FCNCA,False,798941,FIRST CITIZENS BANCSHARES INC /DE/,FCNCA,Class B Common,2026-05-12,P,A,5940.0,1726.82,10257310.8,"[{""cik"": ""0001065416"", ""name"": ""HOLDING FRANK B JR"", ""is_director"": true, ""is_officer"": true, ""is_ten_percent_owner"": true, ""is_other"": false, ""officer_title"": ""Chairman and CEO""}]",True,bfc7c4c719d064df2e688774bfc88692598f8950e31a83d8ed35887d527efa71,2026-05-13 00:32:36,HOLDING FRANK B JR,FIRST CITIZENS BANCSHARES INC /DE/,1918.68994140625,172926929.94540203,,0.0593158671309236,0.1111117206230238,,True,True,True,True,True,2201.217529296875,-0.1283505987619821,7.0,ALERT,"[""purchase value >= $2m ($10,257,311)"", ""purchase value / ADV60 >= 5% (5.9%)"", ""current price within 15% of insider VWAP (11.1%)""]","[""market cap unavailable""]"
2026-05-12 21:29:20,0001398905-26-000012,1712184,LILA,False,1712184,Liberty Latin America Ltd.,LILA,Class C Common Shares,2026-05-08,P,A,20000.0,8.0745,161490.0,"[{""cik"": ""0001398905"", ""name"": ""Nair Balan"", ""is_director"": true, ""is_officer"": true, ""is_ten_percent_owner"": false, ""is_other"": false, ""officer_title"": ""President and CEO""}]",True,c76fb0732a0f88fdbcd700c2deee6d6202742d6d9ab16cfb9393b11a559e4f4e,2026-05-12 21:29:20,Nair Balan,Liberty Latin America Ltd.,7.409999847412109,2458380.8013570467,,0.0656895790557981,-0.082296136304154,,True,True,True,True,True,8.869999885559082,-0.1645997809451999,6.0,WATCH,"[""purchase value >= $100k ($161,490)"", ""purchase value / ADV60 >= 5% (6.6%)"", ""current price below insider VWAP (-8.2%)"", ""stock down at least 15% from 52w high (-16.5%)""]","[""market cap unavailable""]"
2026-05-12 22:03:24,0001242843-26-000008,1871509,PTLO,False,1871509,Portillo's Inc.,PTLO,Class A common stock,2026-05-11,P,A,70165.0,4.28,300306.2,"[{""cik"": ""0001242843"", ""name"": ""LEE EUGENE I JR"", ""is_director"": true, ""is_officer"": false, ""is_ten_percent_owner"": false, ""is_other"": false, ""officer_title"": null}]",True,e3aa21b255b03703c0f56e2507aa3982f637156f29be5de4b83b4fee64efbbb0,2026-05-12 22:03:24,LEE EUGENE I JR,Portillo's Inc.,4.050000190734863,8654811.127115201,,0.0346981806522792,-0.053738273192789,,True,False,True,True,False,13.350000381469728,-0.6966292078645626,6.0,WATCH,"[""purchase value >= $100k ($300,306)"", ""purchase value / ADV60 >= 2% (3.5%)"", ""current price below insider VWAP (-5.4%)"", ""stock down at least 30% from 52w high (-69.7%)""]","[""market cap unavailable""]"
2026-05-12 21:31:50,0001628280-26-034240,1871335,MKTW,False,1805651,"MARKETWISE, INC.",MKTW,Class A Common Stock,2026-05-08,P,A,18626.0,19.93,371216.18,"[{""cik"": ""0001871335"", ""name"": ""Stansberry Frank Porter"", ""is_director"": true, ""is_officer"": false, ""is_ten_percent_owner"": true, ""is_other"": false, ""officer_title"": null}]",True,52277cb779e8dc241eb2b0436291812c27fd0d77c271be12ed39b8b082f981fb,2026-05-12 21:31:50,Stansberry Frank Porter,"MARKETWISE, INC.",18.059999465942383,437453.7562815349,,0.8485838209629959,-0.0938284261945617,,True,True,True,True,True,20.68000030517578,-0.1266924951919689,5.0,WATCH,"[""purchase value >= $100k ($371,216)"", ""purchase value / ADV60 >= 5% (84.9%)"", ""current price below insider VWAP (-9.4%)""]","[""market cap unavailable""]"
2026-05-12 21:31:50,0001628280-26-034240,1871335,MKTW,False,1805651,"MARKETWISE, INC.",MKTW,Class A Common Stock,2026-05-08,P,A,11749.0,19.22,225815.78,"[{""cik"": ""0001871335"", ""name"": ""Stansberry Frank Porter"", ""is_director"": true, ""is_officer"": false, ""is_ten_percent_owner"": true, ""is_other"": false, ""officer_title"": null}]",True,748c62f3294be5d7306204f1a5e8231d6071d3e8c7fef07ad5b07960e070a65d,2026-05-12 21:31:50,Stansberry Frank Porter,"MARKETWISE, INC.",18.059999465942383,437453.7562815349,,0.5162049171082448,-0.0603538259135075,,True,True,True,True,True,20.68000030517578,-0.1266924951919689,5.0,WATCH,"[""purchase value >= $100k ($225,816)"", ""purchase value / ADV60 >= 5% (51.6%)"", ""current price below insider VWAP (-6.0%)""]","[""market cap unavailable""]"
2026-05-12 21:31:50,0001628280-26-034240,1871335,MKTW,False,1805651,"MARKETWISE, INC.",MKTW,Class A Common Stock,2026-05-11,P,A,10000.0,18.89,188900.0,"[{""cik"": ""0001871335"", ""name"": ""Stansberry Frank Porter"", ""is_director"": true, ""is_officer"": false, ""is_ten_percent_owner"": true, ""is_other"": false, ""officer_title"": null}]",True,ab5983d1cc4997539e5015e6e7061e6e706724bc31c3e4411f6b7626bc7eb4f0,2026-05-12 21:31:50,Stansberry Frank Porter,"MARKETWISE, INC.",18.059999465942383,437453.7562815349,,0.4318170716047719,-0.0439386201195138,,True,True,True,True,True,20.68000030517578,-0.1266924951919689,5.0,WATCH,"[""purchase value >= $100k ($188,900)"", ""purchase value / ADV60 >= 5% (43.2%)"", ""current price below insider VWAP (-4.4%)""]","[""market cap unavailable""]"
2026-05-12 21:31:50,0001628280-26-034240,1871335,MKTW,False,1805651,"MARKETWISE, INC.",MKTW,Class A Common Stock,2026-05-08,P,A,11000.0,17.15,188650.0,"[{""cik"": ""0001871335"", ""name"": ""Stansberry Frank Porter"", ""is_director"": true, ""is_officer"": false, ""is_ten_percent_owner"": true, ""is_other"": false, ""officer_title"": null}]",True,344493236c805d38a280dadcda1b75bfbb4f2a8f15b899be4d7ce0f6e4cc0ad3,2026-05-12 21:31:50,Stansberry Frank Porter,"MARKETWISE, INC.",18.059999465942383,437453.7562815349,,0.4312455826269996,0.05306119334941,,True,True,True,True,True,20.68000030517578,-0.1266924951919689,5.0,WATCH,"[""purchase value >= $100k ($188,650)"", ""purchase value / ADV60 >= 5% (43.1%)"", ""current price within 15% of insider VWAP (5.3%)""]","[""market cap unavailable""]"
2026-05-12 21:41:59,0001104659-26-059532,1681625,XRN,False,1533615,Chiron Real Estate Inc.,XRN,Common Stock,2026-05-12,P,A,4000.0,33.99,135960.0,"[{""cik"": ""0001681625"", ""name"": ""Decker Mark Okey Jr"", ""is_director"": true, ""is_officer"": true, ""is_ten_percent_owner"": false, ""is_other"": false, ""officer_title"": ""CEO and President""}]",True,c7482c81a6aef6357595918ecd4791228f0cc45ca2335925e5b3bd8a9a10ef4e,2026-05-12 21:41:59,Decker Mark Okey Jr,Chiron Real Estate Inc.,34.11000061035156,4845444.32577769,,0.0280593462351212,0.0035304680891898,,True,False,True,True,False,36.674835205078125,-0.0699344545213233,4.0,WATCH,"[""purchase value >= $100k ($135,960)"", ""purchase value / ADV60 >= 2% (2.8%)"", ""current price within 15% of insider VWAP (0.4%)""]","[""market cap unavailable""]"
2026-05-12 21:44:18,0001104659-26-059537,1533615,XRN,False,1533615,Chiron Real Estate Inc.,XRN,Common Stock,2026-05-11,P,A,3000.0,33.49,100470.0,"[{""cik"": ""0001229248"", ""name"": ""KIERNAN ROBERT J"", ""is_director"": false, ""is_officer"": true, ""is_ten_percent_owner"": false, ""is_other"": false, ""officer_title"": ""CFO and Treasurer""}]",True,09967ff55dac7f256cd07e137830822c4fbf838659340b786a172bd3046dd387,2026-05-12 21:44:18,KIERNAN ROBERT J,Chiron Real Estate Inc.,34.11000061035156,4845444.32577769,,0.0207349405431202,0.0185130071768158,,True,False,True,True,False,36.674835205078125,-0.0699344545213233,4.0,WATCH,"[""purchase value >= $100k ($100,470)"", ""purchase value / ADV60 >= 2% (2.1%)"", ""current price within 15% of insider VWAP (1.9%)""]","[""market cap unavailable""]"
2026-05-12 21:32:07,0001628280-26-034242,2085187,BOBS,False,2085187,"Bob's Discount Furniture, Inc.",BOBS,Common Stock,2026-05-08,P,A,22150.0,13.56,300354.0,"[{""cik"": ""0001055887"", ""name"": ""BARTON WILLIAM G"", ""is_director"": true, ""is_officer"": true, ""is_ten_percent_owner"": false, ""is_other"": false, ""officer_title"": ""See Remarks""}]",True,943e6b68d0dfdd38137e06de01a39542aa34ef9143c2a4b2d633d116d1208fe8,2026-05-12 21:32:07,BARTON WILLIAM G,"Bob's Discount Furniture, Inc.",12.470000267028809,16895611.870719273,,0.0177770418910086,-0.0803834611335687,,False,False,True,False,False,22.530000686645508,-0.4465157617851157,4.0,WATCH,"[""purchase value >= $100k ($300,354)"", ""current price below insider VWAP (-8.0%)"", ""stock down at least 30% from 52w high (-44.7%)""]","[""market cap unavailable""]"
2026-05-13 00:00:02,0001193125-26-220183,1817846,ONT,False,1643615,"Onterris, Inc.",ONT,Common Stock,2026-05-11,P,A,6535.0,15.36,100377.6,"[{""cik"": ""0001817846"", ""name"": ""Dicks Allan"", ""is_director"": false, ""is_officer"": true, ""is_ten_percent_owner"": false, ""is_other"": false, ""officer_title"": ""Chief Financial Officer""}]",True,82afeb1abf1c6fbc03f9e04ed756d8313736a0b4aec4bdcef446ce3c33d79cb4,2026-05-13 00:00:02,Dicks Allan,"Onterris, Inc.",15.600000381469728,9491198.364087803,,0.0105758615666281,0.0156250248352687,,False,False,True,False,False,31.059999465942383,-0.4977462765710833,4.0,WATCH,"[""purchase value >= $100k ($100,378)"", ""current price within 15% of insider VWAP (1.6%)"", ""stock down at least 30% from 52w high (-49.8%)""]","[""market cap unavailable""]"
2026-05-12 22:49:21,0001628280-26-034263,1598873,IBP,False,1580905,"Installed Building Products, Inc.",IBP,"Common Stock, $0.01 par value per share",2026-05-11,P,A,802.0,206.06,165260.12,"[{""cik"": ""0001598873"", ""name"": ""Miller Michael Thomas"", ""is_director"": true, ""is_officer"": true, ""is_ten_percent_owner"": false, ""is_other"": false, ""officer_title"": ""Executive VP & CFO""}]",True,5c0589ba3a26bcfb3b278e95efa4d55e2722b5afd93993a06cee4193eb926d74,2026-05-12 22:49:21,Miller Michael Thomas,"Installed Building Products, Inc.",202.6499938964844,111573948.92425027,,0.0014811712016413,-0.0165486077041425,,False,False,True,False,False,341.4198913574219,-0.4064493633022207,4.0,WATCH,"[""purchase value >= $100k ($165,260)"", ""current price below insider VWAP (-1.7%)"", ""stock down at least 30% from 52w high (-40.6%)""]","[""market cap unavailable""]"
2026-05-12 22:48:14,0001628280-26-034261,2005602,IBP,False,1580905,"Installed Building Products, Inc.",IBP,"Common Stock, $0.01 par value per share",2026-05-11,P,A,716.0,209.13,149737.08,"[{""cik"": ""0002005602"", ""name"": ""Wheeler Brad A"", ""is_director"": false, ""is_officer"": true, ""is_ten_percent_owner"": false, ""is_other"": false, ""officer_title"": ""Chief Operating Officer""}]",True,3831bb9cffd83c70ae57475a4319d0b0a559f55ccf64015e3c2d40d723162143,2026-05-12 22:48:14,Wheeler Brad A,"Installed Building Products, Inc.",202.6499938964844,111573948.92425027,,0.0013420433841743,-0.03098554058966,,False,False,True,False,False,341.4198913574219,-0.4064493633022207,4.0,WATCH,"[""purchase value >= $100k ($149,737)"", ""current price below insider VWAP (-3.1%)"", ""stock down at least 30% from 52w high (-40.6%)""]","[""market cap unavailable""]"
2026-05-12 21:22:51,0001140361-26-020855,1542519,ADMA,False,1368514,"ADMA BIOLOGICS, INC.",ADMA,Common Stock,2026-05-11,P,A,12500.0,8.01,100125.0,"[{""cik"": ""0001542519"", ""name"": ""Grossman Jerrold B"", ""is_director"": true, ""is_officer"": null, ""is_ten_percent_owner"": null, ""is_other"": null, ""officer_title"": null}]",True,380d01042a2cd6d39f12835a467f24974f7e995ea189e7f9081dd764ac395267,2026-05-12 21:22:51,Grossman Jerrold B,"ADMA BIOLOGICS, INC.",8.40999984741211,80709116.62510294,,0.0012405661737704,0.0499375589777915,,False,False,True,False,False,21.8700008392334,-0.61545498286744,4.0,WATCH,"[""purchase value >= $100k ($100,125)"", ""current price within 15% of insider VWAP (5.0%)"", ""stock down at least 30% from 52w high (-61.5%)""]","[""market cap unavailable""]"
2026-05-12 22:49:21,0001628280-26-034263,1598873,IBP,False,1580905,"Installed Building Products, Inc.",IBP,"Common Stock, $0.01 par value per share",2026-05-11,P,A,520.0,205.08,106641.6,"[{""cik"": ""0001598873"", ""name"": ""Miller Michael Thomas"", ""is_director"": true, ""is_officer"": true, ""is_ten_percent_owner"": false, ""is_other"": false, ""officer_title"": ""Executive VP & CFO""}]",True,b15272817a642d288fba760b4379cb3f891b3e4021b242e655a9c921db85463e,2026-05-12 22:49:21,Miller Michael Thomas,"Installed Building Products, Inc.",202.6499938964844,111573948.92425027,,0.0009557930056988,-0.0118490642847456,,False,False,True,False,False,341.4198913574219,-0.4064493633022207,4.0,WATCH,"[""purchase value >= $100k ($106,642)"", ""current price below insider VWAP (-1.2%)"", ""stock down at least 30% from 52w high (-40.6%)""]","[""market cap unavailable""]"
2026-05-12 23:26:43,0001628280-26-034291,1555280,ZTS,False,1555280,Zoetis Inc.,ZTS,Common Stock,2026-05-11,P,A,3000.0,77.7578,233273.4,"[{""cik"": ""0001018657"", ""name"": ""MCCALLISTER MICHAEL B"", ""is_director"": true, ""is_officer"": false, ""is_ten_percent_owner"": false, ""is_other"": false, ""officer_title"": null}]",True,04dd68d1b93ca3a9d95db3e3adc40441e661acf5878e6c405781de7a6723cb75,2026-05-12 23:26:43,MCCALLISTER MICHAEL B,Zoetis Inc.,76.94000244140625,533152859.2339198,,0.0004375356822341,-0.0105172414676566,,False,False,True,False,False,167.69493103027344,-0.5411906491823744,4.0,WATCH,"[""purchase value >= $100k ($233,273)"", ""current price below insider VWAP (-1.1%)"", ""stock down at least 30% from 52w high (-54.1%)""]","[""market cap unavailable""]"
2026-05-12 21:20:18,0001213900-26-055204,2121444,AXIA3,False,1439124,AXIA Energia S.A.,AXIA3,Common Shares,2026-05-08,P,A,1193000.0,11.18,13337740.0,"[{""cik"": ""0002121444"", ""name"": ""Batista de Lima Filho Pedro"", ""is_director"": true, ""is_officer"": false, ""is_ten_percent_owner"": false, ""is_other"": false, ""officer_title"": null}]",True,564d31424746bab3399dc9a2d6497aecca41ac3ad70ae3fffe645da3f899c59b,2026-05-12 21:20:18,Batista de Lima Filho Pedro,AXIA Energia S.A.,,,,,,,False,False,False,False,False,,,1.0,ARCHIVE,"[""purchase value >= $2m ($13,337,740)""]","[""ADV60 unavailable"", ""latest price or insider VWAP unavailable; price gate cannot be verified"", ""52w drawdown unavailable"", ""market cap unavailable""]"
2026-05-12 21:20:18,0001213900-26-055204,2121444,AXIA3,False,1439124,AXIA Energia S.A.,AXIA3,"Class ""B1"" Preferred Shares",2026-05-08,P,A,896100.0,12.29,11013069.0,"[{""cik"": ""0002121444"", ""name"": ""Batista de Lima Filho Pedro"", ""is_director"": true, ""is_officer"": false, ""is_ten_percent_owner"": false, ""is_other"": false, ""officer_title"": null}]",True,b09edcc4cf460366e705d2834a1d1dcb0d7208352c80d54227a2082a49e2d394,2026-05-12 21:20:18,Batista de Lima Filho Pedro,AXIA Energia S.A.,,,,,,,False,False,False,False,False,,,1.0,ARCHIVE,"[""purchase value >= $2m ($11,013,069)""]","[""ADV60 unavailable"", ""latest price or insider VWAP unavailable; price gate cannot be verified"", ""52w drawdown unavailable"", ""market cap unavailable""]"
2026-05-12 21:20:18,0001213900-26-055204,2121444,AXIA3,False,1439124,AXIA Energia S.A.,AXIA3,"Class ""B1"" Preferred Shares",2026-05-08,P,A,859500.0,12.29,10563255.0,"[{""cik"": ""0002121444"", ""name"": ""Batista de Lima Filho Pedro"", ""is_director"": true, ""is_officer"": false, ""is_ten_percent_owner"": false, ""is_other"": false, ""officer_title"": null}]",True,2af1deeb6d5773b2ff7340412d66680b418d18b8ffe77d4a7f37de2aac608c12,2026-05-12 21:20:18,Batista de Lima Filho Pedro,AXIA Energia S.A.,,,,,,,False,False,False,False,False,,,1.0,ARCHIVE,"[""purchase value >= $2m ($10,563,255)""]","[""ADV60 unavailable"", ""latest price or insider VWAP unavailable; price gate cannot be verified"", ""52w drawdown unavailable"", ""market cap unavailable""]"
2026-05-12 21:20:18,0001213900-26-055204,2121444,AXIA3,False,1439124,AXIA Energia S.A.,AXIA3,"Class ""B1"" Preferred Shares",2026-05-08,P,A,618900.0,12.29,7606281.0,"[{""cik"": ""0002121444"", ""name"": ""Batista de Lima Filho Pedro"", ""is_director"": true, ""is_officer"": false, ""is_ten_percent_owner"": false, ""is_other"": false, ""officer_title"": null}]",True,7e285306609f9fb0a16a93a617fa7bf713c7451e05f73282f38cfee1c8a01ed3,2026-05-12 21:20:18,Batista de Lima Filho Pedro,AXIA Energia S.A.,,,,,,,False,False,False,False,False,,,1.0,ARCHIVE,"[""purchase value >= $2m ($7,606,281)""]","[""ADV60 unavailable"", ""latest price or insider VWAP unavailable; price gate cannot be verified"", ""52w drawdown unavailable"", ""market cap unavailable""]"
2026-05-12 21:20:18,0001213900-26-055204,2121444,AXIA3,False,1439124,AXIA Energia S.A.,AXIA3,Common Shares,2026-05-08,P,A,50500.0,11.18,564590.0,"[{""cik"": ""0002121444"", ""name"": ""Batista de Lima Filho Pedro"", ""is_director"": true, ""is_officer"": false, ""is_ten_percent_owner"": false, ""is_other"": false, ""officer_title"": null}]",True,c652a5b2f729048dd61d677b2550ef5449e6d98bcc7ce843fd2c585776a06fa2,2026-05-12 21:20:18,Batista de Lima Filho Pedro,AXIA Energia S.A.,,,,,,,False,False,False,False,False,,,-1.0,ARCHIVE,"[""purchase value >= $100k ($564,590)""]","[""ADV60 unavailable"", ""latest price or insider VWAP unavailable; price gate cannot be verified"", ""52w drawdown unavailable"", ""market cap unavailable""]"
2026-05-12 21:20:18,0001213900-26-055204,2121444,AXIA3,False,1439124,AXIA Energia S.A.,AXIA3,Common Shares,2026-05-08,P,A,38500.0,11.18,430430.0,"[{""cik"": ""0002121444"", ""name"": ""Batista de Lima Filho Pedro"", ""is_director"": true, ""is_officer"": false, ""is_ten_percent_owner"": false, ""is_other"": false, ""officer_title"": null}]",True,a68b1e057ff0a40f70b347fa52aa4e4e315dcd6c822e2e9ee0c4ccd4ce91513b,2026-05-12 21:20:18,Batista de Lima Filho Pedro,AXIA Energia S.A.,,,,,,,False,False,False,False,False,,,-1.0,ARCHIVE,"[""purchase value >= $100k ($430,430)""]","[""ADV60 unavailable"", ""latest price or insider VWAP unavailable; price gate cannot be verified"", ""52w drawdown unavailable"", ""market cap unavailable""]"
2026-05-13 21:45:56,0001231919-26-000491,1883840,ARTV,False,1817241,"Artiva Biotherapeutics, Inc.",ARTV,Common Stock,2026-05-11,P,A,6510416.0,11.52,74999992.32,"[{""cik"": ""0001346824"", ""name"": ""RA CAPITAL MANAGEMENT, L.P."", ""is_director"": true, ""is_officer"": false, ""is_ten_percent_owner"": true, ""is_other"": false, ""officer_title"": null}, {""cik"": ""0001315082"", ""name"": ""RA Capital Healthcare Fund LP"", ""is_director"": true, ""is_officer"": false, ""is_ten_percent_owner"": true, ""is_other"": false, ""officer_title"": null}, {""cik"": ""0001780117"", ""name"": ""RA Capital Nexus Fund, L.P."", ""is_director"": true, ""is_officer"": false, ""is_ten_percent_owner"": false, ""is_other"": false, ""officer_title"": null}, {""cik"": ""0001883840"", ""name"": ""RA Capital Nexus Fund III, L.P."", ""is_director"": true, ""is_officer"": false, ""is_ten_percent_owner"": false, ""is_other"": false, ""officer_title"": null}, {""cik"": ""0001384859"", ""name"": ""Kolchinsky Peter"", ""is_director"": true, ""is_officer"": false, ""is_ten_percent_owner"": true, ""is_other"": false, ""officer_title"": null}, {""cik"": ""0001619841"", ""name"": ""Shah Rajeev M."", ""is_director"": true, ""is_officer"": false, ""is_ten_percent_owner"": true, ""is_other"": false, ""officer_title"": null}]",True,13275664a8c6f51599be477f46ccd2b3d4d2157b31ea6712240fd6c1cab2119d,2026-05-13 21:45:56,"Kolchinsky Peter; RA CAPITAL MANAGEMENT, L.P.; RA Capital Healthcare Fund LP; RA Capital Nexus Fund III, L.P.; RA Capital Nexus Fund, L.P.; Shah Rajeev M.","Artiva Biotherapeutics, Inc.",10.5,3262873.8240597723,,22.98586962418381,-0.0885416666666666,,True,True,True,True,True,13.390000343322754,-0.2158327310845755,8.0,ALERT,"[""purchase value >= $2m ($74,999,992)"", ""purchase value / ADV60 >= 5% (2298.6%)"", ""current price below insider VWAP (-8.9%)"", ""stock down at least 15% from 52w high (-21.6%)""]","[""market cap unavailable""]"
2026-05-14 00:19:20,0001193125-26-222296,2022286,BLND,False,1855747,"Blend Labs, Inc.",BLND,Class A Common Stock,2026-05-13,P,A,1296924.0,1.4392,1866533.0208,"[{""cik"": ""0002022284"", ""name"": ""Haveli Investments, L.P."", ""is_director"": true, ""is_officer"": false, ""is_ten_percent_owner"": true, ""is_other"": false, ""officer_title"": null}, {""cik"": ""0002022121"", ""name"": ""Haveli Brooks Aggregator, L.P."", ""is_director"": true, ""is_officer"": false, ""is_ten_percent_owner"": true, ""is_other"": false, ""officer_title"": null}, {""cik"": ""0002022122"", ""name"": ""Haveli Investments Software Fund I GP, LLC"", ""is_director"": true, ""is_officer"": false, ""is_ten_percent_owner"": true, ""is_other"": false, ""officer_title"": null}, {""cik"": ""0002022117"", ""name"": ""Haveli Software Management LLC"", ""is_director"": true, ""is_officer"": false, ""is_ten_percent_owner"": true, ""is_other"": false, ""officer_title"": null}, {""cik"": ""0002022286"", ""name"": ""Haveli Investment Management LLC"", ""is_director"": true, ""is_officer"": false, ""is_ten_percent_owner"": true, ""is_other"": false, ""officer_title"": null}, {""cik"": ""0002022120"", ""name"": ""Whanau Interests LLC"", ""is_director"": true, ""is_officer"": false, ""is_ten_percent_owner"": true, ""is_other"": false, ""officer_title"": null}, {""cik"": ""0001782665"", ""name"": ""SHETH BRIAN NIRANJAN"", ""is_director"": true, ""is_officer"": false, ""is_ten_percent_owner"": true, ""is_other"": false, ""officer_title"": null}]",True,d0814254e8c1a3a914f9a3f4c5da42013dc94fc13350402436c6369d8e4ce94c,2026-05-14 00:19:20,"Haveli Brooks Aggregator, L.P.; Haveli Investment Management LLC; Haveli Investments Software Fund I GP, LLC; Haveli Investments, L.P.; Haveli Software Management LLC; SHETH BRIAN NIRANJAN; Whanau Interests LLC","Blend Labs, Inc.",1.4600000381469729,6078216.256507691,,0.3070856550721738,0.0144525001021209,,True,True,True,True,True,4.369999885559082,-0.6659038726816384,8.0,ALERT,"[""purchase value >= $1m ($1,866,533)"", ""purchase value / ADV60 >= 5% (30.7%)"", ""current price within 15% of insider VWAP (1.4%)"", ""stock down at least 30% from 52w high (-66.6%)""]","[""market cap unavailable""]"
2026-05-14 00:19:20,0001193125-26-222296,2022286,BLND,False,1855747,"Blend Labs, Inc.",BLND,Class A Common Stock,2026-05-11,P,A,395915.0,1.4073,557171.1795,"[{""cik"": ""0002022284"", ""name"": ""Haveli Investments, L.P."", ""is_director"": true, ""is_officer"": false, ""is_ten_percent_owner"": true, ""is_other"": false, ""officer_title"": null}, {""cik"": ""0002022121"", ""name"": ""Haveli Brooks Aggregator, L.P."", ""is_director"": true, ""is_officer"": false, ""is_ten_percent_owner"": true, ""is_other"": false, ""officer_title"": null}, {""cik"": ""0002022122"", ""name"": ""Haveli Investments Software Fund I GP, LLC"", ""is_director"": true, ""is_officer"": false, ""is_ten_percent_owner"": true, ""is_other"": false, ""officer_title"": null}, {""cik"": ""0002022117"", ""name"": ""Haveli Software Management LLC"", ""is_director"": true, ""is_officer"": false, ""is_ten_percent_owner"": true, ""is_other"": false, ""officer_title"": null}, {""cik"": ""0002022286"", ""name"": ""Haveli Investment Management LLC"", ""is_director"": true, ""is_officer"": false, ""is_ten_percent_owner"": true, ""is_other"": false, ""officer_title"": null}, {""cik"": ""0002022120"", ""name"": ""Whanau Interests LLC"", ""is_director"": true, ""is_officer"": false, ""is_ten_percent_owner"": true, ""is_other"": false, ""officer_title"": null}, {""cik"": ""0001782665"", ""name"": ""SHETH BRIAN NIRANJAN"", ""is_director"": true, ""is_officer"": false, ""is_ten_percent_owner"": true, ""is_other"": false, ""officer_title"": null}]",True,0e85e3e7b8415c0513e74451620b272e26740fff8ff1c07f03e93b9bcb3d4877,2026-05-14 00:19:20,"Haveli Brooks Aggregator, L.P.; Haveli Investment Management LLC; Haveli Investments Software Fund I GP, LLC; Haveli Investments, L.P.; Haveli Software Management LLC; SHETH BRIAN NIRANJAN; Whanau Interests LLC","Blend Labs, Inc.",1.4600000381469729,6078216.256507691,,0.0916668897562603,0.0374476217913541,,True,True,True,True,True,4.369999885559082,-0.6659038726816384,7.0,ALERT,"[""purchase value >= $100k ($557,171)"", ""purchase value / ADV60 >= 5% (9.2%)"", ""current price within 15% of insider VWAP (3.7%)"", ""stock down at least 30% from 52w high (-66.6%)""]","[""market cap unavailable""]"
2026-05-13 21:57:36,0001193125-26-222083,1837014,SMRT,False,1837014,"SmartRent, Inc.",SMRT,Class A Common Stock,2026-05-12,P,A,100000.0,1.1785,117850.0,"[{""cik"": ""0001387655"", ""name"": ""Martell Frank"", ""is_director"": true, ""is_officer"": true, ""is_ten_percent_owner"": false, ""is_other"": false, ""officer_title"": ""Chief Executive Officer""}]",True,87e39c059f5663e2a43b8c9cc294db10c53f2a01fd399d00ef2b14171d7cba9f,2026-05-13 21:57:36,Martell Frank,"SmartRent, Inc.",1.1100000143051147,1403536.3502085905,,0.0839664750987641,-0.0581247226940053,,True,True,True,True,True,2.119999885559082,-0.4764150593279924,7.0,ALERT,"[""purchase value >= $100k ($117,850)"", ""purchase value / ADV60 >= 5% (8.4%)"", ""current price below insider VWAP (-5.8%)"", ""stock down at least 30% from 52w high (-47.6%)""]","[""market cap unavailable""]"
2026-05-14 00:19:20,0001193125-26-222296,2022286,BLND,False,1855747,"Blend Labs, Inc.",BLND,Class A Common Stock,2026-05-12,P,A,258796.0,1.4138,365885.7848,"[{""cik"": ""0002022284"", ""name"": ""Haveli Investments, L.P."", ""is_director"": true, ""is_officer"": false, ""is_ten_percent_owner"": true, ""is_other"": false, ""officer_title"": null}, {""cik"": ""0002022121"", ""name"": ""Haveli Brooks Aggregator, L.P."", ""is_director"": true, ""is_officer"": false, ""is_ten_percent_owner"": true, ""is_other"": false, ""officer_title"": null}, {""cik"": ""0002022122"", ""name"": ""Haveli Investments Software Fund I GP, LLC"", ""is_director"": true, ""is_officer"": false, ""is_ten_percent_owner"": true, ""is_other"": false, ""officer_title"": null}, {""cik"": ""0002022117"", ""name"": ""Haveli Software Management LLC"", ""is_director"": true, ""is_officer"": false, ""is_ten_percent_owner"": true, ""is_other"": false, ""officer_title"": null}, {""cik"": ""0002022286"", ""name"": ""Haveli Investment Management LLC"", ""is_director"": true, ""is_officer"": false, ""is_ten_percent_owner"": true, ""is_other"": false, ""officer_title"": null}, {""cik"": ""0002022120"", ""name"": ""Whanau Interests LLC"", ""is_director"": true, ""is_officer"": false, ""is_ten_percent_owner"": true, ""is_other"": false, ""officer_title"": null}, {""cik"": ""0001782665"", ""name"": ""SHETH BRIAN NIRANJAN"", ""is_director"": true, ""is_officer"": false, ""is_ten_percent_owner"": true, ""is_other"": false, ""officer_title"": null}]",True,ca30f5feafc168bd1deac8e608801d670804744ed6d02656c91a7f44603971bc,2026-05-14 00:19:20,"Haveli Brooks Aggregator, L.P.; Haveli Investment Management LLC; Haveli Investments Software Fund I GP, LLC; Haveli Investments, L.P.; Haveli Software Management LLC; SHETH BRIAN NIRANJAN; Whanau Interests LLC","Blend Labs, Inc.",1.4600000381469729,6078216.256507691,,0.0601962433317935,0.0326779163580228,,True,True,True,True,True,4.369999885559082,-0.6659038726816384,7.0,ALERT,"[""purchase value >= $100k ($365,886)"", ""purchase value / ADV60 >= 5% (6.0%)"", ""current price within 15% of insider VWAP (3.3%)"", ""stock down at least 30% from 52w high (-66.6%)""]","[""market cap unavailable""]"
2026-05-13 21:12:05,0001021771-26-000070,1591561,KINS,False,33992,"KINGSTONE COMPANIES, INC.",KINS,Common Stock,2026-05-12,P,A,15301.0,14.52,222170.52,"[{""cik"": ""0001591561"", ""name"": ""Newgarden Thomas"", ""is_director"": true, ""is_officer"": false, ""is_ten_percent_owner"": false, ""is_other"": false, ""officer_title"": null}]",True,f976eb87677a370f2d11e2cf66bdcac8ec95d27533b143f37541039f637592f6,2026-05-13 21:12:05,Newgarden Thomas,"KINGSTONE COMPANIES, INC.",14.15999984741211,1961559.7251804988,,0.1132621745583384,-0.0247933989385599,,True,True,True,True,True,18.57990837097168,-0.2378864542983976,6.0,WATCH,"[""purchase value >= $100k ($222,171)"", ""purchase value / ADV60 >= 5% (11.3%)"", ""current price below insider VWAP (-2.5%)"", ""stock down at least 15% from 52w high (-23.8%)""]","[""market cap unavailable""]"
2026-05-13 21:12:05,0001021771-26-000070,1591561,KINS,False,33992,"KINGSTONE COMPANIES, INC.",KINS,Common Stock,2026-05-13,P,A,15201.0,14.36,218286.36,"[{""cik"": ""0001591561"", ""name"": ""Newgarden Thomas"", ""is_director"": true, ""is_officer"": false, ""is_ten_percent_owner"": false, ""is_other"": false, ""officer_title"": null}]",True,753a5cce2d6e687e670fd44256d97e3f8fcd0d3221672b9c60aa995e061236e4,2026-05-13 21:12:05,Newgarden Thomas,"KINGSTONE COMPANIES, INC.",14.15999984741211,1961559.7251804988,,0.1112820360236106,-0.0139275872275689,,True,True,True,True,True,18.57990837097168,-0.2378864542983976,6.0,WATCH,"[""purchase value >= $100k ($218,286)"", ""purchase value / ADV60 >= 5% (11.1%)"", ""current price below insider VWAP (-1.4%)"", ""stock down at least 15% from 52w high (-23.8%)""]","[""market cap unavailable""]"
2026-05-13 21:34:14,0001193125-26-222021,2112742,TSLX,False,1508655,"Sixth Street Specialty Lending, Inc.",TSLX,Common Stock,2026-05-11,P,A,8000.0,17.76,142080.0,"[{""cik"": ""0002112742"", ""name"": ""Bruck Ross Anthony"", ""is_director"": false, ""is_officer"": true, ""is_ten_percent_owner"": false, ""is_other"": false, ""officer_title"": ""Vice President""}]",True,facc2191bf83f78d28bed6519488694043725f9179ad578e5e1f2df6f5599a86,2026-05-13 21:34:14,Bruck Ross Anthony,"Sixth Street Specialty Lending, Inc.",17.350000381469727,19189358.582734395,,0.0074041036539822,-0.0230855641064343,,False,False,True,False,False,23.413663864135746,-0.2589796931335523,3.0,ARCHIVE,"[""purchase value >= $100k ($142,080)"", ""current price below insider VWAP (-2.3%)"", ""stock down at least 15% from 52w high (-25.9%)""]","[""market cap unavailable""]"
2026-05-15 00:21:50,0000950142-26-001404,2085145,ALKT,False,1529274,"ALKAMI TECHNOLOGY, INC.",ALKT,"Common Stock, par value $0.001 per share (""Common Stock"")",2026-05-12,P,A,750000.0,16.87,12652500.0,"[{""cik"": ""0001467927"", ""name"": ""GENERAL ATLANTIC GENPAR (BERMUDA), L.P."", ""is_director"": true, ""is_officer"": false, ""is_ten_percent_owner"": true, ""is_other"": false, ""officer_title"": null}, {""cik"": ""0001406817"", ""name"": ""GAP (Bermuda) L.P."", ""is_director"": true, ""is_officer"": false, ""is_ten_percent_owner"": true, ""is_other"": false, ""officer_title"": null}, {""cik"": ""0001356474"", ""name"": ""GAP Coinvestments CDA, L.P."", ""is_director"": true, ""is_officer"": false, ""is_ten_percent_owner"": true, ""is_other"": false, ""officer_title"": null}, {""cik"": ""0001857019"", ""name"": ""General Atlantic (AL), L.P."", ""is_director"": true, ""is_officer"": false, ""is_ten_percent_owner"": true, ""is_other"": false, ""officer_title"": null}, {""cik"": ""0002085145"", ""name"": ""General Atlantic (AL) SPV, L.P."", ""is_director"": true, ""is_officer"": false, ""is_ten_percent_owner"": true, ""is_other"": false, ""officer_title"": null}, {""cik"": ""0001793940"", ""name"": ""General Atlantic (SPV) GP, LLC"", ""is_director"": true, ""is_officer"": false, ""is_ten_percent_owner"": true, ""is_other"": false, ""officer_title"": null}, {""cik"": ""0002080591"", ""name"": ""GA AL Holding, L.P."", ""is_director"": true, ""is_officer"": false, ""is_ten_percent_owner"": true, ""is_other"": false, ""officer_title"": null}, {""cik"": ""0001704977"", ""name"": ""General Atlantic Partners (Bermuda) IV, L.P."", ""is_director"": true, ""is_officer"": false, ""is_ten_percent_owner"": true, ""is_other"": false, ""officer_title"": null}, {""cik"": ""0001955839"", ""name"": ""General Atlantic (SPV) GP (Bermuda), LLC"", ""is_director"": true, ""is_officer"": false, ""is_ten_percent_owner"": true, ""is_other"": false, ""officer_title"": null}]",True,67557d42734560a085ffe9c909aeb6b96157fc353d2534687d8ee91b4d589743,2026-05-15 00:21:50,"GA AL Holding, L.P.; GAP (Bermuda) L.P.; GAP Coinvestments CDA, L.P.; GENERAL ATLANTIC GENPAR (BERMUDA), L.P.; General Atlantic (AL) SPV, L.P.; General Atlantic (AL), L.P.; General Atlantic (SPV) GP (Bermuda), LLC; General Atlantic (SPV) GP, LLC; General Atlantic Partners (Bermuda) IV, L.P.","ALKAMI TECHNOLOGY, INC.",16.6200008392334,32797281.116965484,,0.3857789295056862,-0.0148191559434855,,True,True,True,True,True,30.88999938964844,-0.4619617621357761,9.0,ALERT,"[""purchase value >= $2m ($12,652,500)"", ""purchase value / ADV60 >= 5% (38.6%)"", ""current price below insider VWAP (-1.5%)"", ""stock down at least 30% from 52w high (-46.2%)""]","[""market cap unavailable""]"
2026-05-15 00:19:46,0000950142-26-001403,1858361,ALKT,False,1529274,"ALKAMI TECHNOLOGY, INC.",ALKT,"Common Stock, par value $0.001 per share (""Common Stock"")",2026-05-12,P,A,750000.0,16.87,12652500.0,"[{""cik"": ""0001017645"", ""name"": ""GENERAL ATLANTIC, L.P."", ""is_director"": true, ""is_officer"": false, ""is_ten_percent_owner"": true, ""is_other"": false, ""officer_title"": null}, {""cik"": ""0001467926"", ""name"": ""GENERAL ATLANTIC GENPAR, L.P."", ""is_director"": true, ""is_officer"": false, ""is_ten_percent_owner"": true, ""is_other"": false, ""officer_title"": null}, {""cik"": ""0001704892"", ""name"": ""General Atlantic Partners 100, L.P."", ""is_director"": true, ""is_officer"": false, ""is_ten_percent_owner"": true, ""is_other"": false, ""officer_title"": null}, {""cik"": ""0001282203"", ""name"": ""GAP COINVESTMENTS III, LLC"", ""is_director"": true, ""is_officer"": false, ""is_ten_percent_owner"": true, ""is_other"": false, ""officer_title"": null}, {""cik"": ""0001282372"", ""name"": ""GAP COINVESTMENTS IV, LLC"", ""is_director"": true, ""is_officer"": false, ""is_ten_percent_owner"": true, ""is_other"": false, ""officer_title"": null}, {""cik"": ""0001793941"", ""name"": ""GAP Coinvestments V, LLC"", ""is_director"": true, ""is_officer"": false, ""is_ten_percent_owner"": true, ""is_other"": false, ""officer_title"": null}, {""cik"": ""0001701754"", ""name"": ""General Atlantic Partners (Bermuda) EU, L.P."", ""is_director"": true, ""is_officer"": false, ""is_ten_percent_owner"": true, ""is_other"": false, ""officer_title"": null}, {""cik"": ""0001795410"", ""name"": ""General Atlantic Partners (Lux), SCSp"", ""is_director"": true, ""is_officer"": false, ""is_ten_percent_owner"": true, ""is_other"": false, ""officer_title"": null}, {""cik"": ""0001858361"", ""name"": ""General Atlantic (Lux) S.a r.l."", ""is_director"": true, ""is_officer"": false, ""is_ten_percent_owner"": true, ""is_other"": false, ""officer_title"": null}, {""cik"": ""0001857517"", ""name"": ""General Atlantic GenPar (Lux) SCSp"", ""is_director"": true, ""is_officer"": false, ""is_ten_percent_owner"": true, ""is_other"": false, ""officer_title"": null}]",True,5b098891b5a5214dfd28fa72c2a2294af44561912b8254e33bfb540e3d6e75ff,2026-05-15 00:19:46,"GAP COINVESTMENTS III, LLC; GAP COINVESTMENTS IV, LLC; GAP Coinvestments V, LLC; GENERAL ATLANTIC GENPAR, L.P.; GENERAL ATLANTIC, L.P.; General Atlantic (Lux) S.a r.l.; General Atlantic GenPar (Lux) SCSp; General Atlantic Partners (Bermuda) EU, L.P.; General Atlantic Partners (Lux), SCSp; General Atlantic Partners 100, L.P.","ALKAMI TECHNOLOGY, INC.",16.6200008392334,32797281.116965484,,0.3857789295056862,-0.0148191559434855,,True,True,True,True,True,30.88999938964844,-0.4619617621357761,9.0,ALERT,"[""purchase value >= $2m ($12,652,500)"", ""purchase value / ADV60 >= 5% (38.6%)"", ""current price below insider VWAP (-1.5%)"", ""stock down at least 30% from 52w high (-46.2%)""]","[""market cap unavailable""]"
2026-05-15 00:21:50,0000950142-26-001404,2085145,ALKT,False,1529274,"ALKAMI TECHNOLOGY, INC.",ALKT,Common Stock,2026-05-14,P,A,675000.0,16.49,11130750.0,"[{""cik"": ""0001467927"", ""name"": ""GENERAL ATLANTIC GENPAR (BERMUDA), L.P."", ""is_director"": true, ""is_officer"": false, ""is_ten_percent_owner"": true, ""is_other"": false, ""officer_title"": null}, {""cik"": ""0001406817"", ""name"": ""GAP (Bermuda) L.P."", ""is_director"": true, ""is_officer"": false, ""is_ten_percent_owner"": true, ""is_other"": false, ""officer_title"": null}, {""cik"": ""0001356474"", ""name"": ""GAP Coinvestments CDA, L.P."", ""is_director"": true, ""is_officer"": false, ""is_ten_percent_owner"": true, ""is_other"": false, ""officer_title"": null}, {""cik"": ""0001857019"", ""name"": ""General Atlantic (AL), L.P."", ""is_director"": true, ""is_officer"": false, ""is_ten_percent_owner"": true, ""is_other"": false, ""officer_title"": null}, {""cik"": ""0002085145"", ""name"": ""General Atlantic (AL) SPV, L.P."", ""is_director"": true, ""is_officer"": false, ""is_ten_percent_owner"": true, ""is_other"": false, ""officer_title"": null}, {""cik"": ""0001793940"", ""name"": ""General Atlantic (SPV) GP, LLC"", ""is_director"": true, ""is_officer"": false, ""is_ten_percent_owner"": true, ""is_other"": false, ""officer_title"": null}, {""cik"": ""0002080591"", ""name"": ""GA AL Holding, L.P."", ""is_director"": true, ""is_officer"": false, ""is_ten_percent_owner"": true, ""is_other"": false, ""officer_title"": null}, {""cik"": ""0001704977"", ""name"": ""General Atlantic Partners (Bermuda) IV, L.P."", ""is_director"": true, ""is_officer"": false, ""is_ten_percent_owner"": true, ""is_other"": false, ""officer_title"": null}, {""cik"": ""0001955839"", ""name"": ""General Atlantic (SPV) GP (Bermuda), LLC"", ""is_director"": true, ""is_officer"": false, ""is_ten_percent_owner"": true, ""is_other"": false, ""officer_title"": null}]",True,cafadab0ab5ac0884af87191a52225e0fbb1a3d4499f6d9027ffee1e24cdda02,2026-05-15 00:21:50,"GA AL Holding, L.P.; GAP (Bermuda) L.P.; GAP Coinvestments CDA, L.P.; GENERAL ATLANTIC GENPAR (BERMUDA), L.P.; General Atlantic (AL) SPV, L.P.; General Atlantic (AL), L.P.; General Atlantic (SPV) GP (Bermuda), LLC; General Atlantic (SPV) GP, LLC; General Atlantic Partners (Bermuda) IV, L.P.","ALKAMI TECHNOLOGY, INC.",16.6200008392334,32797281.116965484,,0.339380266318547,0.0078836166909277,,True,True,True,True,True,30.88999938964844,-0.4619617621357761,9.0,ALERT,"[""purchase value >= $2m ($11,130,750)"", ""purchase value / ADV60 >= 5% (33.9%)"", ""current price within 15% of insider VWAP (0.8%)"", ""stock down at least 30% from 52w high (-46.2%)""]","[""market cap unavailable""]"
2026-05-15 00:19:46,0000950142-26-001403,1858361,ALKT,False,1529274,"ALKAMI TECHNOLOGY, INC.",ALKT,Common Stock,2026-05-14,P,A,675000.0,16.49,11130750.0,"[{""cik"": ""0001017645"", ""name"": ""GENERAL ATLANTIC, L.P."", ""is_director"": true, ""is_officer"": false, ""is_ten_percent_owner"": true, ""is_other"": false, ""officer_title"": null}, {""cik"": ""0001467926"", ""name"": ""GENERAL ATLANTIC GENPAR, L.P."", ""is_director"": true, ""is_officer"": false, ""is_ten_percent_owner"": true, ""is_other"": false, ""officer_title"": null}, {""cik"": ""0001704892"", ""name"": ""General Atlantic Partners 100, L.P."", ""is_director"": true, ""is_officer"": false, ""is_ten_percent_owner"": true, ""is_other"": false, ""officer_title"": null}, {""cik"": ""0001282203"", ""name"": ""GAP COINVESTMENTS III, LLC"", ""is_director"": true, ""is_officer"": false, ""is_ten_percent_owner"": true, ""is_other"": false, ""officer_title"": null}, {""cik"": ""0001282372"", ""name"": ""GAP COINVESTMENTS IV, LLC"", ""is_director"": true, ""is_officer"": false, ""is_ten_percent_owner"": true, ""is_other"": false, ""officer_title"": null}, {""cik"": ""0001793941"", ""name"": ""GAP Coinvestments V, LLC"", ""is_director"": true, ""is_officer"": false, ""is_ten_percent_owner"": true, ""is_other"": false, ""officer_title"": null}, {""cik"": ""0001701754"", ""name"": ""General Atlantic Partners (Bermuda) EU, L.P."", ""is_director"": true, ""is_officer"": false, ""is_ten_percent_owner"": true, ""is_other"": false, ""officer_title"": null}, {""cik"": ""0001795410"", ""name"": ""General Atlantic Partners (Lux), SCSp"", ""is_director"": true, ""is_officer"": false, ""is_ten_percent_owner"": true, ""is_other"": false, ""officer_title"": null}, {""cik"": ""0001858361"", ""name"": ""General Atlantic (Lux) S.a r.l."", ""is_director"": true, ""is_officer"": false, ""is_ten_percent_owner"": true, ""is_other"": false, ""officer_title"": null}, {""cik"": ""0001857517"", ""name"": ""General Atlantic GenPar (Lux) SCSp"", ""is_director"": true, ""is_officer"": false, ""is_ten_percent_owner"": true, ""is_other"": false, ""officer_title"": null}]",True,52f92a9aa274593558a293a4516d83185bb721570e8d2715f1154bf9d85adc5a,2026-05-15 00:19:46,"GAP COINVESTMENTS III, LLC; GAP COINVESTMENTS IV, LLC; GAP Coinvestments V, LLC; GENERAL ATLANTIC GENPAR, L.P.; GENERAL ATLANTIC, L.P.; General Atlantic (Lux) S.a r.l.; General Atlantic GenPar (Lux) SCSp; General Atlantic Partners (Bermuda) EU, L.P.; General Atlantic Partners (Lux), SCSp; General Atlantic Partners 100, L.P.","ALKAMI TECHNOLOGY, INC.",16.6200008392334,32797281.116965484,,0.339380266318547,0.0078836166909277,,True,True,True,True,True,30.88999938964844,-0.4619617621357761,9.0,ALERT,"[""purchase value >= $2m ($11,130,750)"", ""purchase value / ADV60 >= 5% (33.9%)"", ""current price within 15% of insider VWAP (0.8%)"", ""stock down at least 30% from 52w high (-46.2%)""]","[""market cap unavailable""]"
2026-05-15 00:21:50,0000950142-26-001404,2085145,ALKT,False,1529274,"ALKAMI TECHNOLOGY, INC.",ALKT,Common Stock,2026-05-13,P,A,550000.0,16.63,9146500.0,"[{""cik"": ""0001467927"", ""name"": ""GENERAL ATLANTIC GENPAR (BERMUDA), L.P."", ""is_director"": true, ""is_officer"": false, ""is_ten_percent_owner"": true, ""is_other"": false, ""officer_title"": null}, {""cik"": ""0001406817"", ""name"": ""GAP (Bermuda) L.P."", ""is_director"": true, ""is_officer"": false, ""is_ten_percent_owner"": true, ""is_other"": false, ""officer_title"": null}, {""cik"": ""0001356474"", ""name"": ""GAP Coinvestments CDA, L.P."", ""is_director"": true, ""is_officer"": false, ""is_ten_percent_owner"": true, ""is_other"": false, ""officer_title"": null}, {""cik"": ""0001857019"", ""name"": ""General Atlantic (AL), L.P."", ""is_director"": true, ""is_officer"": false, ""is_ten_percent_owner"": true, ""is_other"": false, ""officer_title"": null}, {""cik"": ""0002085145"", ""name"": ""General Atlantic (AL) SPV, L.P."", ""is_director"": true, ""is_officer"": false, ""is_ten_percent_owner"": true, ""is_other"": false, ""officer_title"": null}, {""cik"": ""0001793940"", ""name"": ""General Atlantic (SPV) GP, LLC"", ""is_director"": true, ""is_officer"": false, ""is_ten_percent_owner"": true, ""is_other"": false, ""officer_title"": null}, {""cik"": ""0002080591"", ""name"": ""GA AL Holding, L.P."", ""is_director"": true, ""is_officer"": false, ""is_ten_percent_owner"": true, ""is_other"": false, ""officer_title"": null}, {""cik"": ""0001704977"", ""name"": ""General Atlantic Partners (Bermuda) IV, L.P."", ""is_director"": true, ""is_officer"": false, ""is_ten_percent_owner"": true, ""is_other"": false, ""officer_title"": null}, {""cik"": ""0001955839"", ""name"": ""General Atlantic (SPV) GP (Bermuda), LLC"", ""is_director"": true, ""is_officer"": false, ""is_ten_percent_owner"": true, ""is_other"": false, ""officer_title"": null}]",True,a4ceeca2bbd1c296622d577332ed5de27532097181c451812887a84ac83f351b,2026-05-15 00:21:50,"GA AL Holding, L.P.; GAP (Bermuda) L.P.; GAP Coinvestments CDA, L.P.; GENERAL ATLANTIC GENPAR (BERMUDA), L.P.; General Atlantic (AL) SPV, L.P.; General Atlantic (AL), L.P.; General Atlantic (SPV) GP (Bermuda), LLC; General Atlantic (SPV) GP, LLC; General Atlantic Partners (Bermuda) IV, L.P.","ALKAMI TECHNOLOGY, INC.",16.6200008392334,32797281.116965484,,0.2788798244397359,-0.0006012724453758,,True,True,True,True,True,30.88999938964844,-0.4619617621357761,9.0,ALERT,"[""purchase value >= $2m ($9,146,500)"", ""purchase value / ADV60 >= 5% (27.9%)"", ""current price below insider VWAP (-0.1%)"", ""stock down at least 30% from 52w high (-46.2%)""]","[""market cap unavailable""]"
2026-05-15 00:19:46,0000950142-26-001403,1858361,ALKT,False,1529274,"ALKAMI TECHNOLOGY, INC.",ALKT,Common Stock,2026-05-13,P,A,550000.0,16.63,9146500.0,"[{""cik"": ""0001017645"", ""name"": ""GENERAL ATLANTIC, L.P."", ""is_director"": true, ""is_officer"": false, ""is_ten_percent_owner"": true, ""is_other"": false, ""officer_title"": null}, {""cik"": ""0001467926"", ""name"": ""GENERAL ATLANTIC GENPAR, L.P."", ""is_director"": true, ""is_officer"": false, ""is_ten_percent_owner"": true, ""is_other"": false, ""officer_title"": null}, {""cik"": ""0001704892"", ""name"": ""General Atlantic Partners 100, L.P."", ""is_director"": true, ""is_officer"": false, ""is_ten_percent_owner"": true, ""is_other"": false, ""officer_title"": null}, {""cik"": ""0001282203"", ""name"": ""GAP COINVESTMENTS III, LLC"", ""is_director"": true, ""is_officer"": false, ""is_ten_percent_owner"": true, ""is_other"": false, ""officer_title"": null}, {""cik"": ""0001282372"", ""name"": ""GAP COINVESTMENTS IV, LLC"", ""is_director"": true, ""is_officer"": false, ""is_ten_percent_owner"": true, ""is_other"": false, ""officer_title"": null}, {""cik"": ""0001793941"", ""name"": ""GAP Coinvestments V, LLC"", ""is_director"": true, ""is_officer"": false, ""is_ten_percent_owner"": true, ""is_other"": false, ""officer_title"": null}, {""cik"": ""0001701754"", ""name"": ""General Atlantic Partners (Bermuda) EU, L.P."", ""is_director"": true, ""is_officer"": false, ""is_ten_percent_owner"": true, ""is_other"": false, ""officer_title"": null}, {""cik"": ""0001795410"", ""name"": ""General Atlantic Partners (Lux), SCSp"", ""is_director"": true, ""is_officer"": false, ""is_ten_percent_owner"": true, ""is_other"": false, ""officer_title"": null}, {""cik"": ""0001858361"", ""name"": ""General Atlantic (Lux) S.a r.l."", ""is_director"": true, ""is_officer"": false, ""is_ten_percent_owner"": true, ""is_other"": false, ""officer_title"": null}, {""cik"": ""0001857517"", ""name"": ""General Atlantic GenPar (Lux) SCSp"", ""is_director"": true, ""is_officer"": false, ""is_ten_percent_owner"": true, ""is_other"": false, ""officer_title"": null}]",True,69d1808d77a5a259988ae43ab544fe34cfdec7de4fd0e410023b9507085823f6,2026-05-15 00:19:46,"GAP COINVESTMENTS III, LLC; GAP COINVESTMENTS IV, LLC; GAP Coinvestments V, LLC; GENERAL ATLANTIC GENPAR, L.P.; GENERAL ATLANTIC, L.P.; General Atlantic (Lux) S.a r.l.; General Atlantic GenPar (Lux) SCSp; General Atlantic Partners (Bermuda) EU, L.P.; General Atlantic Partners (Lux), SCSp; General Atlantic Partners 100, L.P.","ALKAMI TECHNOLOGY, INC.",16.6200008392334,32797281.116965484,,0.2788798244397359,-0.0006012724453758,,True,True,True,True,True,30.88999938964844,-0.4619617621357761,9.0,ALERT,"[""purchase value >= $2m ($9,146,500)"", ""purchase value / ADV60 >= 5% (27.9%)"", ""current price below insider VWAP (-0.1%)"", ""stock down at least 30% from 52w high (-46.2%)""]","[""market cap unavailable""]"
2026-05-14 23:58:26,0000921895-26-001333,1726173,BH,False,1726173,Biglari Holdings Inc.,BH,Class B common stock,2026-05-12,P,A,22965.0,249.84,5737575.6,"[{""cik"": ""0001334430"", ""name"": ""BIGLARI, SARDAR"", ""is_director"": true, ""is_officer"": true, ""is_ten_percent_owner"": true, ""is_other"": false, ""officer_title"": ""Chairman and CEO""}, {""cik"": ""0001334429"", ""name"": ""BIGLARI CAPITAL CORP."", ""is_director"": false, ""is_officer"": false, ""is_ten_percent_owner"": true, ""is_other"": false, ""officer_title"": null}, {""cik"": ""0001334426"", ""name"": ""LION FUND, L.P."", ""is_director"": false, ""is_officer"": false, ""is_ten_percent_owner"": true, ""is_other"": false, ""officer_title"": null}]",True,f169dcaccc35c0482097422d4baf72cd3f21bfae1e0729e50a5ac0560b007647,2026-05-14 23:58:26,"BIGLARI CAPITAL CORP.; BIGLARI, SARDAR; LION FUND, L.P.",Biglari Holdings Inc.,258.1700134277344,36616843.94304911,,0.1566922482157053,0.0333413922019467,,True,True,True,True,True,476.9200134277344,-0.4586723011009607,9.0,ALERT,"[""purchase value >= $2m ($5,737,576)"", ""purchase value / ADV60 >= 5% (15.7%)"", ""current price within 15% of insider VWAP (3.3%)"", ""stock down at least 30% from 52w high (-45.9%)""]","[""market cap unavailable""]"
2026-05-14 23:58:26,0000921895-26-001333,1726173,BH,False,1726173,Biglari Holdings Inc.,BH,Class B common stock,2026-05-13,P,A,15358.0,260.36,3998608.88,"[{""cik"": ""0001334430"", ""name"": ""BIGLARI, SARDAR"", ""is_director"": true, ""is_officer"": true, ""is_ten_percent_owner"": true, ""is_other"": false, ""officer_title"": ""Chairman and CEO""}, {""cik"": ""0001334429"", ""name"": ""BIGLARI CAPITAL CORP."", ""is_director"": false, ""is_officer"": false, ""is_ten_percent_owner"": true, ""is_other"": false, ""officer_title"": null}, {""cik"": ""0001334426"", ""name"": ""LION FUND, L.P."", ""is_director"": false, ""is_officer"": false, ""is_ten_percent_owner"": true, ""is_other"": false, ""officer_title"": null}]",True,4b16e6416fa65c680394e66d2e242644d640b24e5b2015daddb3fe9d1ba8ff2d,2026-05-14 23:58:26,"BIGLARI CAPITAL CORP.; BIGLARI, SARDAR; LION FUND, L.P.",Biglari Holdings Inc.,258.1700134277344,36616843.94304911,,0.1092013524218284,-0.0084113787535168,,True,True,True,True,True,476.9200134277344,-0.4586723011009607,9.0,ALERT,"[""purchase value >= $2m ($3,998,609)"", ""purchase value / ADV60 >= 5% (10.9%)"", ""current price below insider VWAP (-0.8%)"", ""stock down at least 30% from 52w high (-45.9%)""]","[""market cap unavailable""]"
2026-05-14 23:58:26,0000921895-26-001333,1726173,BH,False,1726173,Biglari Holdings Inc.,BH,Class B common stock,2026-05-14,P,A,14351.0,258.06,3703419.06,"[{""cik"": ""0001334430"", ""name"": ""BIGLARI, SARDAR"", ""is_director"": true, ""is_officer"": true, ""is_ten_percent_owner"": true, ""is_other"": false, ""officer_title"": ""Chairman and CEO""}, {""cik"": ""0001334429"", ""name"": ""BIGLARI CAPITAL CORP."", ""is_director"": false, ""is_officer"": false, ""is_ten_percent_owner"": true, ""is_other"": false, ""officer_title"": null}, {""cik"": ""0001334426"", ""name"": ""LION FUND, L.P."", ""is_director"": false, ""is_officer"": false, ""is_ten_percent_owner"": true, ""is_other"": false, ""officer_title"": null}]",True,8793053afe57d58d3260584eb7874ee27da75ddbae71e837e87972d3a6e2ac0a,2026-05-14 23:58:26,"BIGLARI CAPITAL CORP.; BIGLARI, SARDAR; LION FUND, L.P.",Biglari Holdings Inc.,258.1700134277344,36616843.94304911,,0.101139766872317,0.0004263094928869,,True,True,True,True,True,476.9200134277344,-0.4586723011009607,9.0,ALERT,"[""purchase value >= $2m ($3,703,419)"", ""purchase value / ADV60 >= 5% (10.1%)"", ""current price within 15% of insider VWAP (0.0%)"", ""stock down at least 30% from 52w high (-45.9%)""]","[""market cap unavailable""]"
2026-05-15 00:59:07,0001628280-26-035297,1871335,MKTW,False,1805651,"MARKETWISE, INC.",MKTW,Class A Common Stock,2026-05-12,P,A,10000.0,18.5,185000.0,"[{""cik"": ""0001871335"", ""name"": ""Stansberry Frank Porter"", ""is_director"": true, ""is_officer"": false, ""is_ten_percent_owner"": true, ""is_other"": false, ""officer_title"": null}]",True,d0f965aa02901ddcf66d3d4a09a783a475abe2c03c0024a94ed5bcfa0a690250,2026-05-15 00:59:07,Stansberry Frank Porter,"MARKETWISE, INC.",17.270000457763672,474567.5937879562,,0.3898285563987766,-0.0664864617425042,,True,True,True,True,True,20.68000030517578,-0.1648936072094088,6.0,WATCH,"[""purchase value >= $100k ($185,000)"", ""purchase value / ADV60 >= 5% (39.0%)"", ""current price below insider VWAP (-6.6%)"", ""stock down at least 15% from 52w high (-16.5%)""]","[""market cap unavailable""]"
2026-05-15 00:59:07,0001628280-26-035297,1871335,MKTW,False,1805651,"MARKETWISE, INC.",MKTW,Class A Common Stock,2026-05-14,P,A,10000.0,18.25,182500.0,"[{""cik"": ""0001871335"", ""name"": ""Stansberry Frank Porter"", ""is_director"": true, ""is_officer"": false, ""is_ten_percent_owner"": true, ""is_other"": false, ""officer_title"": null}]",True,10908b5e5857d5d31e813a501852fa2bfc81c39941113ae87393d220d885748d,2026-05-15 00:59:07,Stansberry Frank Porter,"MARKETWISE, INC.",17.270000457763672,474567.5937879562,,0.3845606029339283,-0.0536986050540453,,True,True,True,True,True,20.68000030517578,-0.1648936072094088,6.0,WATCH,"[""purchase value >= $100k ($182,500)"", ""purchase value / ADV60 >= 5% (38.5%)"", ""current price below insider VWAP (-5.4%)"", ""stock down at least 15% from 52w high (-16.5%)""]","[""market cap unavailable""]"
2026-05-15 00:59:07,0001628280-26-035297,1871335,MKTW,False,1805651,"MARKETWISE, INC.",MKTW,Class A Common Stock,2026-05-14,P,A,10000.0,17.99,179900.0,"[{""cik"": ""0001871335"", ""name"": ""Stansberry Frank Porter"", ""is_director"": true, ""is_officer"": false, ""is_ten_percent_owner"": true, ""is_other"": false, ""officer_title"": null}]",True,566fcd92dc6742e7a433f08e43f844df5942e08260234e0bad7dad3e48569e42,2026-05-15 00:59:07,Stansberry Frank Porter,"MARKETWISE, INC.",17.270000457763672,474567.5937879562,,0.379081931330486,-0.0400222091293122,,True,True,True,True,True,20.68000030517578,-0.1648936072094088,6.0,WATCH,"[""purchase value >= $100k ($179,900)"", ""purchase value / ADV60 >= 5% (37.9%)"", ""current price below insider VWAP (-4.0%)"", ""stock down at least 15% from 52w high (-16.5%)""]","[""market cap unavailable""]"
2026-05-14 22:38:00,0001268071-26-000003,1268071,STRZ,False,929351,STARZ ENTERTAINMENT CORP /CN/,STRZ,Common Shares,2026-05-12,P,A,5000.0,20.59,102950.0,"[{""cik"": ""0001268071"", ""name"": ""MACDONALD SCOTT D"", ""is_director"": false, ""is_officer"": true, ""is_ten_percent_owner"": false, ""is_other"": false, ""officer_title"": ""SEE REMARKS""}]",True,ce6dcd2b8ff74b950e77ee69393de8e9b3652e07c8b08bc06f534f243edb16b5,2026-05-14 22:38:00,MACDONALD SCOTT D,STARZ ENTERTAINMENT CORP /CN/,21.93000030517578,2807516.759440168,,0.0366694160075214,0.065080150809897,,True,False,True,True,False,21.93000030517578,0.0,4.0,WATCH,"[""purchase value >= $100k ($102,950)"", ""purchase value / ADV60 >= 2% (3.7%)"", ""current price within 15% of insider VWAP (6.5%)""]","[""market cap unavailable""]"
2026-05-15 00:12:02,0002128469-26-000004,2128469,CXNU,False,2066836,Conexeu Sciences Inc.,CXNU,Common Stock,2026-05-12,P,A,422500.0,0.8,338000.0,"[{""cik"": ""0002128469"", ""name"": ""Purcell Lynn Sebastian"", ""is_director"": true, ""is_officer"": false, ""is_ten_percent_owner"": true, ""is_other"": false, ""officer_title"": null}]",True,5b16aab5d204c48c3ae27ea9fa726bb2103ebe18d9c618bbb06eb6aa67c9911c,2026-05-15 00:12:02,Purcell Lynn Sebastian,Conexeu Sciences Inc.,,,,,,,False,False,False,False,False,,,-1.0,ARCHIVE,"[""purchase value >= $100k ($338,000)""]","[""ADV60 unavailable"", ""latest price or insider VWAP unavailable; price gate cannot be verified"", ""52w drawdown unavailable"", ""market cap unavailable""]"
2026-05-15 21:10:32,0001176401-26-000003,1806347,WEST,False,1806347,Westrock Coffee Co,WEST,COMMON STOCK,2026-05-14,P,A,15000.0,8.5,127500.0,"[{""cik"": ""0001176401"", ""name"": ""FORD JOE T"", ""is_director"": true, ""is_officer"": false, ""is_ten_percent_owner"": false, ""is_other"": false, ""officer_title"": null}]",True,2d9fb3e390ed62bc9dee0d22b329778b9f218c7147b21d104d428357afa1cb0a,2026-05-15 21:10:32,FORD JOE T,Westrock Coffee Co,8.449999809265137,3433252.210230382,,0.0371367998016796,-0.0058823753805721,,True,False,True,True,False,8.75,-0.0342857360839843,4.0,WATCH,"[""purchase value >= $100k ($127,500)"", ""purchase value / ADV60 >= 2% (3.7%)"", ""current price below insider VWAP (-0.6%)""]","[""market cap unavailable""]"
2026-05-15 21:31:09,0001421517-26-000044,1722237,ERII,False,1421517,"Energy Recovery, Inc.",ERII,Common Stock,2026-05-13,P,A,20000.0,8.342,166840.0,"[{""cik"": ""0001722237"", ""name"": ""TONDREAU PAMELA L."", ""is_director"": true, ""is_officer"": false, ""is_ten_percent_owner"": false, ""is_other"": false, ""officer_title"": null}]",True,20fcfed500603e920ee9a0df8377e4f578b69aecab23c9ff8e405c10f09a1959,2026-05-15 21:31:09,TONDREAU PAMELA L.,"Energy Recovery, Inc.",8.40999984741211,11364483.615504771,,0.0146808254246041,0.0081515041251629,,False,False,True,False,False,18.11000061035156,-0.535615706020186,4.0,WATCH,"[""purchase value >= $100k ($166,840)"", ""current price within 15% of insider VWAP (0.8%)"", ""stock down at least 30% from 52w high (-53.6%)""]","[""market cap unavailable""]"
2026-05-15 23:07:09,0001011438-26-000351,1818331,WGS,False,1818331,GeneDx Holdings Corp.,WGS,Class A Common Stock,2026-05-13,P,A,94074.0,38.82,3651952.68,"[{""cik"": ""0001307631"", ""name"": ""Meister Keith A."", ""is_director"": true, ""is_officer"": null, ""is_ten_percent_owner"": true, ""is_other"": null, ""officer_title"": null}, {""cik"": ""0001535472"", ""name"": ""Corvex Management LP"", ""is_director"": true, ""is_officer"": null, ""is_ten_percent_owner"": true, ""is_other"": null, ""officer_title"": null}]",True,0480a1d37f75f4c08e83969c08d39fb28ce854e9d07673269e3f53a8326fa0f9,2026-05-15 23:07:09,Corvex Management LP; Meister Keith A.,GeneDx Holdings Corp.,40.75,65588324.20707703,,0.0556799205369231,0.0497166409067491,,True,True,True,True,True,167.51499938964844,-0.7567382016626856,9.0,ALERT,"[""purchase value >= $2m ($3,651,953)"", ""purchase value / ADV60 >= 5% (5.6%)"", ""current price within 15% of insider VWAP (5.0%)"", ""stock down at least 30% from 52w high (-75.7%)""]","[""market cap unavailable""]"
2026-05-15 23:07:09,0001011438-26-000351,1818331,WGS,False,1818331,GeneDx Holdings Corp.,WGS,Class A Common Stock,2026-05-14,P,A,88107.0,39.08,3443221.56,"[{""cik"": ""0001307631"", ""name"": ""Meister Keith A."", ""is_director"": true, ""is_officer"": null, ""is_ten_percent_owner"": true, ""is_other"": null, ""officer_title"": null}, {""cik"": ""0001535472"", ""name"": ""Corvex Management LP"", ""is_director"": true, ""is_officer"": null, ""is_ten_percent_owner"": true, ""is_other"": null, ""officer_title"": null}]",True,f589ec9a866e7d049ac6193553337d954f3ec88068b89d689ec9ca1ca72ce555,2026-05-15 23:07:09,Corvex Management LP; Meister Keith A.,GeneDx Holdings Corp.,40.75,65588324.20707703,,0.0524974772816115,0.0427328556806552,,True,True,True,True,True,167.51499938964844,-0.7567382016626856,9.0,ALERT,"[""purchase value >= $2m ($3,443,222)"", ""purchase value / ADV60 >= 5% (5.2%)"", ""current price within 15% of insider VWAP (4.3%)"", ""stock down at least 30% from 52w high (-75.7%)""]","[""market cap unavailable""]"
2026-05-15 23:07:09,0001011438-26-000351,1818331,WGS,False,1818331,GeneDx Holdings Corp.,WGS,Class A Common Stock,2026-05-13,P,A,70926.0,39.45,2798030.7,"[{""cik"": ""0001307631"", ""name"": ""Meister Keith A."", ""is_director"": true, ""is_officer"": null, ""is_ten_percent_owner"": true, ""is_other"": null, ""officer_title"": null}, {""cik"": ""0001535472"", ""name"": ""Corvex Management LP"", ""is_director"": true, ""is_officer"": null, ""is_ten_percent_owner"": true, ""is_other"": null, ""officer_title"": null}]",True,1a5c64bf8ae8538650de0461773fa37b12d933e38d325d23341e0913af4d84dc,2026-05-15 23:07:09,Corvex Management LP; Meister Keith A.,GeneDx Holdings Corp.,40.75,65588324.20707703,,0.0426604999262672,0.0329531051964511,,True,False,True,True,True,167.51499938964844,-0.7567382016626856,8.0,ALERT,"[""purchase value >= $2m ($2,798,031)"", ""purchase value / ADV60 >= 2% (4.3%)"", ""current price within 15% of insider VWAP (3.3%)"", ""stock down at least 30% from 52w high (-75.7%)""]","[""market cap unavailable""]"
2026-05-15 23:07:09,0001011438-26-000351,1818331,WGS,False,1818331,GeneDx Holdings Corp.,WGS,Class A Common Stock,2026-05-14,P,A,51893.0,39.92,2071568.56,"[{""cik"": ""0001307631"", ""name"": ""Meister Keith A."", ""is_director"": true, ""is_officer"": null, ""is_ten_percent_owner"": true, ""is_other"": null, ""officer_title"": null}, {""cik"": ""0001535472"", ""name"": ""Corvex Management LP"", ""is_director"": true, ""is_officer"": null, ""is_ten_percent_owner"": true, ""is_other"": null, ""officer_title"": null}]",True,15beae465369f0a3928e4629cc5380b6307d47fea15bbc1de04a9caea9785442,2026-05-15 23:07:09,Corvex Management LP; Meister Keith A.,GeneDx Holdings Corp.,40.75,65588324.20707703,,0.0315844105645937,0.0207915831663325,,True,False,True,True,True,167.51499938964844,-0.7567382016626856,8.0,ALERT,"[""purchase value >= $2m ($2,071,569)"", ""purchase value / ADV60 >= 2% (3.2%)"", ""current price within 15% of insider VWAP (2.1%)"", ""stock down at least 30% from 52w high (-75.7%)""]","[""market cap unavailable""]"
2026-05-15 23:07:09,0001011438-26-000351,1818331,WGS,False,1818331,GeneDx Holdings Corp.,WGS,Class A Common Stock,2026-05-15,P,A,27408.0,38.28,1049178.24,"[{""cik"": ""0001307631"", ""name"": ""Meister Keith A."", ""is_director"": true, ""is_officer"": null, ""is_ten_percent_owner"": true, ""is_other"": null, ""officer_title"": null}, {""cik"": ""0001535472"", ""name"": ""Corvex Management LP"", ""is_director"": true, ""is_officer"": null, ""is_ten_percent_owner"": true, ""is_other"": null, ""officer_title"": null}]",True,3553c0bab7bb6445610520429c55a3946e84f550356069a7e5c43582f343c062,2026-05-15 23:07:09,Corvex Management LP; Meister Keith A.,GeneDx Holdings Corp.,40.75,65588324.20707703,,0.0159964178485108,0.0645245559038663,,False,False,True,True,False,167.51499938964844,-0.7567382016626856,5.0,WATCH,"[""purchase value >= $1m ($1,049,178)"", ""current price within 15% of insider VWAP (6.5%)"", ""stock down at least 30% from 52w high (-75.7%)""]","[""market cap unavailable""]"
2026-05-15 23:07:09,0001011438-26-000351,1818331,WGS,False,1818331,GeneDx Holdings Corp.,WGS,Class A Common Stock,2026-05-15,P,A,18865.0,39.83,751392.95,"[{""cik"": ""0001307631"", ""name"": ""Meister Keith A."", ""is_director"": true, ""is_officer"": null, ""is_ten_percent_owner"": true, ""is_other"": null, ""officer_title"": null}, {""cik"": ""0001535472"", ""name"": ""Corvex Management LP"", ""is_director"": true, ""is_officer"": null, ""is_ten_percent_owner"": true, ""is_other"": null, ""officer_title"": null}]",True,c9895095958c57f52d332c0b705b2b2fbdf1608bff8930ac90afb8c3f113ab58,2026-05-15 23:07:09,Corvex Management LP; Meister Keith A.,GeneDx Holdings Corp.,40.75,65588324.20707703,,0.011456199850871,0.0230981672106453,,False,False,True,False,False,167.51499938964844,-0.7567382016626856,4.0,WATCH,"[""purchase value >= $100k ($751,393)"", ""current price within 15% of insider VWAP (2.3%)"", ""stock down at least 30% from 52w high (-75.7%)""]","[""market cap unavailable""]"
2026-05-15 22:13:04,0001726978-26-000047,1737949,GSHD,False,1726978,"Goosehead Insurance, Inc.",GSHD,Class A Common Stock,2026-05-14,P,A,5000.0,36.89,184450.0,"[{""cik"": ""0001737949"", ""name"": ""Miller Mark"", ""is_director"": true, ""is_officer"": true, ""is_ten_percent_owner"": false, ""is_other"": false, ""officer_title"": ""President and CEO""}]",True,c76e09b9dd33cc78692f3c7d209eda8be93243462eaefe606439202c63e990ea,2026-05-15 22:13:04,Miller Mark,"Goosehead Insurance, Inc.",37.650001525878906,20941368.91885121,,0.0088079246736329,0.0206018304656792,,False,False,True,False,False,113.83000183105467,-0.6692436008060629,4.0,WATCH,"[""purchase value >= $100k ($184,450)"", ""current price within 15% of insider VWAP (2.1%)"", ""stock down at least 30% from 52w high (-66.9%)""]","[""market cap unavailable""]"
2026-05-16 00:06:17,0001357615-26-000147,1830895,KBR,False,1357615,"KBR, INC.",KBR,Common Stock,2026-05-13,P,A,8375.0,30.6,256275.0,"[{""cik"": ""0001830895"", ""name"": ""Evans Shad E."", ""is_director"": false, ""is_officer"": true, ""is_ten_percent_owner"": false, ""is_other"": false, ""officer_title"": ""EVP & Chief Financial Officer""}]",True,a0eb09acc7b5d290a1d6fd8122b462f71c4e961ff5d6c664d229e1a831caf308,2026-05-16 00:06:17,Evans Shad E.,"KBR, INC.",30.059999465942383,59907136.06771787,,0.0042778709987122,-0.0176470762763927,,False,False,True,False,False,55.29988861083984,-0.4564184445744065,4.0,WATCH,"[""purchase value >= $100k ($256,275)"", ""current price below insider VWAP (-1.8%)"", ""stock down at least 30% from 52w high (-45.6%)""]","[""market cap unavailable""]"
2026-05-16 00:05:54,0001628280-26-035757,1823144,GPGI,False,1823144,"GPGI, Inc.",GPGI,Class A Common Stock,2026-05-14,P,A,8106.201,12.34,100030.52034,"[{""cik"": ""0001488871"", ""name"": ""Mikkilineni Krishna"", ""is_director"": true, ""is_officer"": false, ""is_ten_percent_owner"": false, ""is_other"": false, ""officer_title"": null}]",True,ffdfb1357dced77d0e15ff20cf0cc8d544c6667660c134f795581555ddaac566,2026-05-16 00:05:54,Mikkilineni Krishna,"GPGI, Inc.",12.100000381469728,80385343.31889312,,0.0012443875488989,-0.0194489156021291,,False,False,True,False,False,25.99683952331543,-0.5345587924017546,4.0,WATCH,"[""purchase value >= $100k ($100,031)"", ""current price below insider VWAP (-1.9%)"", ""stock down at least 30% from 52w high (-53.5%)""]","[""market cap unavailable""]"
2026-05-16 00:03:01,0001578490-26-000004,1866581,BROS,False,1866581,Dutch Bros Inc.,BROS,Class A Common Stock,2026-05-15,P,A,2000.0,51.175,102350.0,"[{""cik"": ""0001578490"", ""name"": ""Penegor Todd Allan"", ""is_director"": true, ""is_officer"": false, ""is_ten_percent_owner"": false, ""is_other"": false, ""officer_title"": null}]",True,4a4537c82c9fbd21ea8509f4f26120bfbd806f5d7c81536ee3b53f3f18be5dd7,2026-05-16 00:03:01,Penegor Todd Allan,Dutch Bros Inc.,51.0099983215332,227251556.75432205,,0.0004503819532054,-0.0032242633799079,,False,False,True,False,False,74.23999786376953,-0.3129040976652962,4.0,WATCH,"[""purchase value >= $100k ($102,350)"", ""current price below insider VWAP (-0.3%)"", ""stock down at least 30% from 52w high (-31.3%)""]","[""market cap unavailable""]"
2026-05-15 23:25:26,0001437749-26-017478,1625101,PLSE,True,1625101,"PULSE BIOSCIENCES, INC.",PLSE,Common Stock,2026-05-11,P,A,660233.0,19.69,12999987.77,"[{""cik"": ""0001055919"", ""name"": ""DUGGAN ROBERT W"", ""is_director"": true, ""is_officer"": null, ""is_ten_percent_owner"": true, ""is_other"": null, ""officer_title"": null}]",True,cf1102c5e625cb94a8c716fe3bdf64e587b7c412b537785739282ca2b7dd1723,2026-05-15 23:25:26,DUGGAN ROBERT W,"PULSE BIOSCIENCES, INC.",24.549999237060547,6769963.050079346,,1.9202450107682103,0.2468257611508657,,True,True,False,False,False,27.100000381469727,-0.0940959818640003,3.0,ARCHIVE,"[""purchase value >= $2m ($12,999,988)"", ""purchase value / ADV60 >= 5% (192.0%)""]","[""current price more than 15% above insider VWAP (24.7%)"", ""market cap unavailable""]"
2026-05-16 00:49:36,0001812746-26-000006,1812746,AMR,False,1704715,"Alpha Metallurgical Resources, Inc.",AMR,"Common Stock, $0.01 par value per share",2026-05-12,P,A,4369.0,191.05,834697.45,"[{""cik"": ""0001812746"", ""name"": ""Courtis Kenneth S."", ""is_director"": true, ""is_officer"": false, ""is_ten_percent_owner"": false, ""is_other"": false, ""officer_title"": null}]",True,73d89cb9ea823c54264e2d5d0f1431fc7992718a8b7bf5c197c1af4beff44b65,2026-05-16 00:49:36,Courtis Kenneth S.,"Alpha Metallurgical Resources, Inc.",179.69000244140625,54289661.79995219,,0.0153748876365395,-0.059460861337837,,False,False,True,False,False,249.6499938964844,-0.2802322978789519,3.0,ARCHIVE,"[""purchase value >= $100k ($834,697)"", ""current price below insider VWAP (-5.9%)"", ""stock down at least 15% from 52w high (-28.0%)""]","[""market cap unavailable""]"
2026-05-16 00:49:36,0001812746-26-000006,1812746,AMR,False,1704715,"Alpha Metallurgical Resources, Inc.",AMR,"Common Stock, $0.01 par value per share",2026-05-12,P,A,3678.0,190.45,700475.1,"[{""cik"": ""0001812746"", ""name"": ""Courtis Kenneth S."", ""is_director"": true, ""is_officer"": false, ""is_ten_percent_owner"": false, ""is_other"": false, ""officer_title"": null}]",True,fa7760a5dcc8a9de126d776ca171690a315aa37b3e648183c6bdad5a2b1c77c9,2026-05-16 00:49:36,Courtis Kenneth S.,"Alpha Metallurgical Resources, Inc.",179.69000244140625,54289661.79995219,,0.0129025504447076,-0.0564977556240154,,False,False,True,False,False,249.6499938964844,-0.2802322978789519,3.0,ARCHIVE,"[""purchase value >= $100k ($700,475)"", ""current price below insider VWAP (-5.6%)"", ""stock down at least 15% from 52w high (-28.0%)""]","[""market cap unavailable""]"
2026-05-16 00:49:36,0001812746-26-000006,1812746,AMR,False,1704715,"Alpha Metallurgical Resources, Inc.",AMR,"Common Stock, $0.01 par value per share",2026-05-12,P,A,3500.0,189.12,661920.0,"[{""cik"": ""0001812746"", ""name"": ""Courtis Kenneth S."", ""is_director"": true, ""is_officer"": false, ""is_ten_percent_owner"": false, ""is_other"": false, ""officer_title"": null}]",True,873374b244da292e9f92a0c3b8e3aa90b6d64fae1e8dae82e017e56190c2aa30,2026-05-16 00:49:36,Courtis Kenneth S.,"Alpha Metallurgical Resources, Inc.",179.69000244140625,54289661.79995219,,0.0121923765603672,-0.0498625082412952,,False,False,True,False,False,249.6499938964844,-0.2802322978789519,3.0,ARCHIVE,"[""purchase value >= $100k ($661,920)"", ""current price below insider VWAP (-5.0%)"", ""stock down at least 15% from 52w high (-28.0%)""]","[""market cap unavailable""]"
2026-05-16 00:49:36,0001812746-26-000006,1812746,AMR,False,1704715,"Alpha Metallurgical Resources, Inc.",AMR,"Common Stock, $0.01 par value per share",2026-05-12,P,A,911.0,185.14,168662.54,"[{""cik"": ""0001812746"", ""name"": ""Courtis Kenneth S."", ""is_director"": true, ""is_officer"": false, ""is_ten_percent_owner"": false, ""is_other"": false, ""officer_title"": null}]",True,883444caa1fc956eece73112e09bd4b6c6b6bfff8ab49daae8ef59556c37ca56,2026-05-16 00:49:36,Courtis Kenneth S.,"Alpha Metallurgical Resources, Inc.",179.69000244140625,54289661.79995219,,0.0031067156141346,-0.0294371694857606,,False,False,True,False,False,249.6499938964844,-0.2802322978789519,3.0,ARCHIVE,"[""purchase value >= $100k ($168,663)"", ""current price below insider VWAP (-2.9%)"", ""stock down at least 15% from 52w high (-28.0%)""]","[""market cap unavailable""]"
2026-05-16 00:49:36,0001812746-26-000006,1812746,AMR,False,1704715,"Alpha Metallurgical Resources, Inc.",AMR,"Common Stock, $0.01 par value per share",2026-05-12,P,A,705.0,188.14,132638.7,"[{""cik"": ""0001812746"", ""name"": ""Courtis Kenneth S."", ""is_director"": true, ""is_officer"": false, ""is_ten_percent_owner"": false, ""is_other"": false, ""officer_title"": null}]",True,290e5bf0891d049c9f0e74e61cb06ee73ec6a0cea1f9afb7579bd199e63270b3,2026-05-16 00:49:36,Courtis Kenneth S.,"Alpha Metallurgical Resources, Inc.",179.69000244140625,54289661.79995219,,0.0024431668130251,-0.0449133494131696,,False,False,True,False,False,249.6499938964844,-0.2802322978789519,3.0,ARCHIVE,"[""purchase value >= $100k ($132,639)"", ""current price below insider VWAP (-4.5%)"", ""stock down at least 15% from 52w high (-28.0%)""]","[""market cap unavailable""]"
2026-05-16 00:49:36,0001812746-26-000006,1812746,AMR,False,1704715,"Alpha Metallurgical Resources, Inc.",AMR,"Common Stock, $0.01 par value per share",2026-05-12,P,A,596.0,183.05,109097.8,"[{""cik"": ""0001812746"", ""name"": ""Courtis Kenneth S."", ""is_director"": true, ""is_officer"": false, ""is_ten_percent_owner"": false, ""is_other"": false, ""officer_title"": null}]",True,d5c9e8609639d223a6b28f61dd55f700b4be137f714958eff80926674dad62aa,2026-05-16 00:49:36,Courtis Kenneth S.,"Alpha Metallurgical Resources, Inc.",179.69000244140625,54289661.79995219,,0.0020095501865899,-0.0183556271979992,,False,False,True,False,False,249.6499938964844,-0.2802322978789519,3.0,ARCHIVE,"[""purchase value >= $100k ($109,098)"", ""current price below insider VWAP (-1.8%)"", ""stock down at least 15% from 52w high (-28.0%)""]","[""market cap unavailable""]"
2026-05-16 00:49:36,0001812746-26-000006,1812746,AMR,False,1704715,"Alpha Metallurgical Resources, Inc.",AMR,"Common Stock, $0.01 par value per share",2026-05-12,P,A,588.0,184.02,108203.76,"[{""cik"": ""0001812746"", ""name"": ""Courtis Kenneth S."", ""is_director"": true, ""is_officer"": false, ""is_ten_percent_owner"": false, ""is_other"": false, ""officer_title"": null}]",True,f0585772ddff418097ff371f978f1413ec1d41dc4858fd5846b1924eadf05824,2026-05-16 00:49:36,Courtis Kenneth S.,"Alpha Metallurgical Resources, Inc.",179.69000244140625,54289661.79995219,,0.0019930822262019,-0.023530037814334,,False,False,True,False,False,249.6499938964844,-0.2802322978789519,3.0,ARCHIVE,"[""purchase value >= $100k ($108,204)"", ""current price below insider VWAP (-2.4%)"", ""stock down at least 15% from 52w high (-28.0%)""]","[""market cap unavailable""]"
2026-05-16 00:49:36,0001812746-26-000006,1812746,AMR,False,1704715,"Alpha Metallurgical Resources, Inc.",AMR,"Common Stock, $0.01 par value per share",2026-05-12,P,A,563.0,187.1,105337.3,"[{""cik"": ""0001812746"", ""name"": ""Courtis Kenneth S."", ""is_director"": true, ""is_officer"": false, ""is_ten_percent_owner"": false, ""is_other"": false, ""officer_title"": null}]",True,51177afaff09b3c44149d22906263154dfaa13729b6ca976a8510df551f91289,2026-05-16 00:49:36,Courtis Kenneth S.,"Alpha Metallurgical Resources, Inc.",179.69000244140625,54289661.79995219,,0.0019402828551069,-0.0396044765290953,,False,False,True,False,False,249.6499938964844,-0.2802322978789519,3.0,ARCHIVE,"[""purchase value >= $100k ($105,337)"", ""current price below insider VWAP (-4.0%)"", ""stock down at least 15% from 52w high (-28.0%)""]","[""market cap unavailable""]"
2026-05-15 22:18:09,0000354647-26-000076,1562449,CVBF,False,354647,CVB FINANCIAL CORP,CVBF,Common Stock,2026-05-14,P,A,25097.0,19.922,499982.434,"[{""cik"": ""0001562449"", ""name"": ""Borba George A Jr"", ""is_director"": true, ""is_officer"": null, ""is_ten_percent_owner"": null, ""is_other"": null, ""officer_title"": null}]",True,8fe1dacb724a3699b2d8f1cb8c0968ad053d63b678dcc23ac298fa7930f7fa6a,2026-05-15 22:18:09,Borba George A Jr,CVB FINANCIAL CORP,19.540000915527344,34864717.91437149,,0.0143406418840952,-0.0191747356928349,,False,False,True,False,False,21.208959579467773,-0.0786912086699498,2.0,ARCHIVE,"[""purchase value >= $100k ($499,982)"", ""current price below insider VWAP (-1.9%)""]","[""market cap unavailable""]"
2026-05-15 21:55:30,0002071271-26-000007,1252881,NONE,False,885275,WILSON BANK HOLDING CO,NONE,Common Stock,2026-05-15,P,A,1221.0,81.95,100060.95,"[{""cik"": ""0001252881"", ""name"": ""BELL JACK W"", ""is_director"": true, ""is_officer"": false, ""is_ten_percent_owner"": false, ""is_other"": false, ""officer_title"": null}]",True,11d5f54c008f7cb9d1337c0422fdd9a1d275e90640a2ce606db808cf452cec70,2026-05-15 21:55:30,BELL JACK W,WILSON BANK HOLDING CO,,,,,,,False,False,False,False,False,,,-1.0,ARCHIVE,"[""purchase value >= $100k ($100,061)""]","[""ADV60 unavailable"", ""latest price or insider VWAP unavailable; price gate cannot be verified"", ""52w drawdown unavailable"", ""market cap unavailable""]"
2026-05-18 22:37:39,0001816739-26-000002,1820302,BKKT,False,1820302,"Bakkt, Inc.",BKKT,Class A Common Stock,2026-05-15,P,A,365000.0,8.34,3044100.0,"[{""cik"": ""0001816739"", ""name"": ""ALFRED MICHAEL"", ""is_director"": true, ""is_officer"": false, ""is_ten_percent_owner"": false, ""is_other"": false, ""officer_title"": null}]",True,043cb32123086e2e886ae5273ffb708d3681d42c20a1dddce21330d9ef50064c,2026-05-18 22:37:39,ALFRED MICHAEL,"Bakkt, Inc.",8.720000267028809,12264431.430393776,,0.2482055541894992,0.0455635811785142,,True,True,True,True,True,45.040000915527344,-0.8063943141701264,9.0,ALERT,"[""purchase value >= $2m ($3,044,100)"", ""purchase value / ADV60 >= 5% (24.8%)"", ""current price within 15% of insider VWAP (4.6%)"", ""stock down at least 30% from 52w high (-80.6%)""]","[""market cap unavailable""]"
2026-05-18 22:37:39,0001816739-26-000002,1820302,BKKT,False,1820302,"Bakkt, Inc.",BKKT,Class A Common Stock,2026-05-18,P,A,220000.0,8.2,1804000.0,"[{""cik"": ""0001816739"", ""name"": ""ALFRED MICHAEL"", ""is_director"": true, ""is_officer"": false, ""is_ten_percent_owner"": false, ""is_other"": false, ""officer_title"": null}]",True,fbc613e54f46a452642a6f549ef884d7379279fb969538c6f2813cc5e04e2bf5,2026-05-18 22:37:39,ALFRED MICHAEL,"Bakkt, Inc.",8.720000267028809,12264431.430393776,,0.1470920205505261,0.0634146667108304,,True,True,True,True,True,45.040000915527344,-0.8063943141701264,8.0,ALERT,"[""purchase value >= $1m ($1,804,000)"", ""purchase value / ADV60 >= 5% (14.7%)"", ""current price within 15% of insider VWAP (6.3%)"", ""stock down at least 30% from 52w high (-80.6%)""]","[""market cap unavailable""]"
2026-05-19 01:12:28,0001104659-26-063362,1953926,ZBIO,False,1953926,"Zenas BioPharma, Inc.",ZBIO,Common Stock,2026-05-18,P,A,60000.0,16.88,1012800.0,"[{""cik"": ""0001228865"", ""name"": ""MOULDER LEON O JR"", ""is_director"": true, ""is_officer"": true, ""is_ten_percent_owner"": false, ""is_other"": false, ""officer_title"": ""Chief Executive Officer""}]",True,c084bc86dd90785c364098b40fee47b1c86e948fafae3f9d3d80a85028dced8c,2026-05-19 01:12:28,MOULDER LEON O JR,"Zenas BioPharma, Inc.",16.90999984741211,15078349.098216692,,0.0671691571406702,0.0017772421452673,,True,True,True,True,True,43.16999816894531,-0.6082927828434226,8.0,ALERT,"[""purchase value >= $1m ($1,012,800)"", ""purchase value / ADV60 >= 5% (6.7%)"", ""current price within 15% of insider VWAP (0.2%)"", ""stock down at least 30% from 52w high (-60.8%)""]","[""market cap unavailable""]"
2026-05-19 00:02:49,0001193125-26-229309,2022286,BLND,False,1855747,"Blend Labs, Inc.",BLND,Class A Common Stock,2026-05-15,P,A,525697.0,1.4485,761472.1045,"[{""cik"": ""0002022284"", ""name"": ""Haveli Investments, L.P."", ""is_director"": true, ""is_officer"": false, ""is_ten_percent_owner"": true, ""is_other"": false, ""officer_title"": null}, {""cik"": ""0002022121"", ""name"": ""Haveli Brooks Aggregator, L.P."", ""is_director"": true, ""is_officer"": false, ""is_ten_percent_owner"": true, ""is_other"": false, ""officer_title"": null}, {""cik"": ""0002022122"", ""name"": ""Haveli Investments Software Fund I GP, LLC"", ""is_director"": true, ""is_officer"": false, ""is_ten_percent_owner"": true, ""is_other"": false, ""officer_title"": null}, {""cik"": ""0002022117"", ""name"": ""Haveli Software Management LLC"", ""is_director"": true, ""is_officer"": false, ""is_ten_percent_owner"": true, ""is_other"": false, ""officer_title"": null}, {""cik"": ""0002022286"", ""name"": ""Haveli Investment Management LLC"", ""is_director"": true, ""is_officer"": false, ""is_ten_percent_owner"": true, ""is_other"": false, ""officer_title"": null}, {""cik"": ""0002022120"", ""name"": ""Whanau Interests LLC"", ""is_director"": true, ""is_officer"": false, ""is_ten_percent_owner"": true, ""is_other"": false, ""officer_title"": null}, {""cik"": ""0001782665"", ""name"": ""SHETH BRIAN NIRANJAN"", ""is_director"": true, ""is_officer"": false, ""is_ten_percent_owner"": true, ""is_other"": false, ""officer_title"": null}]",True,c131a7113ab736b7066ae81aa5c5d58826eeb6514f780a0b837782aa222a7668,2026-05-19 00:02:49,"Haveli Brooks Aggregator, L.P.; Haveli Investment Management LLC; Haveli Investments Software Fund I GP, LLC; Haveli Investments, L.P.; Haveli Software Management LLC; SHETH BRIAN NIRANJAN; Whanau Interests LLC","Blend Labs, Inc.",1.5800000429153442,6618939.704161879,,0.1150444238102364,0.0907835988369654,,True,True,True,True,True,4.369999885559082,-0.638443916637951,7.0,ALERT,"[""purchase value >= $100k ($761,472)"", ""purchase value / ADV60 >= 5% (11.5%)"", ""current price within 15% of insider VWAP (9.1%)"", ""stock down at least 30% from 52w high (-63.8%)""]","[""market cap unavailable""]"
2026-05-19 00:00:24,0001493152-26-024295,2130492,VIDA,False,1973062,VIDA Global Inc.,VIDA,Class A Common Stock,2026-05-14,P,A,375000.0,4.0,1500000.0,"[{""cik"": ""0002130492"", ""name"": ""Calicott Christopher Shane"", ""is_director"": true, ""is_officer"": false, ""is_ten_percent_owner"": true, ""is_other"": false, ""officer_title"": null}]",True,1923549126c0180cab262ef3545c6a68c43ed32ca2217cf6b84844a49a891212,2026-05-19 00:00:24,Calicott Christopher Shane,VIDA Global Inc.,2.240000009536743,2258971.665024638,,0.6640189530591742,-0.4399999976158142,,True,True,True,True,True,2.5199999809265137,-0.111111100598828,6.0,WATCH,"[""purchase value >= $1m ($1,500,000)"", ""purchase value / ADV60 >= 5% (66.4%)"", ""current price below insider VWAP (-44.0%)""]","[""market cap unavailable""]"
2026-05-19 00:00:21,0001493152-26-024293,2129562,VIDA,False,1973062,VIDA Global Inc.,VIDA,Class A Common Stock,2026-05-14,P,A,187500.0,4.0,750000.0,"[{""cik"": ""0002129562"", ""name"": ""Pratt Lyle"", ""is_director"": true, ""is_officer"": true, ""is_ten_percent_owner"": true, ""is_other"": false, ""officer_title"": ""Chief Executive Officer""}]",True,4e5712e863c35f1057294669ec3730812d0e9f847488d9d781b23c74bf704792,2026-05-19 00:00:21,Pratt Lyle,VIDA Global Inc.,2.240000009536743,2258971.665024638,,0.3320094765295871,-0.4399999976158142,,True,True,True,True,True,2.5199999809265137,-0.111111100598828,5.0,WATCH,"[""purchase value >= $100k ($750,000)"", ""purchase value / ADV60 >= 5% (33.2%)"", ""current price below insider VWAP (-44.0%)""]","[""market cap unavailable""]"
2026-05-19 00:00:22,0001493152-26-024294,2129332,VIDA,False,1973062,VIDA Global Inc.,VIDA,Class A Common Stock,2026-05-15,P,A,63000.0,3.9537,249083.1,"[{""cik"": ""0002129332"", ""name"": ""Braverman Alan M"", ""is_director"": true, ""is_officer"": false, ""is_ten_percent_owner"": false, ""is_other"": false, ""officer_title"": null}]",True,765ea9f7bc6af213429ed03bcdbc658cc2bcd8ed640d9bd9c6d802552673e22e,2026-05-19 00:00:22,Braverman Alan M,VIDA Global Inc.,2.240000009536743,2258971.665024638,,0.1102639328578224,-0.4334420898053106,,True,True,True,True,True,2.5199999809265137,-0.111111100598828,5.0,WATCH,"[""purchase value >= $100k ($249,083)"", ""purchase value / ADV60 >= 5% (11.0%)"", ""current price below insider VWAP (-43.3%)""]","[""market cap unavailable""]"
2026-05-19 00:00:21,0001493152-26-024293,2129562,VIDA,False,1973062,VIDA Global Inc.,VIDA,Class A Common Stock,2026-05-15,P,A,62700.0,3.9547,247959.69,"[{""cik"": ""0002129562"", ""name"": ""Pratt Lyle"", ""is_director"": true, ""is_officer"": true, ""is_ten_percent_owner"": true, ""is_other"": false, ""officer_title"": ""Chief Executive Officer""}]",True,ef48bd31cfba67a62f180018e6bc3760d637d9b430eea129b621ff167f0bca89,2026-05-19 00:00:21,Pratt Lyle,VIDA Global Inc.,2.240000009536743,2258971.665024638,,0.1097666225031182,-0.4335853517240895,,True,True,True,True,True,2.5199999809265137,-0.111111100598828,5.0,WATCH,"[""purchase value >= $100k ($247,960)"", ""purchase value / ADV60 >= 5% (11.0%)"", ""current price below insider VWAP (-43.4%)""]","[""market cap unavailable""]"
2026-05-19 00:00:21,0001493152-26-024293,2129562,VIDA,False,1973062,VIDA Global Inc.,VIDA,Class A Common Stock,2026-05-15,P,A,62700.0,3.1055,194714.85,"[{""cik"": ""0002129562"", ""name"": ""Pratt Lyle"", ""is_director"": true, ""is_officer"": true, ""is_ten_percent_owner"": true, ""is_other"": false, ""officer_title"": ""Chief Executive Officer""}]",True,e4ec3fc9047385bef5d3743b0cb77581ad844808e7e6c6eb40fc4f78eb6c00e6,2026-05-19 00:00:21,Pratt Lyle,VIDA Global Inc.,2.240000009536743,2258971.665024638,,0.0861962338947161,-0.2786990792024656,,True,True,True,True,True,2.5199999809265137,-0.111111100598828,5.0,WATCH,"[""purchase value >= $100k ($194,715)"", ""purchase value / ADV60 >= 5% (8.6%)"", ""current price below insider VWAP (-27.9%)""]","[""market cap unavailable""]"
2026-05-19 00:02:49,0001193125-26-229309,2022286,BLND,False,1855747,"Blend Labs, Inc.",BLND,Class A Common Stock,2026-05-14,P,A,1000000.0,1.3256,1325600.0,"[{""cik"": ""0002022284"", ""name"": ""Haveli Investments, L.P."", ""is_director"": true, ""is_officer"": false, ""is_ten_percent_owner"": true, ""is_other"": false, ""officer_title"": null}, {""cik"": ""0002022121"", ""name"": ""Haveli Brooks Aggregator, L.P."", ""is_director"": true, ""is_officer"": false, ""is_ten_percent_owner"": true, ""is_other"": false, ""officer_title"": null}, {""cik"": ""0002022122"", ""name"": ""Haveli Investments Software Fund I GP, LLC"", ""is_director"": true, ""is_officer"": false, ""is_ten_percent_owner"": true, ""is_other"": false, ""officer_title"": null}, {""cik"": ""0002022117"", ""name"": ""Haveli Software Management LLC"", ""is_director"": true, ""is_officer"": false, ""is_ten_percent_owner"": true, ""is_other"": false, ""officer_title"": null}, {""cik"": ""0002022286"", ""name"": ""Haveli Investment Management LLC"", ""is_director"": true, ""is_officer"": false, ""is_ten_percent_owner"": true, ""is_other"": false, ""officer_title"": null}, {""cik"": ""0002022120"", ""name"": ""Whanau Interests LLC"", ""is_director"": true, ""is_officer"": false, ""is_ten_percent_owner"": true, ""is_other"": false, ""officer_title"": null}, {""cik"": ""0001782665"", ""name"": ""SHETH BRIAN NIRANJAN"", ""is_director"": true, ""is_officer"": false, ""is_ten_percent_owner"": true, ""is_other"": false, ""officer_title"": null}]",True,11ccfd6f6b5dd4fdad486cc391b2c4c9bb58e88bde0ccb0bdeba333c997454cc,2026-05-19 00:02:49,"Haveli Brooks Aggregator, L.P.; Haveli Investment Management LLC; Haveli Investments Software Fund I GP, LLC; Haveli Investments, L.P.; Haveli Software Management LLC; SHETH BRIAN NIRANJAN; Whanau Interests LLC","Blend Labs, Inc.",1.5800000429153442,6618939.704161879,,0.200273768798118,0.191913128330827,,True,True,False,False,False,4.369999885559082,-0.638443916637951,4.0,WATCH,"[""purchase value >= $1m ($1,325,600)"", ""purchase value / ADV60 >= 5% (20.0%)"", ""stock down at least 30% from 52w high (-63.8%)""]","[""current price more than 15% above insider VWAP (19.2%)"", ""market cap unavailable""]"
2026-05-18 22:50:03,0001722909-26-000003,1722909,TNET,False,937098,"TRINET GROUP, INC.",TNET,Common Stock,2026-03-04,P,A,5000.0,37.7,188500.0,"[{""cik"": ""0001722909"", ""name"": ""Evanko Brian C"", ""is_director"": true, ""is_officer"": false, ""is_ten_percent_owner"": false, ""is_other"": false, ""officer_title"": null}]",True,8d11fce595d1d358958bc671c18ac9e935c51b399488b343deb4b03e3e106302,2026-05-18 22:50:03,Evanko Brian C,"TRINET GROUP, INC.",42.869998931884766,18631023.653619766,,0.010117533180383,0.1371352501826197,,False,False,True,False,False,84.69236755371094,-0.4938150842849316,4.0,WATCH,"[""purchase value >= $100k ($188,500)"", ""current price within 15% of insider VWAP (13.7%)"", ""stock down at least 30% from 52w high (-49.4%)""]","[""market cap unavailable""]"
2026-05-19 01:23:50,0000950103-26-007352,2122520,GSHD,False,1726978,"Goosehead Insurance, Inc.",GSHD,Class A Common Stock,2026-05-18,P,A,5000.0,41.5,207500.0,"[{""cik"": ""0002122520"", ""name"": ""Thornthwaite Martin Ellis"", ""is_director"": false, ""is_officer"": true, ""is_ten_percent_owner"": false, ""is_other"": false, ""officer_title"": ""General Counsel""}]",True,3cbb796701a933c713a05f0734bea03aaed53e0f5ad8691345e53d0f3c8a78be,2026-05-19 01:23:50,Thornthwaite Martin Ellis,"Goosehead Insurance, Inc.",42.13999938964844,20673665.90820058,,0.0100369233459311,0.0154216720397213,,False,False,True,False,False,112.87000274658205,-0.6266501429590464,4.0,WATCH,"[""purchase value >= $100k ($207,500)"", ""current price within 15% of insider VWAP (1.5%)"", ""stock down at least 30% from 52w high (-62.7%)""]","[""market cap unavailable""]"
2026-05-18 22:57:01,0001297602-26-000025,1835856,BETR,False,1835856,Better Home & Finance Holding Co,BETR,Class A Common Stock,2026-05-18,P,A,6510.0,25.0,162750.0,"[{""cik"": ""0001297602"", ""name"": ""Garg Vishal"", ""is_director"": true, ""is_officer"": true, ""is_ten_percent_owner"": true, ""is_other"": false, ""officer_title"": ""Chief Executive Officer""}]",True,33782ac09fe701ea9337d7194163d4eb76019c89cdc1b7f5162d2ee1c12cf758,2026-05-18 22:57:01,Garg Vishal,Better Home & Finance Holding Co,25.049999237060547,19179597.928128943,,0.0084855793437311,0.0019999694824219,,False,False,True,False,False,86.06999969482422,-0.7089578328583761,4.0,WATCH,"[""purchase value >= $100k ($162,750)"", ""current price within 15% of insider VWAP (0.2%)"", ""stock down at least 30% from 52w high (-70.9%)""]","[""market cap unavailable""]"
2026-05-19 23:24:31,0002066491-26-000007,2066491,RIVN,False,1874178,"Rivian Automotive, Inc. / DE",RIVN,Class A Common Stock,2026-05-15,P,A,18000.0,13.97,251460.0,"[{""cik"": ""0002066491"", ""name"": ""Gomez Aidan N."", ""is_director"": true, ""is_officer"": false, ""is_ten_percent_owner"": false, ""is_other"": false, ""officer_title"": null}]",True,734086a5a40a3e1244a865aa6cc154392efc97fcbaf749c7a6ade92682a4971b,2026-05-19 23:24:31,Gomez Aidan N.,"Rivian Automotive, Inc. / DE",12.899999618530272,426251084.236683,,0.0005899339832772,-0.0765927259462939,,False,False,True,False,False,22.450000762939453,-0.4253897915306247,4.0,WATCH,"[""purchase value >= $100k ($251,460)"", ""current price below insider VWAP (-7.7%)"", ""stock down at least 30% from 52w high (-42.5%)""]","[""market cap unavailable""]"
2026-05-20 00:30:29,0000354647-26-000078,1562449,CVBF,False,354647,CVB FINANCIAL CORP,CVBF,Common Stock,2026-05-19,P,A,25187.0,19.8515,499999.7305,"[{""cik"": ""0001562449"", ""name"": ""Borba George A Jr"", ""is_director"": true, ""is_officer"": null, ""is_ten_percent_owner"": null, ""is_other"": null, ""officer_title"": null}]",True,0bbb03ca237e021d7cdbbedf99470d5d982e4150ae2f7b536ab65ea192bd830c,2026-05-20 00:30:29,Borba George A Jr,CVB FINANCIAL CORP,19.81999969482422,34929377.44620107,,0.0143145903836994,-0.0015867972282085,,False,False,True,False,False,21.208959579467773,-0.0654892984938401,2.0,ARCHIVE,"[""purchase value >= $100k ($500,000)"", ""current price below insider VWAP (-0.2%)""]","[""market cap unavailable""]"
2026-05-19 22:44:03,0001193125-26-231279,2134292,EROK,False,2104882,"EagleRock Land, LLC",EROK,Class A shares,2026-05-15,P,A,50000.0,18.5,925000.0,"[{""cik"": ""0002134292"", ""name"": ""Nelson James Carl"", ""is_director"": true, ""is_officer"": false, ""is_ten_percent_owner"": false, ""is_other"": false, ""officer_title"": null}]",True,40ae51badb5ff5f5ab4d634790f08a326f888616365380a76ccef4c84a8b4a8e,2026-05-19 22:44:03,Nelson James Carl,"EagleRock Land, LLC",23.290000915527344,12558498.134559631,,0.0736553041684578,0.2589189684068835,,True,True,False,False,False,23.290000915527344,0.0,1.0,ARCHIVE,"[""purchase value >= $100k ($925,000)"", ""purchase value / ADV60 >= 5% (7.4%)""]","[""current price more than 15% above insider VWAP (25.9%)"", ""market cap unavailable""]"
2026-05-20 23:45:45,0000919574-26-003627,1818331,WGS,False,1818331,GeneDx Holdings Corp.,WGS,"Class A Common Stock, par value $0.0001 per share",2026-05-19,P,A,185000.0,42.5964,7880334.0,"[{""cik"": ""0001534261"", ""name"": ""Casdin Capital, LLC"", ""is_director"": true, ""is_officer"": false, ""is_ten_percent_owner"": true, ""is_other"": false, ""officer_title"": null}, {""cik"": ""0001534264"", ""name"": ""Casdin Eli"", ""is_director"": true, ""is_officer"": false, ""is_ten_percent_owner"": true, ""is_other"": false, ""officer_title"": null}, {""cik"": ""0001534265"", ""name"": ""Casdin Partners Master Fund, L.P."", ""is_director"": true, ""is_officer"": false, ""is_ten_percent_owner"": true, ""is_other"": false, ""officer_title"": null}, {""cik"": ""0001534260"", ""name"": ""Casdin Partners GP, LLC"", ""is_director"": true, ""is_officer"": false, ""is_ten_percent_owner"": true, ""is_other"": false, ""officer_title"": null}]",True,a8140c94f678fb7ec655a1afb667794ac9302f03e26a0cb720c519a336835b12,2026-05-20 23:45:45,"Casdin Capital, LLC; Casdin Eli; Casdin Partners GP, LLC; Casdin Partners Master Fund, L.P.",GeneDx Holdings Corp.,44.72999954223633,63660426.03565763,,0.1237870132315176,0.0500887291469778,,True,True,True,True,True,167.51499938964844,-0.7329791379565237,9.0,ALERT,"[""purchase value >= $2m ($7,880,334)"", ""purchase value / ADV60 >= 5% (12.4%)"", ""current price within 15% of insider VWAP (5.0%)"", ""stock down at least 30% from 52w high (-73.3%)""]","[""market cap unavailable""]"
2026-05-20 23:45:45,0000919574-26-003627,1818331,WGS,False,1818331,GeneDx Holdings Corp.,WGS,"Class A Common Stock, par value $0.0001 per share",2026-05-18,P,A,175000.0,42.5517,7446547.5,"[{""cik"": ""0001534261"", ""name"": ""Casdin Capital, LLC"", ""is_director"": true, ""is_officer"": false, ""is_ten_percent_owner"": true, ""is_other"": false, ""officer_title"": null}, {""cik"": ""0001534264"", ""name"": ""Casdin Eli"", ""is_director"": true, ""is_officer"": false, ""is_ten_percent_owner"": true, ""is_other"": false, ""officer_title"": null}, {""cik"": ""0001534265"", ""name"": ""Casdin Partners Master Fund, L.P."", ""is_director"": true, ""is_officer"": false, ""is_ten_percent_owner"": true, ""is_other"": false, ""officer_title"": null}, {""cik"": ""0001534260"", ""name"": ""Casdin Partners GP, LLC"", ""is_director"": true, ""is_officer"": false, ""is_ten_percent_owner"": true, ""is_other"": false, ""officer_title"": null}]",True,04ab0c285769e499fd86c69d7c8576e4a2917e2ed0afc9e0a62ec48825e94dbf,2026-05-20 23:45:45,"Casdin Capital, LLC; Casdin Eli; Casdin Partners GP, LLC; Casdin Partners Master Fund, L.P.",GeneDx Holdings Corp.,44.72999954223633,63660426.03565763,,0.1169729447903635,0.0511918335163186,,True,True,True,True,True,167.51499938964844,-0.7329791379565237,9.0,ALERT,"[""purchase value >= $2m ($7,446,548)"", ""purchase value / ADV60 >= 5% (11.7%)"", ""current price within 15% of insider VWAP (5.1%)"", ""stock down at least 30% from 52w high (-73.3%)""]","[""market cap unavailable""]"
2026-05-21 01:29:39,0001213900-26-059773,1519751,FBIN,False,1519751,"Fortune Brands Innovations, Inc.",FBIN,"Common Stock, Par Value $0.01",2026-05-19,P,A,403000.0,33.4,13460200.0,"[{""cik"": ""0001257864"", ""name"": ""GARDEN EDWARD P"", ""is_director"": true, ""is_officer"": false, ""is_ten_percent_owner"": false, ""is_other"": false, ""officer_title"": null}]",True,111cfe3785352a4c91a36e9836587094df82e461aed25c5e05795c17ba9c231c,2026-05-21 01:29:39,GARDEN EDWARD P,"Fortune Brands Innovations, Inc.",35.02000045776367,117037877.32793777,,0.1150072122573172,0.0485030077174752,,True,True,True,True,True,64.13031005859375,-0.4539243545561053,9.0,ALERT,"[""purchase value >= $2m ($13,460,200)"", ""purchase value / ADV60 >= 5% (11.5%)"", ""current price within 15% of insider VWAP (4.9%)"", ""stock down at least 30% from 52w high (-45.4%)""]","[""market cap unavailable""]"
2026-05-20 23:45:45,0000919574-26-003627,1818331,WGS,False,1818331,GeneDx Holdings Corp.,WGS,"Class A Common Stock, par value $0.0001 per share",2026-05-20,P,A,140000.0,43.8061,6132854.0,"[{""cik"": ""0001534261"", ""name"": ""Casdin Capital, LLC"", ""is_director"": true, ""is_officer"": false, ""is_ten_percent_owner"": true, ""is_other"": false, ""officer_title"": null}, {""cik"": ""0001534264"", ""name"": ""Casdin Eli"", ""is_director"": true, ""is_officer"": false, ""is_ten_percent_owner"": true, ""is_other"": false, ""officer_title"": null}, {""cik"": ""0001534265"", ""name"": ""Casdin Partners Master Fund, L.P."", ""is_director"": true, ""is_officer"": false, ""is_ten_percent_owner"": true, ""is_other"": false, ""officer_title"": null}, {""cik"": ""0001534260"", ""name"": ""Casdin Partners GP, LLC"", ""is_director"": true, ""is_officer"": false, ""is_ten_percent_owner"": true, ""is_other"": false, ""officer_title"": null}]",True,652d4cc822e301622bed1cce157b61d96b25f2ec3dca85a8de69af94a4e031b0,2026-05-20 23:45:45,"Casdin Capital, LLC; Casdin Eli; Casdin Partners GP, LLC; Casdin Partners Master Fund, L.P.",GeneDx Holdings Corp.,44.72999954223633,63660426.03565763,,0.0963369927270805,0.0210906595710718,,True,True,True,True,True,167.51499938964844,-0.7329791379565237,9.0,ALERT,"[""purchase value >= $2m ($6,132,854)"", ""purchase value / ADV60 >= 5% (9.6%)"", ""current price within 15% of insider VWAP (2.1%)"", ""stock down at least 30% from 52w high (-73.3%)""]","[""market cap unavailable""]"
2026-05-20 21:48:55,0001182684-26-000008,1559432,TXO,False,1559432,"TXO Partners, L.P.",TXO,Common Units,2026-05-20,P,A,90152.0,13.3514,1203655.4128,"[{""cik"": ""0001182684"", ""name"": ""SIMPSON BOB R"", ""is_director"": true, ""is_officer"": false, ""is_ten_percent_owner"": true, ""is_other"": false, ""officer_title"": null}]",True,5398edc89813c4a97d3c94880bc9aedc6ac3b22d7ef73d699306b30e74cceb1e,2026-05-20 21:48:55,SIMPSON BOB R,"TXO Partners, L.P.",13.229999542236328,2763407.0878957114,,0.4355693441159129,-0.0090927137052048,,True,True,True,True,True,14.26894474029541,-0.0728116351256941,6.0,WATCH,"[""purchase value >= $1m ($1,203,655)"", ""purchase value / ADV60 >= 5% (43.6%)"", ""current price below insider VWAP (-0.9%)""]","[""market cap unavailable""]"
2026-05-20 21:48:55,0001182684-26-000008,1559432,TXO,False,1559432,"TXO Partners, L.P.",TXO,Common Units,2026-05-18,P,A,58251.0,13.1687,767089.9437,"[{""cik"": ""0001182684"", ""name"": ""SIMPSON BOB R"", ""is_director"": true, ""is_officer"": false, ""is_ten_percent_owner"": true, ""is_other"": false, ""officer_title"": null}]",True,29629d742100e4c7b65c03e7709696e8e75160ade995d52a57e434f3597de4b4,2026-05-20 21:48:55,SIMPSON BOB R,"TXO Partners, L.P.",13.229999542236328,2763407.0878957114,,0.2775884693427946,0.0046549425711215,,True,True,True,True,True,14.26894474029541,-0.0728116351256941,5.0,WATCH,"[""purchase value >= $100k ($767,090)"", ""purchase value / ADV60 >= 5% (27.8%)"", ""current price within 15% of insider VWAP (0.5%)""]","[""market cap unavailable""]"
2026-05-21 00:31:13,0001297602-26-000027,1835856,BETR,False,1835856,Better Home & Finance Holding Co,BETR,Class A Common Stock,2026-05-20,P,A,15000.0,25.0,375000.0,"[{""cik"": ""0001297602"", ""name"": ""Garg Vishal"", ""is_director"": true, ""is_officer"": true, ""is_ten_percent_owner"": true, ""is_other"": false, ""officer_title"": ""Chief Executive Officer""}]",True,15e93047fb6062a58eb6fd27a5343758448e3c8fd6b4e3658d3aaa2e7133438e,2026-05-21 00:31:13,Garg Vishal,Better Home & Finance Holding Co,24.34000015258789,19206535.850742657,,0.0195246036512877,-0.0263999938964843,,False,False,True,False,False,86.06999969482422,-0.7172069218207333,4.0,WATCH,"[""purchase value >= $100k ($375,000)"", ""current price below insider VWAP (-2.6%)"", ""stock down at least 30% from 52w high (-71.7%)""]","[""market cap unavailable""]"
2026-05-20 22:55:14,0000950103-26-007556,1693736,EQPT,False,1693736,EquipmentShare.com Inc,EQPT,Class A Common Stock,2026-05-19,P,A,21803.0,22.89,499070.67,"[{""cik"": ""0001232293"", ""name"": ""HILL W BRYAN"", ""is_director"": true, ""is_officer"": false, ""is_ten_percent_owner"": false, ""is_other"": false, ""officer_title"": null}]",True,e3cca59c72824fc41531e931965ab0c78ad87362dec9832586a182d72ccbc55f,2026-05-20 22:55:14,HILL W BRYAN,EquipmentShare.com Inc,20.440000534057617,43076841.75135762,,0.01158559099761,-0.1070336158122491,,False,False,True,False,False,34.630001068115234,-0.4097603262023208,4.0,WATCH,"[""purchase value >= $100k ($499,071)"", ""current price below insider VWAP (-10.7%)"", ""stock down at least 30% from 52w high (-41.0%)""]","[""market cap unavailable""]"
2026-05-21 01:03:05,0001832050-26-000005,1832050,MP,False,1801368,MP Materials Corp. / DE,MP,Common Stock,2026-05-20,P,A,17000.0,56.62,962540.0,"[{""cik"": ""0001832050"", ""name"": ""Rosenthal Michael Stuart"", ""is_director"": false, ""is_officer"": true, ""is_ten_percent_owner"": false, ""is_other"": false, ""officer_title"": ""Chief Operating Officer""}]",True,8b261225644923271a2aa2ffd6615757df68dd3c9c3410407b1412d71f4e90b1,2026-05-21 01:03:05,Rosenthal Michael Stuart,MP Materials Corp. / DE,56.5,359401648.4022146,,0.0026781735817827,-0.0021193924408335,,False,False,True,False,False,98.6500015258789,-0.4272681284735883,4.0,WATCH,"[""purchase value >= $100k ($962,540)"", ""current price below insider VWAP (-0.2%)"", ""stock down at least 30% from 52w high (-42.7%)""]","[""market cap unavailable""]"
2026-05-21 01:29:39,0001213900-26-059773,1519751,FBIN,False,1519751,"Fortune Brands Innovations, Inc.",FBIN,"Common Stock, Par Value $0.01",2026-05-20,P,A,5900.0,33.28,196352.0,"[{""cik"": ""0001257864"", ""name"": ""GARDEN EDWARD P"", ""is_director"": true, ""is_officer"": false, ""is_ten_percent_owner"": false, ""is_other"": false, ""officer_title"": null}]",True,51acca8ac899f74b4eb0b32b7ff097fc6bc8065cd94b626466a3db2d40d2ba77,2026-05-21 01:29:39,GARDEN EDWARD P,"Fortune Brands Innovations, Inc.",35.02000045776367,117037877.32793777,,0.0016776790940066,0.0522836676010718,,False,False,True,False,False,64.13031005859375,-0.4539243545561053,4.0,WATCH,"[""purchase value >= $100k ($196,352)"", ""current price within 15% of insider VWAP (5.2%)"", ""stock down at least 30% from 52w high (-45.4%)""]","[""market cap unavailable""]"
2026-05-20 21:54:17,0001185424-26-000010,1309108,WEX,False,1309108,WEX Inc.,WEX,Common Stock,2026-05-18,P,A,1500.0,142.95,214425.0,"[{""cik"": ""0001185424"", ""name"": ""GROCH JAMES R"", ""is_director"": true, ""is_officer"": false, ""is_ten_percent_owner"": false, ""is_other"": false, ""officer_title"": null}]",True,1b1f3e4cdf538ab641492852c2d86749ebce62edac76dc2ea825f130bcefc04e,2026-05-20 21:54:17,GROCH JAMES R,WEX Inc.,144.24000549316406,84592766.28254166,,0.002534791205241,0.0090241727398676,,False,False,True,False,False,184.92999267578125,-0.220029139642885,3.0,ARCHIVE,"[""purchase value >= $100k ($214,425)"", ""current price within 15% of insider VWAP (0.9%)"", ""stock down at least 15% from 52w high (-22.0%)""]","[""market cap unavailable""]"
2026-05-21 00:51:06,0000902664-26-002578,1819576,LQDA,False,1819576,Liquidia Corp,LQDA,Common Stock,2026-05-19,P,A,5300.0,59.98,317894.0,"[{""cik"": ""0001727492"", ""name"": ""Caligan Partners LP"", ""is_director"": true, ""is_officer"": false, ""is_ten_percent_owner"": true, ""is_other"": true, ""officer_title"": null}, {""cik"": ""0001785557"", ""name"": ""JOHNSON DAVID EDWARD"", ""is_director"": true, ""is_officer"": false, ""is_ten_percent_owner"": true, ""is_other"": false, ""officer_title"": null}]",True,5674339fac76d742c20d752d1865baf77dac688bc4465e21305047fb53576e23,2026-05-21 00:51:06,Caligan Partners LP; JOHNSON DAVID EDWARD,Liquidia Corp,61.77000045776367,60491365.81827545,,0.0052551962697453,0.0298432887256365,,False,False,True,False,False,61.77000045776367,0.0,2.0,ARCHIVE,"[""purchase value >= $100k ($317,894)"", ""current price within 15% of insider VWAP (3.0%)""]","[""market cap unavailable""]"
2026-05-22 00:15:19,0001193125-26-235156,2022286,BLND,False,1855747,"Blend Labs, Inc.",BLND,Class A Common Stock,2026-05-19,P,A,583450.0,1.4875,867881.875,"[{""cik"": ""0002022284"", ""name"": ""Haveli Investments, L.P."", ""is_director"": true, ""is_officer"": false, ""is_ten_percent_owner"": true, ""is_other"": false, ""officer_title"": null}, {""cik"": ""0002022121"", ""name"": ""Haveli Brooks Aggregator, L.P."", ""is_director"": true, ""is_officer"": false, ""is_ten_percent_owner"": true, ""is_other"": false, ""officer_title"": null}, {""cik"": ""0002022122"", ""name"": ""Haveli Investments Software Fund I GP, LLC"", ""is_director"": true, ""is_officer"": false, ""is_ten_percent_owner"": true, ""is_other"": false, ""officer_title"": null}, {""cik"": ""0002022117"", ""name"": ""Haveli Software Management LLC"", ""is_director"": true, ""is_officer"": false, ""is_ten_percent_owner"": true, ""is_other"": false, ""officer_title"": null}, {""cik"": ""0002022286"", ""name"": ""Haveli Investment Management LLC"", ""is_director"": true, ""is_officer"": false, ""is_ten_percent_owner"": true, ""is_other"": false, ""officer_title"": null}, {""cik"": ""0002022120"", ""name"": ""Whanau Interests LLC"", ""is_director"": true, ""is_officer"": false, ""is_ten_percent_owner"": true, ""is_other"": false, ""officer_title"": null}, {""cik"": ""0001782665"", ""name"": ""SHETH BRIAN NIRANJAN"", ""is_director"": true, ""is_officer"": false, ""is_ten_percent_owner"": true, ""is_other"": false, ""officer_title"": null}]",True,cb7d48c4ca72773d9de29a2aa7903ac87ffd18b729474e3e3262c4f9314dba71,2026-05-22 00:15:19,"Haveli Brooks Aggregator, L.P.; Haveli Investment Management LLC; Haveli Investments Software Fund I GP, LLC; Haveli Investments, L.P.; Haveli Software Management LLC; SHETH BRIAN NIRANJAN; Whanau Interests LLC","Blend Labs, Inc.",1.5199999809265137,6716812.748209818,,0.1292103721711328,0.0218487266732865,,True,True,True,True,True,4.369999885559082,-0.6521739082993019,7.0,ALERT,"[""purchase value >= $100k ($867,882)"", ""purchase value / ADV60 >= 5% (12.9%)"", ""current price within 15% of insider VWAP (2.2%)"", ""stock down at least 30% from 52w high (-65.2%)""]","[""market cap unavailable""]"
2026-05-22 00:11:23,0001104659-26-065311,1477845,ANVS,False,1477845,"Annovis Bio, Inc.",ANVS,Common Stock,2026-05-20,P,A,54933.0,1.8999,104367.2067,"[{""cik"": ""0001290208"", ""name"": ""Hoffman Michael B"", ""is_director"": true, ""is_officer"": false, ""is_ten_percent_owner"": false, ""is_other"": false, ""officer_title"": null}]",True,3ecc23535dad09f10abcd5c5153f405203eef587fc3048424ce705561d74ec81,2026-05-22 00:11:23,Hoffman Michael B,"Annovis Bio, Inc.",2.150000095367432,1914155.3609585683,,0.0545238954103156,0.1316385574858842,,True,True,True,True,True,5.099999904632568,-0.5784313459664017,7.0,ALERT,"[""purchase value >= $100k ($104,367)"", ""purchase value / ADV60 >= 5% (5.5%)"", ""current price within 15% of insider VWAP (13.2%)"", ""stock down at least 30% from 52w high (-57.8%)""]","[""market cap unavailable""]"
2026-05-22 00:15:19,0001193125-26-235156,2022286,BLND,False,1855747,"Blend Labs, Inc.",BLND,Class A Common Stock,2026-05-20,P,A,185611.0,1.4982,278082.4002,"[{""cik"": ""0002022284"", ""name"": ""Haveli Investments, L.P."", ""is_director"": true, ""is_officer"": false, ""is_ten_percent_owner"": true, ""is_other"": false, ""officer_title"": null}, {""cik"": ""0002022121"", ""name"": ""Haveli Brooks Aggregator, L.P."", ""is_director"": true, ""is_officer"": false, ""is_ten_percent_owner"": true, ""is_other"": false, ""officer_title"": null}, {""cik"": ""0002022122"", ""name"": ""Haveli Investments Software Fund I GP, LLC"", ""is_director"": true, ""is_officer"": false, ""is_ten_percent_owner"": true, ""is_other"": false, ""officer_title"": null}, {""cik"": ""0002022117"", ""name"": ""Haveli Software Management LLC"", ""is_director"": true, ""is_officer"": false, ""is_ten_percent_owner"": true, ""is_other"": false, ""officer_title"": null}, {""cik"": ""0002022286"", ""name"": ""Haveli Investment Management LLC"", ""is_director"": true, ""is_officer"": false, ""is_ten_percent_owner"": true, ""is_other"": false, ""officer_title"": null}, {""cik"": ""0002022120"", ""name"": ""Whanau Interests LLC"", ""is_director"": true, ""is_officer"": false, ""is_ten_percent_owner"": true, ""is_other"": false, ""officer_title"": null}, {""cik"": ""0001782665"", ""name"": ""SHETH BRIAN NIRANJAN"", ""is_director"": true, ""is_officer"": false, ""is_ten_percent_owner"": true, ""is_other"": false, ""officer_title"": null}]",True,569fddbac333c089b240d17c1789796cff3c28a5cb0a958a9d02720f03c4b934,2026-05-22 00:15:19,"Haveli Brooks Aggregator, L.P.; Haveli Investment Management LLC; Haveli Investments Software Fund I GP, LLC; Haveli Investments, L.P.; Haveli Software Management LLC; SHETH BRIAN NIRANJAN; Whanau Interests LLC","Blend Labs, Inc.",1.5199999809265137,6716812.748209818,,0.0414009457497702,0.0145507815555423,,True,False,True,True,False,4.369999885559082,-0.6521739082993019,6.0,WATCH,"[""purchase value >= $100k ($278,082)"", ""purchase value / ADV60 >= 2% (4.1%)"", ""current price within 15% of insider VWAP (1.5%)"", ""stock down at least 30% from 52w high (-65.2%)""]","[""market cap unavailable""]"
2026-05-21 23:55:56,0001297602-26-000029,1835856,BETR,False,1835856,Better Home & Finance Holding Co,BETR,Class A Common Stock,2026-05-21,P,A,15600.0,24.8928,388327.68,"[{""cik"": ""0001297602"", ""name"": ""Garg Vishal"", ""is_director"": true, ""is_officer"": true, ""is_ten_percent_owner"": true, ""is_other"": false, ""officer_title"": ""Chief Executive Officer""}]",True,3621c44f685d35ab9cc09d3d8dba66da64cc770d97bf938e61d4f6cad958755e,2026-05-21 23:55:56,Garg Vishal,Better Home & Finance Holding Co,25.030000686645508,19220385.25064952,,0.0202039488249527,0.0055116614702044,,True,False,True,True,False,86.06999969482422,-0.7091901850192446,6.0,WATCH,"[""purchase value >= $100k ($388,328)"", ""purchase value / ADV60 >= 2% (2.0%)"", ""current price within 15% of insider VWAP (0.6%)"", ""stock down at least 30% from 52w high (-70.9%)""]","[""market cap unavailable""]"
2026-05-22 00:38:05,0001193125-26-235184,2064307,LOGC,False,2064307,ContextLogic Holdings Inc.,LOGC,"Common Stock, par value $0.0001 per share",2026-05-20,P,A,87295.0,8.767,765315.265,"[{""cik"": ""0002021281"", ""name"": ""Bobbili Raja"", ""is_director"": true, ""is_officer"": false, ""is_ten_percent_owner"": true, ""is_other"": false, ""officer_title"": null}]",True,847ebe4ddf12d8e7d63f9c3c91702fd5e21810e402dbe5914bf2aec6d7a7b897,2026-05-22 00:38:05,Bobbili Raja,ContextLogic Holdings Inc.,8.550000190734863,980974.6056469282,,0.7801580801322515,-0.024751888817741,,True,True,True,True,True,8.800000190734863,-0.0284090902933404,5.0,WATCH,"[""purchase value >= $100k ($765,315)"", ""purchase value / ADV60 >= 5% (78.0%)"", ""current price below insider VWAP (-2.5%)""]","[""market cap unavailable""]"
2026-05-22 00:38:05,0001193125-26-235184,2064307,LOGC,False,2064307,ContextLogic Holdings Inc.,LOGC,"Common Stock, par value $0.0001 per share",2026-05-21,P,A,45430.0,8.688,394695.84,"[{""cik"": ""0002021281"", ""name"": ""Bobbili Raja"", ""is_director"": true, ""is_officer"": false, ""is_ten_percent_owner"": true, ""is_other"": false, ""officer_title"": null}]",True,d027e066f1ab6f9ee4efa7cfc746351830ed60500390bbddb199f129a0b914b4,2026-05-22 00:38:05,Bobbili Raja,ContextLogic Holdings Inc.,8.550000190734863,980974.6056469282,,0.4023507211378912,-0.0158839559467238,,True,True,True,True,True,8.800000190734863,-0.0284090902933404,5.0,WATCH,"[""purchase value >= $100k ($394,696)"", ""purchase value / ADV60 >= 5% (40.2%)"", ""current price below insider VWAP (-1.6%)""]","[""market cap unavailable""]"
2026-05-22 00:38:05,0001193125-26-235184,2064307,LOGC,False,2064307,ContextLogic Holdings Inc.,LOGC,"Common Stock, par value $0.0001 per share",2026-05-19,P,A,17275.0,8.738,150948.95,"[{""cik"": ""0002021281"", ""name"": ""Bobbili Raja"", ""is_director"": true, ""is_officer"": false, ""is_ten_percent_owner"": true, ""is_other"": false, ""officer_title"": null}]",True,6cc07dcffe2313c799b860ad69b11e8c9d1e6ebfeb0434c740478ad498506aa0,2026-05-22 00:38:05,Bobbili Raja,ContextLogic Holdings Inc.,8.550000190734863,980974.6056469282,,0.153876511309335,-0.0215151990461359,,True,True,True,True,True,8.800000190734863,-0.0284090902933404,5.0,WATCH,"[""purchase value >= $100k ($150,949)"", ""purchase value / ADV60 >= 5% (15.4%)"", ""current price below insider VWAP (-2.2%)""]","[""market cap unavailable""]"
2026-05-22 00:22:43,0001292814-26-003161,1983639,CSAN3,False,1430162,Cosan S.A.,CSAN3,COMMON STOCK (BVMF: CSAN3),2026-05-19,P,A,2441528.0,5.14,12549453.92,"[{""cik"": ""0001983639"", ""name"": ""Martins Marcelo Eduardo"", ""is_director"": true, ""is_officer"": true, ""is_ten_percent_owner"": false, ""is_other"": false, ""officer_title"": ""Chief Executive Officer""}]",True,7d1068f58b9884efaf3de6b1a11c1aac0e4858f8e33861340c3519fb147ad19b,2026-05-22 00:22:43,Martins Marcelo Eduardo,Cosan S.A.,,,,,,,False,False,False,False,False,,,1.0,ARCHIVE,"[""purchase value >= $2m ($12,549,454)""]","[""ADV60 unavailable"", ""latest price or insider VWAP unavailable; price gate cannot be verified"", ""52w drawdown unavailable"", ""market cap unavailable""]"
2026-05-22 00:22:43,0001292814-26-003161,1983639,CSAN3,False,1430162,Cosan S.A.,CSAN3,COMMON STOCK (BVMF: CSAN3),2026-04-10,P,A,1599086.0,7.0482,11270677.9452,"[{""cik"": ""0001983639"", ""name"": ""Martins Marcelo Eduardo"", ""is_director"": true, ""is_officer"": true, ""is_ten_percent_owner"": false, ""is_other"": false, ""officer_title"": ""Chief Executive Officer""}]",True,63b61ac32195f6f39a96f196139e4f567bc81a2373c90def277b5d37e3c7f64f,2026-05-22 00:22:43,Martins Marcelo Eduardo,Cosan S.A.,,,,,,,False,False,False,False,False,,,1.0,ARCHIVE,"[""purchase value >= $2m ($11,270,678)""]","[""ADV60 unavailable"", ""latest price or insider VWAP unavailable; price gate cannot be verified"", ""52w drawdown unavailable"", ""market cap unavailable""]"
2026-05-22 22:03:39,0001437749-26-018295,2078030,PNBK,False,1098146,PATRIOT NATIONAL BANCORP INC,PNBK,Common Stock,2026-05-20,P,A,87719.0,1.15,100876.85,"[{""cik"": ""0002078030"", ""name"": ""De Tomasi Mario"", ""is_director"": true, ""is_officer"": null, ""is_ten_percent_owner"": null, ""is_other"": null, ""officer_title"": null}]",True,18d7ebddb6e1587bf1918e272fe6cec99ccea24b9de7a76056337bdd16b043c0,2026-05-22 22:03:39,De Tomasi Mario,PATRIOT NATIONAL BANCORP INC,1.0700000524520874,464381.61333103775,,0.2172283464808268,-0.0695651717807934,,True,True,True,True,True,5.400000095367432,-0.8018518456379247,7.0,ALERT,"[""purchase value >= $100k ($100,877)"", ""purchase value / ADV60 >= 5% (21.7%)"", ""current price below insider VWAP (-7.0%)"", ""stock down at least 30% from 52w high (-80.2%)""]","[""market cap unavailable""]"
2026-05-22 23:47:34,0001231919-26-000532,2086456,KLRS,False,1754068,"Kalaris Therapeutics, Inc.",KLRS,Common Stock,2026-05-20,P,A,244300.0,4.83,1179969.0,"[{""cik"": ""0001253170"", ""name"": ""AKKARAJU SRINIVAS"", ""is_director"": true, ""is_officer"": false, ""is_ten_percent_owner"": true, ""is_other"": false, ""officer_title"": null}, {""cik"": ""0001699737"", ""name"": ""Samsara BioCapital, L.P."", ""is_director"": false, ""is_officer"": false, ""is_ten_percent_owner"": true, ""is_other"": false, ""officer_title"": null}, {""cik"": ""0001888829"", ""name"": ""Samsara BioCapital GP, LLC"", ""is_director"": false, ""is_officer"": false, ""is_ten_percent_owner"": true, ""is_other"": false, ""officer_title"": null}, {""cik"": ""0002086193"", ""name"": ""Samsara Opportunity Fund, L.P."", ""is_director"": false, ""is_officer"": false, ""is_ten_percent_owner"": true, ""is_other"": false, ""officer_title"": null}, {""cik"": ""0002086456"", ""name"": ""Samsara Opportunity Fund GP, LLC"", ""is_director"": false, ""is_officer"": false, ""is_ten_percent_owner"": true, ""is_other"": false, ""officer_title"": null}]",True,01f90fc1b90051d72844577e1063e2ee49fba25b3c0e4ba61436b2fc3150774a,2026-05-22 23:47:34,"AKKARAJU SRINIVAS; Samsara BioCapital GP, LLC; Samsara BioCapital, L.P.; Samsara Opportunity Fund GP, LLC; Samsara Opportunity Fund, L.P.","Kalaris Therapeutics, Inc.",4.920000076293945,485583.83617480594,,2.430000572702798,0.0186335561685186,,True,True,True,True,True,10.979999542236328,-0.5519125426764931,8.0,ALERT,"[""purchase value >= $1m ($1,179,969)"", ""purchase value / ADV60 >= 5% (243.0%)"", ""current price within 15% of insider VWAP (1.9%)"", ""stock down at least 30% from 52w high (-55.2%)""]","[""market cap unavailable""]"
2026-05-22 22:06:09,0001628280-26-037841,2007596,TWFG,False,2007596,"TWFG, Inc.",TWFG,Class A Common Stock,2026-05-21,P,A,17538.0,18.52,324803.76,"[{""cik"": ""0001611672"", ""name"": ""DOAK MICHAEL"", ""is_director"": true, ""is_officer"": false, ""is_ten_percent_owner"": false, ""is_other"": false, ""officer_title"": null}]",True,efac605186e17e42f26987eee3dcd6a0065d5e7f6192264142e14b7cc8459427,2026-05-22 22:06:09,DOAK MICHAEL,"TWFG, Inc.",18.86000061035156,5285860.476557414,,0.0614476604973763,0.0183585642738424,,True,True,True,True,True,36.040000915527344,-0.4766925601762127,7.0,ALERT,"[""purchase value >= $100k ($324,804)"", ""purchase value / ADV60 >= 5% (6.1%)"", ""current price within 15% of insider VWAP (1.8%)"", ""stock down at least 30% from 52w high (-47.7%)""]","[""market cap unavailable""]"
2026-05-22 22:06:09,0001628280-26-037841,2007596,TWFG,False,2007596,"TWFG, Inc.",TWFG,Class A Common Stock,2026-05-20,P,A,15745.0,18.79,295848.55,"[{""cik"": ""0001611672"", ""name"": ""DOAK MICHAEL"", ""is_director"": true, ""is_officer"": false, ""is_ten_percent_owner"": false, ""is_other"": false, ""officer_title"": null}]",True,54b57f64fd3da53a92582328a367b4b08cc25f4456a06a955d339e007abf4c5d,2026-05-22 22:06:09,DOAK MICHAEL,"TWFG, Inc.",18.86000061035156,5285860.476557414,,0.0559697992998636,0.0037254183263204,,True,True,True,True,True,36.040000915527344,-0.4766925601762127,7.0,ALERT,"[""purchase value >= $100k ($295,849)"", ""purchase value / ADV60 >= 5% (5.6%)"", ""current price within 15% of insider VWAP (0.4%)"", ""stock down at least 30% from 52w high (-47.7%)""]","[""market cap unavailable""]"
2026-05-23 01:42:02,0001628280-26-037910,2080770,BRCB,False,2068577,"Black Rock Coffee Bar, Inc.",BRCB,Class A Common Stock,2026-05-21,P,A,45080.0,6.51,293470.8,"[{""cik"": ""0002080770"", ""name"": ""Geyer Clay Howard"", ""is_director"": false, ""is_officer"": true, ""is_ten_percent_owner"": false, ""is_other"": false, ""officer_title"": ""Chief Operating Officer""}]",True,f813cae139a3c4a433829eba99c451cb8cf35199fed8082472d345c2adbedbf0,2026-05-23 01:42:02,Geyer Clay Howard,"Black Rock Coffee Bar, Inc.",6.809999942779541,7087054.09304301,,0.0414094200703342,0.0460829405191307,,True,False,True,True,False,27.84000015258789,-0.7553879344305063,6.0,WATCH,"[""purchase value >= $100k ($293,471)"", ""purchase value / ADV60 >= 2% (4.1%)"", ""current price within 15% of insider VWAP (4.6%)"", ""stock down at least 30% from 52w high (-75.5%)""]","[""market cap unavailable""]"
2026-05-23 01:04:24,0001628280-26-037908,1871335,MKTW,False,1805651,"MARKETWISE, INC.",MKTW,Class A Common Stock,2026-05-20,P,A,20100.0,17.21,345921.0,"[{""cik"": ""0001871335"", ""name"": ""Stansberry Frank Porter"", ""is_director"": true, ""is_officer"": false, ""is_ten_percent_owner"": true, ""is_other"": false, ""officer_title"": null}]",True,6c0001eb816cf81af1363d2144b859f786b6588a75fbab8115b8f1e3c5927a30,2026-05-23 01:04:24,Stansberry Frank Porter,"MARKETWISE, INC.",17.989999771118164,493826.6517384847,,0.7004907466662796,0.0453224736268542,,True,True,True,True,True,20.14114570617676,-0.1068035536031544,5.0,WATCH,"[""purchase value >= $100k ($345,921)"", ""purchase value / ADV60 >= 5% (70.0%)"", ""current price within 15% of insider VWAP (4.5%)""]","[""market cap unavailable""]"
2026-05-23 01:47:40,0001437749-26-018308,1617176,NXDT,False,1356115,NEXPOINT DIVERSIFIED REAL ESTATE TRUST,NXDT,Common Stock,2026-05-20,P,A,53663.0,4.9,262948.7,"[{""cik"": ""0001617176"", ""name"": ""NORRIS DUSTIN DAVID"", ""is_director"": null, ""is_officer"": true, ""is_ten_percent_owner"": null, ""is_other"": null, ""officer_title"": ""See Remarks""}]",True,5e44a298a077bd0a37f0af483761cf22be1b9111381d6ebb395780bb19105ee5,2026-05-23 01:47:40,NORRIS DUSTIN DAVID,NEXPOINT DIVERSIFIED REAL ESTATE TRUST,4.619999885559082,648793.7432344755,,0.4052885878478174,-0.0571428804981466,,True,True,True,True,True,5.257724761962891,-0.1212929366362882,5.0,WATCH,"[""purchase value >= $100k ($262,949)"", ""purchase value / ADV60 >= 5% (40.5%)"", ""current price below insider VWAP (-5.7%)""]","[""market cap unavailable""]"
2026-05-23 01:05:12,0000950103-26-007679,2112308,PAX,False,1825570,Patria Investments Ltd,PAX,Class A Common Shares,2026-05-15,P,A,15000.0,11.4,171000.0,"[{""cik"": ""0002112308"", ""name"": ""Neto Olimpio Matarazzo"", ""is_director"": true, ""is_officer"": false, ""is_ten_percent_owner"": false, ""is_other"": false, ""officer_title"": null}]",True,c3373b0f65f380626dab4b2b8c4e3093d04b5163a24c7ae67d465e37b185029a,2026-05-23 01:05:12,Neto Olimpio Matarazzo,Patria Investments Ltd,11.020000457763672,11198866.272323929,,0.0152694027986205,-0.0333332931786253,,False,False,True,False,False,17.15184783935547,-0.3575036018872599,4.0,WATCH,"[""purchase value >= $100k ($171,000)"", ""current price below insider VWAP (-3.3%)"", ""stock down at least 30% from 52w high (-35.8%)""]","[""market cap unavailable""]"
2026-05-23 01:05:12,0000950103-26-007679,2112308,PAX,False,1825570,Patria Investments Ltd,PAX,Class A Common Shares,2026-05-21,P,A,15000.0,11.14,167100.0,"[{""cik"": ""0002112308"", ""name"": ""Neto Olimpio Matarazzo"", ""is_director"": true, ""is_officer"": false, ""is_ten_percent_owner"": false, ""is_other"": false, ""officer_title"": null}]",True,70b89b728c47f99ef12f784bf91a133351463c2d85c205ff4dfc6549d608e867,2026-05-23 01:05:12,Neto Olimpio Matarazzo,Patria Investments Ltd,11.020000457763672,11198866.272323929,,0.0149211532611081,-0.0107719517267799,,False,False,True,False,False,17.15184783935547,-0.3575036018872599,4.0,WATCH,"[""purchase value >= $100k ($167,100)"", ""current price below insider VWAP (-1.1%)"", ""stock down at least 30% from 52w high (-35.8%)""]","[""market cap unavailable""]"
2026-05-23 01:05:12,0000950103-26-007679,2112308,PAX,False,1825570,Patria Investments Ltd,PAX,Class A Common Shares,2026-05-20,P,A,15000.0,10.99,164850.0,"[{""cik"": ""0002112308"", ""name"": ""Neto Olimpio Matarazzo"", ""is_director"": true, ""is_officer"": false, ""is_ten_percent_owner"": false, ""is_other"": false, ""officer_title"": null}]",True,2eee6a3f05bf095e45480d80d8d3e3a74f39221753476574c4009c8a0157ce07,2026-05-23 01:05:12,Neto Olimpio Matarazzo,Patria Investments Ltd,11.020000457763672,11198866.272323929,,0.0147202400663894,0.0027297959748564,,False,False,True,False,False,17.15184783935547,-0.3575036018872599,4.0,WATCH,"[""purchase value >= $100k ($164,850)"", ""current price within 15% of insider VWAP (0.3%)"", ""stock down at least 30% from 52w high (-35.8%)""]","[""market cap unavailable""]"
2026-05-22 23:24:53,0001987058-26-000002,1987058,LTC,False,887905,LTC PROPERTIES INC,LTC,Common Stock,2026-05-21,P,A,4000.0,38.41,153640.0,"[{""cik"": ""0001987058"", ""name"": ""Gruber David L"", ""is_director"": true, ""is_officer"": false, ""is_ten_percent_owner"": false, ""is_other"": false, ""officer_title"": null}]",True,17fa1b130eb0cf65027340eb4ddfb315a7c3cce20693807db9cee5168c488a81,2026-05-22 23:24:53,Gruber David L,LTC PROPERTIES INC,38.47999954223633,14498379.105122885,,0.0105970466688729,0.0018224301545517,,False,False,True,False,False,39.75837707519531,-0.0321536648878091,2.0,ARCHIVE,"[""purchase value >= $100k ($153,640)"", ""current price within 15% of insider VWAP (0.2%)""]","[""market cap unavailable""]"
2026-05-27 00:47:44,0001104659-26-066477,1675841,WHF,False,1552198,"WhiteHorse Finance, Inc.",WHF,"Common Stock, par value $0.001 per share",2026-05-21,P,A,20000.0,6.67,133400.0,"[{""cik"": ""0001675841"", ""name"": ""Aronson Stuart D"", ""is_director"": true, ""is_officer"": true, ""is_ten_percent_owner"": false, ""is_other"": false, ""officer_title"": ""Chief Executive Officer""}]",True,edb92c15d9a21c98a15591b2c4a4eebaa6c6b01cb6f9eabd124a2b32c1326dca,2026-05-27 00:47:44,Aronson Stuart D,"WhiteHorse Finance, Inc.",6.619999885559082,792531.460375913,,0.1683213937484902,-0.0074962690316219,,True,True,True,True,True,7.850851058959961,-0.1567793305664794,6.0,WATCH,"[""purchase value >= $100k ($133,400)"", ""purchase value / ADV60 >= 5% (16.8%)"", ""current price below insider VWAP (-0.7%)"", ""stock down at least 15% from 52w high (-15.7%)""]","[""market cap unavailable""]"
2026-05-26 23:01:58,0001628280-26-038287,1871335,MKTW,False,1805651,"MARKETWISE, INC.",MKTW,Class A Common Stock,2026-05-22,P,A,10000.0,17.88,178800.0,"[{""cik"": ""0001871335"", ""name"": ""Stansberry Frank Porter"", ""is_director"": true, ""is_officer"": false, ""is_ten_percent_owner"": true, ""is_other"": false, ""officer_title"": null}]",True,ba17caaf3a4f588accb6187c0d29b8eda54a8a791050d8f32ea093a1d356633b,2026-05-26 23:01:58,Stansberry Frank Porter,"MARKETWISE, INC.",17.225000381469727,499297.213954703,,0.3581033400603373,-0.0366330882846908,,True,True,True,True,True,20.14114570617676,-0.1447854738379022,5.0,WATCH,"[""purchase value >= $100k ($178,800)"", ""purchase value / ADV60 >= 5% (35.8%)"", ""current price below insider VWAP (-3.7%)""]","[""market cap unavailable""]"
2026-05-26 23:39:32,0001628280-26-038297,1703893,MELI,False,1099590,MERCADOLIBRE INC,MELI,Common Stock,2026-05-22,P,A,505.0,1656.1,836330.5,"[{""cik"": ""0001703893"", ""name"": ""Aguzin Alejandro Nicolas"", ""is_director"": true, ""is_officer"": false, ""is_ten_percent_owner"": false, ""is_other"": false, ""officer_title"": null}]",True,01c6627502fc738e41f51fd5aba5b5485969377e80b65c8229f51447ab735e97,2026-05-26 23:39:32,Aguzin Alejandro Nicolas,MERCADOLIBRE INC,1648.0400390625,942984734.560376,,0.0008868971780226,-0.0048668322791497,,False,False,True,False,False,2613.6298828125,-0.3694439867327116,4.0,WATCH,"[""purchase value >= $100k ($836,330)"", ""current price below insider VWAP (-0.5%)"", ""stock down at least 30% from 52w high (-36.9%)""]","[""market cap unavailable""]"
2026-05-26 23:39:32,0001628280-26-038297,1703893,MELI,False,1099590,MERCADOLIBRE INC,MELI,Common Stock,2026-05-22,P,A,95.0,1655.01,157225.95,"[{""cik"": ""0001703893"", ""name"": ""Aguzin Alejandro Nicolas"", ""is_director"": true, ""is_officer"": false, ""is_ten_percent_owner"": false, ""is_other"": false, ""officer_title"": null}]",True,6bcf802baa50dd2e196fd45b1b0998eaa9cf9b6ac03b50428c61a00d1e4cdf27,2026-05-26 23:39:32,Aguzin Alejandro Nicolas,MERCADOLIBRE INC,1648.0400390625,942984734.560376,,0.0001667322324929,-0.0042114313131038,,False,False,True,False,False,2613.6298828125,-0.3694439867327116,4.0,WATCH,"[""purchase value >= $100k ($157,226)"", ""current price below insider VWAP (-0.4%)"", ""stock down at least 30% from 52w high (-36.9%)""]","[""market cap unavailable""]"
2026-05-26 22:44:54,0001519419-26-000011,1932393,GEHC,False,1932393,GE HealthCare Technologies Inc.,GEHC,"Common Stock, par value $0.01 per share",2026-05-22,P,A,10000.0,64.18,641800.0,"[{""cik"": ""0001519419"", ""name"": ""Lobo Kevin"", ""is_director"": true, ""is_officer"": false, ""is_ten_percent_owner"": false, ""is_other"": false, ""officer_title"": null}]",True,d4788c67e67886135fc5079621420e46acba0a009e1fd3684bc19c0ccac80e65,2026-05-26 22:44:54,Lobo Kevin,GE HealthCare Technologies Inc.,64.18000030517578,313878863.47475487,,0.0020447378740162,4.754997950939811e-09,,False,False,True,False,False,88.08214569091797,-0.271361979187193,3.0,ARCHIVE,"[""purchase value >= $100k ($641,800)"", ""current price within 15% of insider VWAP (0.0%)"", ""stock down at least 15% from 52w high (-27.1%)""]","[""market cap unavailable""]"
2026-05-26 23:04:25,0001543777-26-000005,1543777,ENPH,False,1463101,"Enphase Energy, Inc.",ENPH,Common Stock,2026-05-26,P,A,4400.0,67.3749,296449.56,"[{""cik"": ""0001543777"", ""name"": ""Kothandaraman Badrinarayanan"", ""is_director"": true, ""is_officer"": true, ""is_ten_percent_owner"": false, ""is_other"": false, ""officer_title"": ""President & CEO""}]",True,ebde29756f3f3082d3f1a28c55e843094080c09cfc33adf448189dbccad56822,2026-05-26 23:04:25,Kothandaraman Badrinarayanan,"Enphase Energy, Inc.",66.9000015258789,295733049.4449113,,0.0010024228288195,-0.0070485963485079,,False,False,True,False,False,66.9000015258789,0.0,2.0,ARCHIVE,"[""purchase value >= $100k ($296,450)"", ""current price below insider VWAP (-0.7%)""]","[""market cap unavailable""]"
2026-05-27 22:38:12,0001193125-26-242341,2022286,BLND,False,1855747,"Blend Labs, Inc.",BLND,Class A Common Stock,2026-05-22,P,A,798223.0,1.4809,1182088.4407,"[{""cik"": ""0002022284"", ""name"": ""Haveli Investments, L.P."", ""is_director"": true, ""is_officer"": false, ""is_ten_percent_owner"": true, ""is_other"": false, ""officer_title"": null}, {""cik"": ""0002022121"", ""name"": ""Haveli Brooks Aggregator, L.P."", ""is_director"": true, ""is_officer"": false, ""is_ten_percent_owner"": true, ""is_other"": false, ""officer_title"": null}, {""cik"": ""0002022122"", ""name"": ""Haveli Investments Software Fund I GP, LLC"", ""is_director"": true, ""is_officer"": false, ""is_ten_percent_owner"": true, ""is_other"": false, ""officer_title"": null}, {""cik"": ""0002022117"", ""name"": ""Haveli Software Management LLC"", ""is_director"": true, ""is_officer"": false, ""is_ten_percent_owner"": true, ""is_other"": false, ""officer_title"": null}, {""cik"": ""0002022286"", ""name"": ""Haveli Investment Management LLC"", ""is_director"": true, ""is_officer"": false, ""is_ten_percent_owner"": true, ""is_other"": false, ""officer_title"": null}, {""cik"": ""0002022120"", ""name"": ""Whanau Interests LLC"", ""is_director"": true, ""is_officer"": false, ""is_ten_percent_owner"": true, ""is_other"": false, ""officer_title"": null}, {""cik"": ""0001782665"", ""name"": ""SHETH BRIAN NIRANJAN"", ""is_director"": true, ""is_officer"": false, ""is_ten_percent_owner"": true, ""is_other"": false, ""officer_title"": null}]",True,5129d9ea84b8e9b689d2bdc2052183d2893d6fa0b103453cf235efa6fb61c20f,2026-05-27 22:38:12,"Haveli Brooks Aggregator, L.P.; Haveli Investment Management LLC; Haveli Investments Software Fund I GP, LLC; Haveli Investments, L.P.; Haveli Software Management LLC; SHETH BRIAN NIRANJAN; Whanau Interests LLC","Blend Labs, Inc.",1.559999942779541,6764876.223380184,,0.1747391085463718,0.0534134261459524,,True,True,True,True,True,4.369999885559082,-0.6430205987110775,8.0,ALERT,"[""purchase value >= $1m ($1,182,088)"", ""purchase value / ADV60 >= 5% (17.5%)"", ""current price within 15% of insider VWAP (5.3%)"", ""stock down at least 30% from 52w high (-64.3%)""]","[""market cap unavailable""]"
2026-05-27 22:18:27,0001628280-26-038557,2007596,TWFG,False,2007596,"TWFG, Inc.",TWFG,Class A Common Stock,2026-05-27,P,A,24880.0,18.62,463265.6,"[{""cik"": ""0001611672"", ""name"": ""DOAK MICHAEL"", ""is_director"": true, ""is_officer"": false, ""is_ten_percent_owner"": false, ""is_other"": false, ""officer_title"": null}]",True,c4b5d9c8bd77495ea9f66a6b1d372282910e26cc142b9f81c343710b9ef48fc9,2026-05-27 22:18:27,DOAK MICHAEL,"TWFG, Inc.",18.56999969482422,5208472.898300934,,0.0889446117980421,-0.0026853010298486,,True,True,True,True,True,36.040000915527344,-0.4847392002472567,7.0,ALERT,"[""purchase value >= $100k ($463,266)"", ""purchase value / ADV60 >= 5% (8.9%)"", ""current price below insider VWAP (-0.3%)"", ""stock down at least 30% from 52w high (-48.5%)""]","[""market cap unavailable""]"
2026-05-27 22:38:12,0001193125-26-242341,2022286,BLND,False,1855747,"Blend Labs, Inc.",BLND,Class A Common Stock,2026-05-26,P,A,243805.0,1.4591,355735.8755,"[{""cik"": ""0002022284"", ""name"": ""Haveli Investments, L.P."", ""is_director"": true, ""is_officer"": false, ""is_ten_percent_owner"": true, ""is_other"": false, ""officer_title"": null}, {""cik"": ""0002022121"", ""name"": ""Haveli Brooks Aggregator, L.P."", ""is_director"": true, ""is_officer"": false, ""is_ten_percent_owner"": true, ""is_other"": false, ""officer_title"": null}, {""cik"": ""0002022122"", ""name"": ""Haveli Investments Software Fund I GP, LLC"", ""is_director"": true, ""is_officer"": false, ""is_ten_percent_owner"": true, ""is_other"": false, ""officer_title"": null}, {""cik"": ""0002022117"", ""name"": ""Haveli Software Management LLC"", ""is_director"": true, ""is_officer"": false, ""is_ten_percent_owner"": true, ""is_other"": false, ""officer_title"": null}, {""cik"": ""0002022286"", ""name"": ""Haveli Investment Management LLC"", ""is_director"": true, ""is_officer"": false, ""is_ten_percent_owner"": true, ""is_other"": false, ""officer_title"": null}, {""cik"": ""0002022120"", ""name"": ""Whanau Interests LLC"", ""is_director"": true, ""is_officer"": false, ""is_ten_percent_owner"": true, ""is_other"": false, ""officer_title"": null}, {""cik"": ""0001782665"", ""name"": ""SHETH BRIAN NIRANJAN"", ""is_director"": true, ""is_officer"": false, ""is_ten_percent_owner"": true, ""is_other"": false, ""officer_title"": null}]",True,f46c93f6857824f7c3b77f14f37973ea40d2d103dd2e80cd839eb3b91962a506,2026-05-27 22:38:12,"Haveli Brooks Aggregator, L.P.; Haveli Investment Management LLC; Haveli Investments Software Fund I GP, LLC; Haveli Investments, L.P.; Haveli Software Management LLC; SHETH BRIAN NIRANJAN; Whanau Interests LLC","Blend Labs, Inc.",1.559999942779541,6764876.223380184,,0.0525857183122636,0.0691521779038728,,True,True,True,True,True,4.369999885559082,-0.6430205987110775,7.0,ALERT,"[""purchase value >= $100k ($355,736)"", ""purchase value / ADV60 >= 5% (5.3%)"", ""current price within 15% of insider VWAP (6.9%)"", ""stock down at least 30% from 52w high (-64.3%)""]","[""market cap unavailable""]"
2026-05-27 22:42:33,0001437749-26-018632,1720104,BOC,False,1494582,BOSTON OMAHA Corp,BOC,"Class A common stock, par value $0.001 per share",2026-05-26,P,A,11046.0,12.8176,141583.2096,"[{""cik"": ""0001720104"", ""name"": ""Royal Jeffrey C"", ""is_director"": true, ""is_officer"": null, ""is_ten_percent_owner"": null, ""is_other"": null, ""officer_title"": null}]",True,48be746a976a775a3043ccb3e9f2b1760fb4fc7de3d4f8cb5bd4af418ac03c63,2026-05-27 22:42:33,Royal Jeffrey C,BOSTON OMAHA Corp,12.59000015258789,2195756.9786036173,,0.0644803641658191,-0.0177568224482047,,True,True,True,True,True,14.960000038146973,-0.1584224518392878,6.0,WATCH,"[""purchase value >= $100k ($141,583)"", ""purchase value / ADV60 >= 5% (6.4%)"", ""current price below insider VWAP (-1.8%)"", ""stock down at least 15% from 52w high (-15.8%)""]","[""market cap unavailable""]"
2026-05-27 22:42:33,0001437749-26-018632,1720104,BOC,False,1494582,BOSTON OMAHA Corp,BOC,"Class A common stock, par value $0.001 per share",2026-05-27,P,A,10000.0,12.82,128200.0,"[{""cik"": ""0001720104"", ""name"": ""Royal Jeffrey C"", ""is_director"": true, ""is_officer"": null, ""is_ten_percent_owner"": null, ""is_other"": null, ""officer_title"": null}]",True,85c26f5784cfe902594c24888322b23116c055f36f4a9f704643a7962ee42fa4,2026-05-27 22:42:33,Royal Jeffrey C,BOSTON OMAHA Corp,12.59000015258789,2195756.9786036173,,0.0583853319147951,-0.0179407057263736,,True,True,True,True,True,14.960000038146973,-0.1584224518392878,6.0,WATCH,"[""purchase value >= $100k ($128,200)"", ""purchase value / ADV60 >= 5% (5.8%)"", ""current price below insider VWAP (-1.8%)"", ""stock down at least 15% from 52w high (-15.8%)""]","[""market cap unavailable""]"
2026-05-27 22:42:33,0001437749-26-018632,1720104,BOC,False,1494582,BOSTON OMAHA Corp,BOC,"Class A common stock, par value $0.001 per share",2026-05-27,P,A,10000.0,12.72,127200.0,"[{""cik"": ""0001720104"", ""name"": ""Royal Jeffrey C"", ""is_director"": true, ""is_officer"": null, ""is_ten_percent_owner"": null, ""is_other"": null, ""officer_title"": null}]",True,d28b4afacbb855fc3ebe09928636c6a3878f0ba36a23ee8d1d20be2ea9fa7561,2026-05-27 22:42:33,Royal Jeffrey C,BOSTON OMAHA Corp,12.59000015258789,2195756.9786036173,,0.0579299081089075,-0.0102201137902602,,True,True,True,True,True,14.960000038146973,-0.1584224518392878,6.0,WATCH,"[""purchase value >= $100k ($127,200)"", ""purchase value / ADV60 >= 5% (5.8%)"", ""current price below insider VWAP (-1.0%)"", ""stock down at least 15% from 52w high (-15.8%)""]","[""market cap unavailable""]"
2026-05-27 22:42:33,0001437749-26-018632,1720104,BOC,False,1494582,BOSTON OMAHA Corp,BOC,"Class A common stock, par value $0.001 per share",2026-05-22,P,A,10000.0,12.4,124000.0,"[{""cik"": ""0001720104"", ""name"": ""Royal Jeffrey C"", ""is_director"": true, ""is_officer"": null, ""is_ten_percent_owner"": null, ""is_other"": null, ""officer_title"": null}]",True,03009d933aacc2a956fdaab5a50347f1801161adac0ac76ebb40b2447421e2bb,2026-05-27 22:42:33,Royal Jeffrey C,BOSTON OMAHA Corp,12.59000015258789,2195756.9786036173,,0.056472551930067,0.0153225929506362,,True,True,True,True,True,14.960000038146973,-0.1584224518392878,6.0,WATCH,"[""purchase value >= $100k ($124,000)"", ""purchase value / ADV60 >= 5% (5.6%)"", ""current price within 15% of insider VWAP (1.5%)"", ""stock down at least 15% from 52w high (-15.8%)""]","[""market cap unavailable""]"
2026-05-27 22:18:27,0001628280-26-038557,2007596,TWFG,False,2007596,"TWFG, Inc.",TWFG,Class A Common Stock,2026-05-26,P,A,11000.0,19.23,211530.0,"[{""cik"": ""0001611672"", ""name"": ""DOAK MICHAEL"", ""is_director"": true, ""is_officer"": false, ""is_ten_percent_owner"": false, ""is_other"": false, ""officer_title"": null}]",True,ba3fedabc042b3ca0f5d450acfe4d55a2997b8627688841e18711df1c1e6b475,2026-05-27 22:18:27,DOAK MICHAEL,"TWFG, Inc.",18.56999969482422,5208472.898300934,,0.040612671723607,-0.0343213887246895,,True,False,True,True,False,36.040000915527344,-0.4847392002472567,6.0,WATCH,"[""purchase value >= $100k ($211,530)"", ""purchase value / ADV60 >= 2% (4.1%)"", ""current price below insider VWAP (-3.4%)"", ""stock down at least 30% from 52w high (-48.5%)""]","[""market cap unavailable""]"
2026-05-27 22:18:27,0001628280-26-038557,2007596,TWFG,False,2007596,"TWFG, Inc.",TWFG,Class A Common Stock,2026-05-22,P,A,11000.0,18.89,207790.0,"[{""cik"": ""0001611672"", ""name"": ""DOAK MICHAEL"", ""is_director"": true, ""is_officer"": false, ""is_ten_percent_owner"": false, ""is_other"": false, ""officer_title"": null}]",True,2c152a346ab15efe51a797a92fa55485b4e1b46dcefe061e12c0223cd8fde8dc,2026-05-27 22:18:27,DOAK MICHAEL,"TWFG, Inc.",18.56999969482422,5208472.898300934,,0.0398946109651033,-0.016940196144827,,True,False,True,True,False,36.040000915527344,-0.4847392002472567,6.0,WATCH,"[""purchase value >= $100k ($207,790)"", ""purchase value / ADV60 >= 2% (4.0%)"", ""current price below insider VWAP (-1.7%)"", ""stock down at least 30% from 52w high (-48.5%)""]","[""market cap unavailable""]"
2026-05-27 23:25:09,0001493152-26-025476,1828673,HCWB,False,1828673,HCW Biologics Inc.,HCWB,Common Stock,2026-05-22,P,A,177936.0,1.405,250000.08,"[{""cik"": ""0001231174"", ""name"": ""GARRETT SCOTT T"", ""is_director"": true, ""is_officer"": false, ""is_ten_percent_owner"": false, ""is_other"": false, ""officer_title"": null}]",True,20a33285dcf9881dec2e845821cbe1a2b1a4d76b716700c284680b4b2ee98b38,2026-05-27 23:25:09,GARRETT SCOTT T,HCW Biologics Inc.,1.940000057220459,27319227.59831056,,0.0091510669216526,0.3807829588757714,,False,False,False,False,False,8.020000457763672,-0.7581047448267333,0.0,ARCHIVE,"[""purchase value >= $100k ($250,000)"", ""stock down at least 30% from 52w high (-75.8%)""]","[""current price more than 15% above insider VWAP (38.1%)"", ""market cap unavailable""]"
2026-05-27 23:26:32,0001493152-26-025478,1866258,HCWB,False,1828673,HCW Biologics Inc.,HCWB,Common Stock,2026-05-22,P,A,113879.0,1.405,159999.995,"[{""cik"": ""0001866258"", ""name"": ""Wong Hing C"", ""is_director"": true, ""is_officer"": true, ""is_ten_percent_owner"": true, ""is_other"": false, ""officer_title"": ""Chief Executive Officer""}]",True,66e10654aef6c947ec2035b00b2a3ce6171d74a583e280c490f85c84b8be2ddc,2026-05-27 23:26:32,Wong Hing C,HCW Biologics Inc.,1.940000057220459,27319227.59831056,,0.0058566807726985,0.3807829588757714,,False,False,False,False,False,8.020000457763672,-0.7581047448267333,0.0,ARCHIVE,"[""purchase value >= $100k ($160,000)"", ""stock down at least 30% from 52w high (-75.8%)""]","[""current price more than 15% above insider VWAP (38.1%)"", ""market cap unavailable""]"
2026-05-28 00:58:51,0002136901-26-000003,2136901,NONE,False,2075109,"Matternet, Inc.",NONE,Common Stock,2026-05-22,P,A,58333.0,3.0,174999.0,"[{""cik"": ""0002136901"", ""name"": ""Ranjan Saurabh"", ""is_director"": true, ""is_officer"": false, ""is_ten_percent_owner"": false, ""is_other"": false, ""officer_title"": null}]",True,5ff834fcf318e610ea488fbe9301035f7837a82b93b952cdfdf33c00a2469383,2026-05-28 00:58:51,Ranjan Saurabh,"Matternet, Inc.",,,,,,,False,False,False,False,False,,,-1.0,ARCHIVE,"[""purchase value >= $100k ($174,999)""]","[""ADV60 unavailable"", ""latest price or insider VWAP unavailable; price gate cannot be verified"", ""52w drawdown unavailable"", ""market cap unavailable""]"
2026-05-28 23:40:17,0001493152-26-025689,1946573,NAKA,False,1946573,Nakamoto Inc.,NAKA,Common Stock,2026-05-28,P,A,48000.0,5.59,268320.0,"[{""cik"": ""0001843661"", ""name"": ""Bailey David F"", ""is_director"": true, ""is_officer"": true, ""is_ten_percent_owner"": true, ""is_other"": false, ""officer_title"": ""Chief Executive Officer""}]",True,e5c9501f24a2d7943c62e847750a1e612cfa704424ea29e7b3f0046aad1b67ad,2026-05-28 23:40:17,Bailey David F,Nakamoto Inc.,5.599999904632568,1368674.6812244256,,0.1960436644885979,0.0017888917052895,,True,True,True,True,True,904.0,-0.9938053098400084,7.0,ALERT,"[""purchase value >= $100k ($268,320)"", ""purchase value / ADV60 >= 5% (19.6%)"", ""current price within 15% of insider VWAP (0.2%)"", ""stock down at least 30% from 52w high (-99.4%)""]","[""market cap unavailable""]"
2026-05-28 21:49:06,0002125738-26-000003,2125738,CDZI,False,727273,CADIZ INC,CDZI,Common Stock,2026-05-26,P,A,110865.0,4.58,507761.7,"[{""cik"": ""0002125738"", ""name"": ""O'Hara David Mark"", ""is_director"": true, ""is_officer"": false, ""is_ten_percent_owner"": false, ""is_other"": false, ""officer_title"": null}]",True,b8723112887f0554ab05e356a3a84ba3926b8be796e085c111d1134e27405f42,2026-05-28 21:49:06,O'Hara David Mark,CADIZ INC,4.380000114440918,3326035.8287908714,,0.1526627270833065,-0.0436680972836424,,True,True,True,True,True,6.920000076293945,-0.3670520135620204,7.0,ALERT,"[""purchase value >= $100k ($507,762)"", ""purchase value / ADV60 >= 5% (15.3%)"", ""current price below insider VWAP (-4.4%)"", ""stock down at least 30% from 52w high (-36.7%)""]","[""market cap unavailable""]"
2026-05-29 00:00:39,0001213900-26-062322,2104809,PLYX,False,2075320,"Polaryx Therapeutics, Inc.",PLYX,Common Stock,2026-05-27,P,A,88453.0,4.07,360003.71,"[{""cik"": ""0002103399"", ""name"": ""Yang Alex Keun Mo"", ""is_director"": true, ""is_officer"": true, ""is_ten_percent_owner"": true, ""is_other"": false, ""officer_title"": ""Chief Executive Officer""}, {""cik"": ""0002104809"", ""name"": ""Mstone Partners Healthcare Ltd"", ""is_director"": true, ""is_officer"": false, ""is_ten_percent_owner"": true, ""is_other"": false, ""officer_title"": null}]",True,f35fc62d1d09c4de6fde3a8fd51202f961362c43a5dab1a472c12f3f7de884e4,2026-05-29 00:00:39,Mstone Partners Healthcare Ltd; Yang Alex Keun Mo,"Polaryx Therapeutics, Inc.",3.049999952316284,5453619.384777784,,0.0660118876291307,-0.2506142623301514,,True,True,True,True,True,35.0,-0.9128571442195348,7.0,ALERT,"[""purchase value >= $100k ($360,004)"", ""purchase value / ADV60 >= 5% (6.6%)"", ""current price below insider VWAP (-25.1%)"", ""stock down at least 30% from 52w high (-91.3%)""]","[""market cap unavailable""]"
2026-05-29 01:07:56,0001193125-26-245910,2064307,LOGC,False,2064307,ContextLogic Holdings Inc.,LOGC,"Common Stock, par value $0.0001 per share",2026-05-28,P,A,92918.0,8.746,812660.828,"[{""cik"": ""0002021281"", ""name"": ""Bobbili Raja"", ""is_director"": true, ""is_officer"": false, ""is_ten_percent_owner"": true, ""is_other"": false, ""officer_title"": null}]",True,f13029044439adc34a661452af534fbeaccbff9246abc2eaf6f28e61feb08960,2026-05-29 01:07:56,Bobbili Raja,ContextLogic Holdings Inc.,8.800000190734863,979581.91866409,,0.8295996613619314,0.0061742728944502,,True,True,True,True,True,8.84000015258789,-0.0045248824844553,5.0,WATCH,"[""purchase value >= $100k ($812,661)"", ""purchase value / ADV60 >= 5% (83.0%)"", ""current price within 15% of insider VWAP (0.6%)""]","[""market cap unavailable""]"
2026-05-29 01:07:56,0001193125-26-245910,2064307,LOGC,False,2064307,ContextLogic Holdings Inc.,LOGC,"Common Stock, par value $0.0001 per share",2026-05-26,P,A,32421.0,8.625,279631.125,"[{""cik"": ""0002021281"", ""name"": ""Bobbili Raja"", ""is_director"": true, ""is_officer"": false, ""is_ten_percent_owner"": true, ""is_other"": false, ""officer_title"": null}]",True,99ec34f881b072d12aa3030053b162b0b71b09addede2d497f7e647c56ff1d99,2026-05-29 01:07:56,Bobbili Raja,ContextLogic Holdings Inc.,8.800000190734863,979581.91866409,,0.2854596636301214,0.0202898771866508,,True,True,True,True,True,8.84000015258789,-0.0045248824844553,5.0,WATCH,"[""purchase value >= $100k ($279,631)"", ""purchase value / ADV60 >= 5% (28.5%)"", ""current price within 15% of insider VWAP (2.0%)""]","[""market cap unavailable""]"
2026-05-29 00:01:01,0000950103-26-007995,2112308,PAX,False,1825570,Patria Investments Ltd,PAX,Class A Common Shares,2026-05-27,P,A,15000.0,11.48,172200.0,"[{""cik"": ""0002112308"", ""name"": ""Neto Olimpio Matarazzo"", ""is_director"": true, ""is_officer"": false, ""is_ten_percent_owner"": false, ""is_other"": false, ""officer_title"": null}]",True,261f71b57638a8b08639b5722607ca6f72cf165a3b54938a1d85202295681c84,2026-05-29 00:01:01,Neto Olimpio Matarazzo,Patria Investments Ltd,11.43000030517578,10942468.947859509,,0.0157368506888643,-0.0043553741136079,,False,False,True,False,False,17.15184783935547,-0.3335994808122494,4.0,WATCH,"[""purchase value >= $100k ($172,200)"", ""current price below insider VWAP (-0.4%)"", ""stock down at least 30% from 52w high (-33.4%)""]","[""market cap unavailable""]"
2026-05-29 00:01:01,0000950103-26-007995,2112308,PAX,False,1825570,Patria Investments Ltd,PAX,Class A Common Shares,2026-05-26,P,A,15000.0,11.31,169650.0,"[{""cik"": ""0002112308"", ""name"": ""Neto Olimpio Matarazzo"", ""is_director"": true, ""is_officer"": false, ""is_ten_percent_owner"": false, ""is_other"": false, ""officer_title"": null}]",True,cb4b32a246f4686445dcb25312f548399ff0b0a5e81bdf326d6aed4afaf45570,2026-05-29 00:01:01,Neto Olimpio Matarazzo,Patria Investments Ltd,11.43000030517578,10942468.947859509,,0.0155038137013115,0.0106101065584245,,False,False,True,False,False,17.15184783935547,-0.3335994808122494,4.0,WATCH,"[""purchase value >= $100k ($169,650)"", ""current price within 15% of insider VWAP (1.1%)"", ""stock down at least 30% from 52w high (-33.4%)""]","[""market cap unavailable""]"
2026-05-29 00:38:01,0001193125-26-245858,1767000,XPEPX,False,1609211,"AMG Pantheon Fund, LLC",XPEPX,Class 4 units of beneficial interest,2026-05-01,P,A,17041.581,29.34,499999.98654,"[{""cik"": ""0001767000"", ""name"": ""Miller Jeffrey Grant"", ""is_director"": false, ""is_officer"": true, ""is_ten_percent_owner"": false, ""is_other"": true, ""officer_title"": ""Executive Vice President""}]",True,299a0c0f18fc56aaa13553509100b2a34ef22e50ff81990a46aeae6d6d849dd3,2026-05-29 00:38:01,Miller Jeffrey Grant,"AMG Pantheon Fund, LLC",,,,,,,False,False,False,False,False,,,-1.0,ARCHIVE,"[""purchase value >= $100k ($500,000)""]","[""ADV60 unavailable"", ""latest price or insider VWAP unavailable; price gate cannot be verified"", ""52w drawdown unavailable"", ""market cap unavailable""]"
2026-05-29 21:08:32,0001628280-26-039241,2007596,TWFG,False,2007596,"TWFG, Inc.",TWFG,Class A Common Stock,2026-05-29,P,A,11330.0,18.87,213797.1,"[{""cik"": ""0001611672"", ""name"": ""DOAK MICHAEL"", ""is_director"": true, ""is_officer"": false, ""is_ten_percent_owner"": false, ""is_other"": false, ""officer_title"": null}]",True,fe48478f9530c2789ad137e4cfdb30622c4b15b65bb07149c17c329f2032fda9,2026-05-29 21:08:32,DOAK MICHAEL,"TWFG, Inc.",18.770000457763672,5210688.17740682,,0.041030492081067,-0.0052993928053168,,True,False,True,True,False,36.040000915527344,-0.4791897896518401,6.0,WATCH,"[""purchase value >= $100k ($213,797)"", ""purchase value / ADV60 >= 2% (4.1%)"", ""current price below insider VWAP (-0.5%)"", ""stock down at least 30% from 52w high (-47.9%)""]","[""market cap unavailable""]"
2026-05-29 21:08:32,0001628280-26-039241,2007596,TWFG,False,2007596,"TWFG, Inc.",TWFG,Class A Common Stock,2026-05-28,P,A,11000.0,18.87,207570.0,"[{""cik"": ""0001611672"", ""name"": ""DOAK MICHAEL"", ""is_director"": true, ""is_officer"": false, ""is_ten_percent_owner"": false, ""is_other"": false, ""officer_title"": null}]",True,1548a5aebf075d8df40d3347049a2d639c7ceb1fc79184b4e46d738316e4a108,2026-05-29 21:08:32,DOAK MICHAEL,"TWFG, Inc.",18.770000457763672,5210688.17740682,,0.0398354292049194,-0.0052993928053168,,True,False,True,True,False,36.040000915527344,-0.4791897896518401,6.0,WATCH,"[""purchase value >= $100k ($207,570)"", ""purchase value / ADV60 >= 2% (4.0%)"", ""current price below insider VWAP (-0.5%)"", ""stock down at least 30% from 52w high (-47.9%)""]","[""market cap unavailable""]"
2026-05-29 21:21:02,0001315797-26-000001,1528115,ANNX,False,1528115,"Annexon, Inc.",ANNX,Common Stock,2026-05-28,P,A,613497.0,5.41,3319018.77,"[{""cik"": ""0001315797"", ""name"": ""Satter Muneer A"", ""is_director"": true, ""is_officer"": false, ""is_ten_percent_owner"": false, ""is_other"": false, ""officer_title"": null}]",True,605a5ea1fe6762e10273756ff9da253d729a061eb38f5a930595d976277e3248,2026-05-29 21:21:02,Satter Muneer A,"Annexon, Inc.",5.420000076293945,13804769.586770536,,0.2404255101208426,0.0018484429378826,,True,True,True,True,True,6.960000038146973,-0.2212643611224801,8.0,ALERT,"[""purchase value >= $2m ($3,319,019)"", ""purchase value / ADV60 >= 5% (24.0%)"", ""current price within 15% of insider VWAP (0.2%)"", ""stock down at least 15% from 52w high (-22.1%)""]","[""market cap unavailable""]"
2026-05-30 01:24:41,0001213900-26-063068,2126416,SLMT,False,1939965,Brera Holdings PLC,SLMT,Class B Ordinary Shares,2026-05-21,P,A,1149000.0,4.97,5710530.0,"[{""cik"": ""0002126416"", ""name"": ""Sade Ron"", ""is_director"": true, ""is_officer"": true, ""is_ten_percent_owner"": true, ""is_other"": false, ""officer_title"": ""Chief Executive Officer""}]",True,a81f6e4e5d7f0a98614992dd7a9753c3cecf78b2a20087323a92ab12e37b5816,2026-05-30 01:24:41,Sade Ron,Brera Holdings PLC,5.769999980926514,653917.5698565642,,8.732797929336256,0.1609657909308881,,True,True,False,False,False,304.0,-0.981019736904847,5.0,WATCH,"[""purchase value >= $2m ($5,710,530)"", ""purchase value / ADV60 >= 5% (873.3%)"", ""stock down at least 30% from 52w high (-98.1%)""]","[""current price more than 15% above insider VWAP (16.1%)"", ""market cap unavailable""]"
2026-05-30 01:24:24,0001213900-26-063067,2132999,SLMT,False,1939965,Brera Holdings PLC,SLMT,Class B Ordinary Shares,2026-05-21,P,A,1149000.0,4.97,5710530.0,"[{""cik"": ""0002132999"", ""name"": ""Maimon Keren Kalima"", ""is_director"": true, ""is_officer"": false, ""is_ten_percent_owner"": true, ""is_other"": false, ""officer_title"": null}]",True,409d06871f89ec5803a3503fd17d3de2fea5507639db48f66d844af6e4f20f47,2026-05-30 01:24:24,Maimon Keren Kalima,Brera Holdings PLC,5.769999980926514,653917.5698565642,,8.732797929336256,0.1609657909308881,,True,True,False,False,False,304.0,-0.981019736904847,5.0,WATCH,"[""purchase value >= $2m ($5,710,530)"", ""purchase value / ADV60 >= 5% (873.3%)"", ""stock down at least 30% from 52w high (-98.1%)""]","[""current price more than 15% above insider VWAP (16.1%)"", ""market cap unavailable""]"
2026-05-29 21:22:37,0001225208-26-005652,1911504,AZO,False,866787,AUTOZONE INC,AZO,Common Stock,2026-05-29,P,A,165.0,2987.0,492855.0,"[{""cik"": ""0001911504"", ""name"": ""Hannasch Brian"", ""is_director"": true, ""is_officer"": null, ""is_ten_percent_owner"": null, ""is_other"": null, ""officer_title"": null}]",True,1e9e0cc38d0d95b8e9f82acfff5b8d970cb1aa95086a2a2143d1cd48a44ef851,2026-05-29 21:22:37,Hannasch Brian,AUTOZONE INC,2935.18994140625,761503996.1979166,,0.0006472126245702,-0.0173451819865249,,False,False,True,False,False,4354.5400390625,-0.3259471918788065,4.0,WATCH,"[""purchase value >= $100k ($492,855)"", ""current price below insider VWAP (-1.7%)"", ""stock down at least 30% from 52w high (-32.6%)""]","[""market cap unavailable""]"
2026-05-29 22:22:05,0001104659-26-068409,1852353,DC,False,1852353,Dakota Gold Corp.,DC,COMMON STOCK,2026-05-28,P,A,17921.0,5.6,100357.6,"[{""cik"": ""0001203760"", ""name"": ""KENNER TODD J"", ""is_director"": true, ""is_officer"": false, ""is_ten_percent_owner"": false, ""is_other"": false, ""officer_title"": null}]",True,fe7d44979f7f91199b1011f5a33547ce9b958afb9a917fbb4b7230dc083c0195,2026-05-29 22:22:05,KENNER TODD J,Dakota Gold Corp.,5.760000228881836,7921720.10876735,,0.012668662692201,0.0285714694431851,,False,False,True,False,False,7.0,-0.177142824445452,3.0,ARCHIVE,"[""purchase value >= $100k ($100,358)"", ""current price within 15% of insider VWAP (2.9%)"", ""stock down at least 15% from 52w high (-17.7%)""]","[""market cap unavailable""]"
2026-05-29 23:34:30,0000769397-26-000046,1415529,ADSK,False,769397,"Autodesk, Inc.",ADSK,Common Stock,2026-05-29,P,A,2739.0,231.34,633640.26,"[{""cik"": ""0001415529"", ""name"": ""Smith Stacy J"", ""is_director"": true, ""is_officer"": false, ""is_ten_percent_owner"": false, ""is_other"": false, ""officer_title"": null}]",True,1c7b0b04cf59dbae78d82fb4391301849011d7eb1f2e81547ab23dee306995f7,2026-05-29 23:34:30,Smith Stacy J,"Autodesk, Inc.",231.3099975585937,493404425.67329407,,0.0012842208683785,-0.0001296898132888,,False,False,True,False,False,326.7900085449219,-0.292175429143217,3.0,ARCHIVE,"[""purchase value >= $100k ($633,640)"", ""current price below insider VWAP (-0.0%)"", ""stock down at least 15% from 52w high (-29.2%)""]","[""market cap unavailable""]"
2026-05-29 23:34:30,0000769397-26-000046,1415529,ADSK,False,769397,"Autodesk, Inc.",ADSK,Common Stock,2026-05-29,P,A,696.0,230.48,160414.08,"[{""cik"": ""0001415529"", ""name"": ""Smith Stacy J"", ""is_director"": true, ""is_officer"": false, ""is_ten_percent_owner"": false, ""is_other"": false, ""officer_title"": null}]",True,24dd9eb05bdea8c6baade88ca6572b8b94b3ac93acd12ed6b261261eea6ce1d9,2026-05-29 23:34:30,Smith Stacy J,"Autodesk, Inc.",231.3099975585937,493404425.67329407,,0.0003251168243598,0.0036011695530795,,False,False,True,False,False,326.7900085449219,-0.292175429143217,3.0,ARCHIVE,"[""purchase value >= $100k ($160,414)"", ""current price within 15% of insider VWAP (0.4%)"", ""stock down at least 15% from 52w high (-29.2%)""]","[""market cap unavailable""]"
2026-05-29 21:15:02,0001213900-26-062942,2123683,CDNL,False,2079999,Cardinal Infrastructure Group Inc.,CDNL,Class A Common Stock,2026-05-27,P,A,6739.0,49.89,336208.71,"[{""cik"": ""0002123683"", ""name"": ""Wood Benjamin"", ""is_director"": false, ""is_officer"": true, ""is_ten_percent_owner"": false, ""is_other"": false, ""officer_title"": ""CHIEF OPERATING OFFICER""}]",True,24ffda0a7b967fd3eb94546044e2a712241288123edec679f0c7e84e318783fc,2026-05-29 21:15:02,Wood Benjamin,Cardinal Infrastructure Group Inc.,51.88999938964844,20780871.510413487,,0.016178758904867,0.040088181792913,,False,False,True,False,False,60.369998931884766,-0.1404671143328042,2.0,ARCHIVE,"[""purchase value >= $100k ($336,209)"", ""current price within 15% of insider VWAP (4.0%)""]","[""market cap unavailable""]"
2026-05-29 21:15:02,0001213900-26-062942,2123683,CDNL,False,2079999,Cardinal Infrastructure Group Inc.,CDNL,Class A Common Stock,2026-05-27,P,A,5355.0,50.78,271926.9,"[{""cik"": ""0002123683"", ""name"": ""Wood Benjamin"", ""is_director"": false, ""is_officer"": true, ""is_ten_percent_owner"": false, ""is_other"": false, ""officer_title"": ""CHIEF OPERATING OFFICER""}]",True,a867ef4b4d03dd029f1aa4fbdad123dc6b86d67f90852beb39a31a86cd610670,2026-05-29 21:15:02,Wood Benjamin,Cardinal Infrastructure Group Inc.,51.88999938964844,20780871.510413487,,0.0130854425361195,0.0218589875866175,,False,False,True,False,False,60.369998931884766,-0.1404671143328042,2.0,ARCHIVE,"[""purchase value >= $100k ($271,927)"", ""current price within 15% of insider VWAP (2.2%)""]","[""market cap unavailable""]"
2026-05-29 21:15:02,0001213900-26-062942,2123683,CDNL,False,2079999,Cardinal Infrastructure Group Inc.,CDNL,Class A Common Stock,2026-05-27,P,A,4206.0,51.9,218291.4,"[{""cik"": ""0002123683"", ""name"": ""Wood Benjamin"", ""is_director"": false, ""is_officer"": true, ""is_ten_percent_owner"": false, ""is_other"": false, ""officer_title"": ""CHIEF OPERATING OFFICER""}]",True,f468ecfbbaaef7d0cc054b26307e0bbd03203584e520e22d02070b7a8094a910,2026-05-29 21:15:02,Wood Benjamin,Cardinal Infrastructure Group Inc.,51.88999938964844,20780871.510413487,,0.0105044391372427,-0.0001926899875059,,False,False,True,False,False,60.369998931884766,-0.1404671143328042,2.0,ARCHIVE,"[""purchase value >= $100k ($218,291)"", ""current price below insider VWAP (-0.0%)""]","[""market cap unavailable""]"
2026-05-29 21:15:02,0001213900-26-062942,2123683,CDNL,False,2079999,Cardinal Infrastructure Group Inc.,CDNL,Class A Common Stock,2026-05-27,P,A,3600.0,53.9,194040.0,"[{""cik"": ""0002123683"", ""name"": ""Wood Benjamin"", ""is_director"": false, ""is_officer"": true, ""is_ten_percent_owner"": false, ""is_other"": false, ""officer_title"": ""CHIEF OPERATING OFFICER""}]",True,70acb23abc330e518704762a44f1224711740a5033c6c09e59aad9e466eb8668,2026-05-29 21:15:02,Wood Benjamin,Cardinal Infrastructure Group Inc.,51.88999938964844,20780871.510413487,,0.0093374332208716,-0.0372912914721996,,False,False,True,False,False,60.369998931884766,-0.1404671143328042,2.0,ARCHIVE,"[""purchase value >= $100k ($194,040)"", ""current price below insider VWAP (-3.7%)""]","[""market cap unavailable""]"
2026-06-02 00:48:06,0000950103-26-008238,2044109,AUNA,False,1799207,AUNA S.A.,AUNA,Class A Common Shares,2026-05-26,P,A,30000.0,4.39,131700.0,"[{""cik"": ""0002044109"", ""name"": ""Zamora Leon Jesus"", ""is_director"": true, ""is_officer"": true, ""is_ten_percent_owner"": false, ""is_other"": false, ""officer_title"": ""President""}]",True,194287e5dd51c35448690a4e61cf47e9debee46bfd77c3030ef1327b6639e75f,2026-06-02 00:48:06,Zamora Leon Jesus,AUNA S.A.,4.539999961853027,2062905.20491616,,0.0638420028637973,0.034168556230758,,True,True,True,True,True,6.769999980926514,-0.3293943907468516,7.0,ALERT,"[""purchase value >= $100k ($131,700)"", ""purchase value / ADV60 >= 5% (6.4%)"", ""current price within 15% of insider VWAP (3.4%)"", ""stock down at least 30% from 52w high (-32.9%)""]","[""market cap unavailable""]"
2026-06-02 01:30:12,0000899140-26-000620,1804598,OTLK,False,1649989,"Outlook Therapeutics, Inc.",OTLK,Common Stock,2026-05-28,P,A,8539709.0,0.5855,4999999.6195,"[{""cik"": ""0001717441"", ""name"": ""Sukhtian Ghiath M."", ""is_director"": true, ""is_officer"": null, ""is_ten_percent_owner"": true, ""is_other"": null, ""officer_title"": null}, {""cik"": ""0001804598"", ""name"": ""GMS Ventures & Investments"", ""is_director"": true, ""is_officer"": null, ""is_ten_percent_owner"": true, ""is_other"": null, ""officer_title"": null}]",True,60b12cb981e8fa8346d8173fd154adb05f5379944b9713d2cfff72177a7c9082,2026-06-02 01:30:12,GMS Ventures & Investments; Sukhtian Ghiath M.,"Outlook Therapeutics, Inc.",0.8429999947547913,6615694.905439731,,0.7557784467038782,0.4397950380098911,,True,True,False,False,False,2.970000028610229,-0.7161616206619158,5.0,WATCH,"[""purchase value >= $2m ($5,000,000)"", ""purchase value / ADV60 >= 5% (75.6%)"", ""stock down at least 30% from 52w high (-71.6%)""]","[""current price more than 15% above insider VWAP (44.0%)"", ""market cap unavailable""]"
2026-06-02 00:19:58,0001437749-26-019088,1710114,BOC,False,1494582,BOSTON OMAHA Corp,BOC,"Class A common stock, par value $0.001 per share",2026-05-28,P,A,34719.0,13.3697,464182.6143,"[{""cik"": ""0001710114"", ""name"": ""Kenan Frank H. II"", ""is_director"": true, ""is_officer"": null, ""is_ten_percent_owner"": null, ""is_other"": null, ""officer_title"": null}]",True,0ece82139a5974581b54ee1212c761d041a64db91b05971e9a13bb4602bab493,2026-06-02 00:19:58,Kenan Frank H. II,BOSTON OMAHA Corp,13.09000015258789,2315109.2189830146,,0.2005013890894992,-0.0209204280882974,,True,True,True,True,True,14.449999809265137,-0.0941176245417826,5.0,WATCH,"[""purchase value >= $100k ($464,183)"", ""purchase value / ADV60 >= 5% (20.1%)"", ""current price below insider VWAP (-2.1%)""]","[""market cap unavailable""]"
2026-06-02 00:19:58,0001437749-26-019088,1710114,BOC,False,1494582,BOSTON OMAHA Corp,BOC,"Class A common stock, par value $0.001 per share",2026-05-29,P,A,10000.0,12.9302,129302.0,"[{""cik"": ""0001710114"", ""name"": ""Kenan Frank H. II"", ""is_director"": true, ""is_officer"": null, ""is_ten_percent_owner"": null, ""is_other"": null, ""officer_title"": null}]",True,5544c8987de9da588263a4e160649da3098a40c9f52233a8ebaf97875a31870f,2026-06-02 00:19:58,Kenan Frank H. II,BOSTON OMAHA Corp,13.09000015258789,2315109.2189830146,,0.0558513606786983,0.0123586760133556,,True,True,True,True,True,14.449999809265137,-0.0941176245417826,5.0,WATCH,"[""purchase value >= $100k ($129,302)"", ""purchase value / ADV60 >= 5% (5.6%)"", ""current price within 15% of insider VWAP (1.2%)""]","[""market cap unavailable""]"
2026-06-01 22:28:25,0000950103-26-008209,2112308,PAX,False,1825570,Patria Investments Ltd,PAX,Class A Common Shares,2026-05-28,P,A,15000.0,11.5,172500.0,"[{""cik"": ""0002112308"", ""name"": ""Neto Olimpio Matarazzo"", ""is_director"": true, ""is_officer"": false, ""is_ten_percent_owner"": false, ""is_other"": false, ""officer_title"": null}]",True,9549feef96fca9f6dc336c628cddf51f40ea3377a8b4a3ed57164ac8c212f075,2026-06-01 22:28:25,Neto Olimpio Matarazzo,Patria Investments Ltd,11.649999618530272,11202050.310002169,,0.0153989667271871,0.0130434450895891,,False,False,True,False,False,17.15184783935547,-0.3207729145195089,4.0,WATCH,"[""purchase value >= $100k ($172,500)"", ""current price within 15% of insider VWAP (1.3%)"", ""stock down at least 30% from 52w high (-32.1%)""]","[""market cap unavailable""]"
2026-06-01 22:28:25,0000950103-26-008209,2112308,PAX,False,1825570,Patria Investments Ltd,PAX,Class A Common Shares,2026-05-29,P,A,15000.0,11.46,171900.0,"[{""cik"": ""0002112308"", ""name"": ""Neto Olimpio Matarazzo"", ""is_director"": true, ""is_officer"": false, ""is_ten_percent_owner"": false, ""is_other"": false, ""officer_title"": null}]",True,4cc2c7abce45a75d42a97068d957eeecb14560af5dad31ad3272b5fd9927f9a5,2026-06-01 22:28:25,Neto Olimpio Matarazzo,Patria Investments Ltd,11.649999618530272,11202050.310002169,,0.0153454051037882,0.0165793733447008,,False,False,True,False,False,17.15184783935547,-0.3207729145195089,4.0,WATCH,"[""purchase value >= $100k ($171,900)"", ""current price within 15% of insider VWAP (1.7%)"", ""stock down at least 30% from 52w high (-32.1%)""]","[""market cap unavailable""]"
2026-06-02 01:15:32,0000947871-26-000594,1995088,QTTB,False,1661998,Q32 Bio Inc.,QTTB,Common Stock,2026-05-28,P,A,1250000.0,8.0,10000000.0,"[{""cik"": ""0001995088"", ""name"": ""Xu Diyong"", ""is_director"": true, ""is_officer"": false, ""is_ten_percent_owner"": true, ""is_other"": false, ""officer_title"": null}]",True,adf0c85344614ffd04648be198393e0382a6778f1c576309ac4320656f347402,2026-06-02 01:15:32,Xu Diyong,Q32 Bio Inc.,11.65999984741211,7059846.305347888,,1.416461430955646,0.4574999809265136,,True,True,False,False,False,12.850000381469728,-0.0926070427027886,3.0,ARCHIVE,"[""purchase value >= $2m ($10,000,000)"", ""purchase value / ADV60 >= 5% (141.6%)""]","[""current price more than 15% above insider VWAP (45.7%)"", ""market cap unavailable""]"
2026-06-02 01:13:02,0000947871-26-000593,1808744,QTTB,False,1661998,Q32 Bio Inc.,QTTB,Common Stock,2026-05-28,P,A,1250000.0,8.0,10000000.0,"[{""cik"": ""0001055951"", ""name"": ""ORBIMED ADVISORS LLC"", ""is_director"": true, ""is_officer"": false, ""is_ten_percent_owner"": true, ""is_other"": false, ""officer_title"": null}, {""cik"": ""0001760648"", ""name"": ""OrbiMed Capital GP VII LLC"", ""is_director"": true, ""is_officer"": false, ""is_ten_percent_owner"": true, ""is_other"": false, ""officer_title"": null}, {""cik"": ""0001808744"", ""name"": ""OrbiMed Genesis GP LLC"", ""is_director"": true, ""is_officer"": false, ""is_ten_percent_owner"": true, ""is_other"": false, ""officer_title"": null}]",True,5768c697a385b98506cda6ee1ef400439979090fd37527c613755799638fd41b,2026-06-02 01:13:02,ORBIMED ADVISORS LLC; OrbiMed Capital GP VII LLC; OrbiMed Genesis GP LLC,Q32 Bio Inc.,11.65999984741211,7059846.305347888,,1.416461430955646,0.4574999809265136,,True,True,False,False,False,12.850000381469728,-0.0926070427027886,3.0,ARCHIVE,"[""purchase value >= $2m ($10,000,000)"", ""purchase value / ADV60 >= 5% (141.6%)""]","[""current price more than 15% above insider VWAP (45.7%)"", ""market cap unavailable""]"
2026-06-02 01:15:32,0000947871-26-000594,1995088,QTTB,False,1661998,Q32 Bio Inc.,QTTB,Common Stock,2026-05-28,P,A,625000.0,8.0,5000000.0,"[{""cik"": ""0001995088"", ""name"": ""Xu Diyong"", ""is_director"": true, ""is_officer"": false, ""is_ten_percent_owner"": true, ""is_other"": false, ""officer_title"": null}]",True,642c8c9041dbe41ac01ddf3823ac50a754b9691b9d3adcd5ffa92a2e423384f7,2026-06-02 01:15:32,Xu Diyong,Q32 Bio Inc.,11.65999984741211,7059846.305347888,,0.708230715477823,0.4574999809265136,,True,True,False,False,False,12.850000381469728,-0.0926070427027886,3.0,ARCHIVE,"[""purchase value >= $2m ($5,000,000)"", ""purchase value / ADV60 >= 5% (70.8%)""]","[""current price more than 15% above insider VWAP (45.7%)"", ""market cap unavailable""]"
2026-06-02 01:13:02,0000947871-26-000593,1808744,QTTB,False,1661998,Q32 Bio Inc.,QTTB,Common Stock,2026-05-28,P,A,625000.0,8.0,5000000.0,"[{""cik"": ""0001055951"", ""name"": ""ORBIMED ADVISORS LLC"", ""is_director"": true, ""is_officer"": false, ""is_ten_percent_owner"": true, ""is_other"": false, ""officer_title"": null}, {""cik"": ""0001760648"", ""name"": ""OrbiMed Capital GP VII LLC"", ""is_director"": true, ""is_officer"": false, ""is_ten_percent_owner"": true, ""is_other"": false, ""officer_title"": null}, {""cik"": ""0001808744"", ""name"": ""OrbiMed Genesis GP LLC"", ""is_director"": true, ""is_officer"": false, ""is_ten_percent_owner"": true, ""is_other"": false, ""officer_title"": null}]",True,d40b73234da65b797fe39906eea5ffbde99ec0a52120c46443968fc9b2254649,2026-06-02 01:13:02,ORBIMED ADVISORS LLC; OrbiMed Capital GP VII LLC; OrbiMed Genesis GP LLC,Q32 Bio Inc.,11.65999984741211,7059846.305347888,,0.708230715477823,0.4574999809265136,,True,True,False,False,False,12.850000381469728,-0.0926070427027886,3.0,ARCHIVE,"[""purchase value >= $2m ($5,000,000)"", ""purchase value / ADV60 >= 5% (70.8%)""]","[""current price more than 15% above insider VWAP (45.7%)"", ""market cap unavailable""]"
2026-06-02 00:44:03,0001104659-26-069114,2073537,NONE,False,2073537,PIMCO Asset-Based Lending Co LLC,NONE,Series II E Shares,2026-05-28,P,A,24192.9,10.33,249912.657,"[{""cik"": ""0001936347"", ""name"": ""de Silva Harin Ananda"", ""is_director"": false, ""is_officer"": true, ""is_ten_percent_owner"": false, ""is_other"": false, ""officer_title"": ""Co-President""}]",True,8a43985208cab37b8574c5bcc40dcd43b60bb69ee5bf6ecf91cfb21df6310a32,2026-06-02 00:44:03,de Silva Harin Ananda,PIMCO Asset-Based Lending Co LLC,,,,,,,False,False,False,False,False,,,-1.0,ARCHIVE,"[""purchase value >= $100k ($249,913)""]","[""ADV60 unavailable"", ""latest price or insider VWAP unavailable; price gate cannot be verified"", ""52w drawdown unavailable"", ""market cap unavailable""]"
2026-06-03 01:54:36,0001178579-26-000004,1600620,AUPH,False,1600620,Aurinia Pharmaceuticals Inc.,AUPH,Common Shares,2026-06-01,P,A,343521.0,15.28,5249000.88,"[{""cik"": ""0001178579"", ""name"": ""TANG KEVIN"", ""is_director"": true, ""is_officer"": true, ""is_ten_percent_owner"": true, ""is_other"": false, ""officer_title"": ""Chief Executive Officer""}, {""cik"": ""0001232621"", ""name"": ""TANG CAPITAL MANAGEMENT LLC"", ""is_director"": false, ""is_officer"": false, ""is_ten_percent_owner"": true, ""is_other"": false, ""officer_title"": null}]",True,de34f169e881167dcced20aa589efeb5699ed715e854623ddf91a4fd0f120903,2026-06-03 01:54:36,TANG CAPITAL MANAGEMENT LLC; TANG KEVIN,Aurinia Pharmaceuticals Inc.,15.390000343322754,17955450.589394808,,0.2923346787576729,0.0071989753483479,,True,True,True,True,True,16.420000076293945,-0.062728363470487,7.0,ALERT,"[""purchase value >= $2m ($5,249,001)"", ""purchase value / ADV60 >= 5% (29.2%)"", ""current price within 15% of insider VWAP (0.7%)""]","[""market cap unavailable""]"
2026-06-03 01:54:36,0001178579-26-000004,1600620,AUPH,False,1600620,Aurinia Pharmaceuticals Inc.,AUPH,Common Shares,2026-05-29,P,A,262682.0,15.31,4021661.42,"[{""cik"": ""0001178579"", ""name"": ""TANG KEVIN"", ""is_director"": true, ""is_officer"": true, ""is_ten_percent_owner"": true, ""is_other"": false, ""officer_title"": ""Chief Executive Officer""}, {""cik"": ""0001232621"", ""name"": ""TANG CAPITAL MANAGEMENT LLC"", ""is_director"": false, ""is_officer"": false, ""is_ten_percent_owner"": true, ""is_other"": false, ""officer_title"": null}]",True,1fdf4a6be52a354ea67710197f955c238e51f539958e4cd24edeb0b01bd5a387,2026-06-03 01:54:36,TANG CAPITAL MANAGEMENT LLC; TANG KEVIN,Aurinia Pharmaceuticals Inc.,15.390000343322754,17955450.589394808,,0.2239799775548573,0.0052253653378675,,True,True,True,True,True,16.420000076293945,-0.062728363470487,7.0,ALERT,"[""purchase value >= $2m ($4,021,661)"", ""purchase value / ADV60 >= 5% (22.4%)"", ""current price within 15% of insider VWAP (0.5%)""]","[""market cap unavailable""]"
2026-06-03 01:54:36,0001178579-26-000004,1600620,AUPH,False,1600620,Aurinia Pharmaceuticals Inc.,AUPH,Common Shares,2026-06-02,P,A,206005.0,15.28,3147756.4,"[{""cik"": ""0001178579"", ""name"": ""TANG KEVIN"", ""is_director"": true, ""is_officer"": true, ""is_ten_percent_owner"": true, ""is_other"": false, ""officer_title"": ""Chief Executive Officer""}, {""cik"": ""0001232621"", ""name"": ""TANG CAPITAL MANAGEMENT LLC"", ""is_director"": false, ""is_officer"": false, ""is_ten_percent_owner"": true, ""is_other"": false, ""officer_title"": null}]",True,9b49309273680eb6442fcfcaefb44e0a66e0f6545028b7e3a97de67b6a763619,2026-06-03 01:54:36,TANG CAPITAL MANAGEMENT LLC; TANG KEVIN,Aurinia Pharmaceuticals Inc.,15.390000343322754,17955450.589394808,,0.1753092401846595,0.0071989753483479,,True,True,True,True,True,16.420000076293945,-0.062728363470487,7.0,ALERT,"[""purchase value >= $2m ($3,147,756)"", ""purchase value / ADV60 >= 5% (17.5%)"", ""current price within 15% of insider VWAP (0.7%)""]","[""market cap unavailable""]"
2026-06-02 23:10:19,0001193125-26-254050,1941365,MBC,False,1941365,"MasterBrand, Inc.",MBC,"Common Stock, par value $0.01 per share",2026-06-01,P,A,60000.0,8.43,505800.0,"[{""cik"": ""0001660085"", ""name"": ""Banyard R David"", ""is_director"": true, ""is_officer"": true, ""is_ten_percent_owner"": false, ""is_other"": false, ""officer_title"": ""CEO & President""}]",True,c668a97de75963701d6e48a1d8ad68f0603bace36484657c9b30e31e06faef1c,2026-06-02 23:10:19,Banyard R David,"MasterBrand, Inc.",8.479999542236328,24464080.15526673,,0.0206752102179942,0.0059311438002762,,True,False,True,True,False,13.81999969482422,-0.3863965463463645,6.0,WATCH,"[""purchase value >= $100k ($505,800)"", ""purchase value / ADV60 >= 2% (2.1%)"", ""current price within 15% of insider VWAP (0.6%)"", ""stock down at least 30% from 52w high (-38.6%)""]","[""market cap unavailable""]"
2026-06-02 22:56:16,0001104659-26-069604,1191763,PAHC,False,1069899,PHIBRO ANIMAL HEALTH CORP,PAHC,Class A Common Stock,2026-05-29,P,A,10000.0,31.77,317700.0,"[{""cik"": ""0001191763"", ""name"": ""CORCORAN E THOMAS"", ""is_director"": true, ""is_officer"": false, ""is_ten_percent_owner"": false, ""is_other"": false, ""officer_title"": null}]",True,f99160a8042483b95bd08baf406e030db857e9f6fa8695bb0499c2aba795924f,2026-06-02 22:56:16,CORCORAN E THOMAS,PHIBRO ANIMAL HEALTH CORP,28.520000457763672,16738335.499133172,,0.0189803818914044,-0.1022977507786064,,False,False,True,False,False,59.58000183105469,-0.521315884839428,4.0,WATCH,"[""purchase value >= $100k ($317,700)"", ""current price below insider VWAP (-10.2%)"", ""stock down at least 30% from 52w high (-52.1%)""]","[""market cap unavailable""]"
2026-06-02 22:58:05,0001628280-26-040005,1982370,ALHC,False,1832466,"Alignment Healthcare, Inc.",ALHC,Common Stock,2026-06-02,P,A,14848.0,13.31,197626.88,"[{""cik"": ""0001982370"", ""name"": ""Kent Mark D."", ""is_director"": false, ""is_officer"": true, ""is_ten_percent_owner"": false, ""is_other"": false, ""officer_title"": ""President - MSO""}]",True,cd98524a01ea749acc383b980de855ec193f78812fd27cb142b20fcbdb0eca95,2026-06-02 22:58:05,Kent Mark D.,"Alignment Healthcare, Inc.",13.640000343322754,84679717.04683484,,0.0023338160174849,0.0247934142240986,,False,False,True,False,False,23.809999465942383,-0.4271314301021597,4.0,WATCH,"[""purchase value >= $100k ($197,627)"", ""current price within 15% of insider VWAP (2.5%)"", ""stock down at least 30% from 52w high (-42.7%)""]","[""market cap unavailable""]"
2026-06-02 22:45:17,0001213900-26-064328,2121444,AXIA3,False,1439124,AXIA Energia S.A.,AXIA3,"Class ""B1"" Preferred Shares",2026-05-29,P,A,1056700.0,10.84,11454628.0,"[{""cik"": ""0002121444"", ""name"": ""Batista de Lima Filho Pedro"", ""is_director"": true, ""is_officer"": false, ""is_ten_percent_owner"": false, ""is_other"": false, ""officer_title"": null}]",True,dd01cbe7d51c963c2ac69a37e1c44e747f0820c4a5a26242fd4eaed47bd94818,2026-06-02 22:45:17,Batista de Lima Filho Pedro,AXIA Energia S.A.,,,,,,,False,False,False,False,False,,,1.0,ARCHIVE,"[""purchase value >= $2m ($11,454,628)""]","[""ADV60 unavailable"", ""latest price or insider VWAP unavailable; price gate cannot be verified"", ""52w drawdown unavailable"", ""market cap unavailable""]"
2026-06-02 22:45:17,0001213900-26-064328,2121444,AXIA3,False,1439124,AXIA Energia S.A.,AXIA3,Common Shares,2026-05-29,P,A,69700.0,9.98,695606.0,"[{""cik"": ""0002121444"", ""name"": ""Batista de Lima Filho Pedro"", ""is_director"": true, ""is_officer"": false, ""is_ten_percent_owner"": false, ""is_other"": false, ""officer_title"": null}]",True,46f1292e70325f47f56f0b5da643e7b49d152b2d25aa95f232e924a91b9eca03,2026-06-02 22:45:17,Batista de Lima Filho Pedro,AXIA Energia S.A.,,,,,,,False,False,False,False,False,,,-1.0,ARCHIVE,"[""purchase value >= $100k ($695,606)""]","[""ADV60 unavailable"", ""latest price or insider VWAP unavailable; price gate cannot be verified"", ""52w drawdown unavailable"", ""market cap unavailable""]"
2026-06-02 22:45:17,0001213900-26-064328,2121444,AXIA3,False,1439124,AXIA Energia S.A.,AXIA3,"Class ""B1"" Preferred Shares",2026-05-29,P,A,43200.0,10.84,468288.0,"[{""cik"": ""0002121444"", ""name"": ""Batista de Lima Filho Pedro"", ""is_director"": true, ""is_officer"": false, ""is_ten_percent_owner"": false, ""is_other"": false, ""officer_title"": null}]",True,65b8466133190f6827c71f908895049458ec12e55a7cd77f9ccc614b38c52ad1,2026-06-02 22:45:17,Batista de Lima Filho Pedro,AXIA Energia S.A.,,,,,,,False,False,False,False,False,,,-1.0,ARCHIVE,"[""purchase value >= $100k ($468,288)""]","[""ADV60 unavailable"", ""latest price or insider VWAP unavailable; price gate cannot be verified"", ""52w drawdown unavailable"", ""market cap unavailable""]"
2026-06-02 22:45:17,0001213900-26-064328,2121444,AXIA3,False,1439124,AXIA Energia S.A.,AXIA3,"Class ""B1"" Preferred Shares",2026-05-29,P,A,32800.0,10.84,355552.0,"[{""cik"": ""0002121444"", ""name"": ""Batista de Lima Filho Pedro"", ""is_director"": true, ""is_officer"": false, ""is_ten_percent_owner"": false, ""is_other"": false, ""officer_title"": null}]",True,ada7abe751ba5e0a6ad7007271b1b5458bede8ad81461754f9249811150f2177,2026-06-02 22:45:17,Batista de Lima Filho Pedro,AXIA Energia S.A.,,,,,,,False,False,False,False,False,,,-1.0,ARCHIVE,"[""purchase value >= $100k ($355,552)""]","[""ADV60 unavailable"", ""latest price or insider VWAP unavailable; price gate cannot be verified"", ""52w drawdown unavailable"", ""market cap unavailable""]"
2026-06-02 22:45:17,0001213900-26-064328,2121444,AXIA3,False,1439124,AXIA Energia S.A.,AXIA3,Common Shares,2026-05-29,P,A,19200.0,9.98,191616.0,"[{""cik"": ""0002121444"", ""name"": ""Batista de Lima Filho Pedro"", ""is_director"": true, ""is_officer"": false, ""is_ten_percent_owner"": false, ""is_other"": false, ""officer_title"": null}]",True,acec6ec2beb49d90380aaf9e2e2c2430d81c2cfe4a563b4b4401a4f55cf8ed09,2026-06-02 22:45:17,Batista de Lima Filho Pedro,AXIA Energia S.A.,,,,,,,False,False,False,False,False,,,-1.0,ARCHIVE,"[""purchase value >= $100k ($191,616)""]","[""ADV60 unavailable"", ""latest price or insider VWAP unavailable; price gate cannot be verified"", ""52w drawdown unavailable"", ""market cap unavailable""]"
2026-06-02 22:45:17,0001213900-26-064328,2121444,AXIA3,False,1439124,AXIA Energia S.A.,AXIA3,"Class ""B1"" Preferred Shares",2026-05-29,P,A,13300.0,10.84,144172.0,"[{""cik"": ""0002121444"", ""name"": ""Batista de Lima Filho Pedro"", ""is_director"": true, ""is_officer"": false, ""is_ten_percent_owner"": false, ""is_other"": false, ""officer_title"": null}]",True,1b3fcb91acc0275bee1f9f3d481a9a3f7c6efce75b80bdf3de247d5e97ade60d,2026-06-02 22:45:17,Batista de Lima Filho Pedro,AXIA Energia S.A.,,,,,,,False,False,False,False,False,,,-1.0,ARCHIVE,"[""purchase value >= $100k ($144,172)""]","[""ADV60 unavailable"", ""latest price or insider VWAP unavailable; price gate cannot be verified"", ""52w drawdown unavailable"", ""market cap unavailable""]"
2026-06-04 01:22:45,0001182684-26-000015,1559432,TXO,False,1559432,"TXO Partners, L.P.",TXO,Common Units,2026-06-03,P,A,369153.0,13.9113,5135398.1289,"[{""cik"": ""0001182684"", ""name"": ""SIMPSON BOB R"", ""is_director"": true, ""is_officer"": false, ""is_ten_percent_owner"": true, ""is_other"": false, ""officer_title"": null}]",True,a8d98ce20d7bc126010dcad6790d8f263c5f81da9976e0b8ee6a436f1fa2df28,2026-06-04 01:22:45,SIMPSON BOB R,"TXO Partners, L.P.",13.4399995803833,2887136.2276130994,,1.7787169444185251,-0.0338789631175159,,True,True,True,True,True,14.268943786621094,-0.0580942933572301,7.0,ALERT,"[""purchase value >= $2m ($5,135,398)"", ""purchase value / ADV60 >= 5% (177.9%)"", ""current price below insider VWAP (-3.4%)""]","[""market cap unavailable""]"
2026-06-04 01:22:45,0001182684-26-000015,1559432,TXO,False,1559432,"TXO Partners, L.P.",TXO,Common Units,2026-06-02,P,A,230847.0,13.4131,3096373.8957,"[{""cik"": ""0001182684"", ""name"": ""SIMPSON BOB R"", ""is_director"": true, ""is_officer"": false, ""is_ten_percent_owner"": true, ""is_other"": false, ""officer_title"": null}]",True,5e1dfccfe8e37c40e1baac23ff68b2580060ba6501bdfbfcf1a965204abc5a05,2026-06-04 01:22:45,SIMPSON BOB R,"TXO Partners, L.P.",13.4399995803833,2887136.2276130994,,1.072472391875975,0.0020054707996883,,True,True,True,True,True,14.268943786621094,-0.0580942933572301,7.0,ALERT,"[""purchase value >= $2m ($3,096,374)"", ""purchase value / ADV60 >= 5% (107.2%)"", ""current price within 15% of insider VWAP (0.2%)""]","[""market cap unavailable""]"
2026-06-03 23:35:08,0001193125-26-256033,1198092,CECO,False,3197,CECO ENVIRONMENTAL CORP,CECO,Common Stock,2026-06-01,P,A,20000.0,76.8469,1536938.0,"[{""cik"": ""0001198092"", ""name"": ""WALLMAN RICHARD F"", ""is_director"": true, ""is_officer"": false, ""is_ten_percent_owner"": false, ""is_other"": false, ""officer_title"": null}]",True,2a699de0cca808fe60e9b02d97253af1f793f19879caeb6c4fc699ff93b8735c,2026-06-03 23:35:08,WALLMAN RICHARD F,CECO ENVIRONMENTAL CORP,79.47000122070312,53913687.815728,,0.0285073802640456,0.0341341188870745,,True,False,True,True,False,89.87000274658203,-0.1157227240240007,5.0,WATCH,"[""purchase value >= $1m ($1,536,938)"", ""purchase value / ADV60 >= 2% (2.9%)"", ""current price within 15% of insider VWAP (3.4%)""]","[""market cap unavailable""]"
2026-06-04 23:47:47,0001193125-26-257987,1877794,OPAD,False,1825024,Offerpad Solutions Inc.,OPAD,Class A Common Stock,2026-06-02,P,A,125000.0,0.8208,102600.0,"[{""cik"": ""0001877794"", ""name"": ""Bair Brian"", ""is_director"": true, ""is_officer"": true, ""is_ten_percent_owner"": false, ""is_other"": false, ""officer_title"": ""Chief Executive Officer""}]",True,2f9b1f355df18a933ce033661be20eafd12c9e35f1e205e82d5ed95c04132686,2026-06-04 23:47:47,Bair Brian,Offerpad Solutions Inc.,0.7400000095367432,520807.8094291687,,0.1970016542425788,-0.0984405341901276,,True,True,True,True,True,6.230000019073486,-0.8812199025246882,7.0,ALERT,"[""purchase value >= $100k ($102,600)"", ""purchase value / ADV60 >= 5% (19.7%)"", ""current price below insider VWAP (-9.8%)"", ""stock down at least 30% from 52w high (-88.1%)""]","[""market cap unavailable""]"
2026-06-05 00:43:10,0001552354-26-000004,1857154,DNUT,False,1857154,"Krispy Kreme, Inc.",DNUT,Common Stock,2026-06-02,P,A,235875.0,3.39,799616.25,"[{""cik"": ""0001552354"", ""name"": ""Hees Bernardo"", ""is_director"": true, ""is_officer"": false, ""is_ten_percent_owner"": false, ""is_other"": false, ""officer_title"": null}]",True,780614a712251f85df66df31230754b744a85ed1e0f8ee2f6f44a0ff75fcd994,2026-06-05 00:43:10,Hees Bernardo,"Krispy Kreme, Inc.",3.2699999809265137,7712259.021758938,,0.1036811973954722,-0.0353982357148927,,True,True,True,True,True,4.699999809265137,-0.3042552949724926,7.0,ALERT,"[""purchase value >= $100k ($799,616)"", ""purchase value / ADV60 >= 5% (10.4%)"", ""current price below insider VWAP (-3.5%)"", ""stock down at least 30% from 52w high (-30.4%)""]","[""market cap unavailable""]"
2026-06-04 22:30:18,0001628280-26-040963,2007596,TWFG,False,2007596,"TWFG, Inc.",TWFG,Class A Common Stock,2026-06-03,P,A,22994.0,18.62,428148.28,"[{""cik"": ""0001611672"", ""name"": ""DOAK MICHAEL"", ""is_director"": true, ""is_officer"": false, ""is_ten_percent_owner"": false, ""is_other"": false, ""officer_title"": null}]",True,08694269a78cd99fe0a1eb1d985d2d1207566ea5bf82e2820076c9a3823dc899,2026-06-04 22:30:18,DOAK MICHAEL,"TWFG, Inc.",18.950000762939453,5247711.625360361,,0.0815876158154172,0.017722919599326,,True,True,True,True,True,36.040000915527344,-0.4741953307005854,7.0,ALERT,"[""purchase value >= $100k ($428,148)"", ""purchase value / ADV60 >= 5% (8.2%)"", ""current price within 15% of insider VWAP (1.8%)"", ""stock down at least 30% from 52w high (-47.4%)""]","[""market cap unavailable""]"
2026-06-05 00:43:10,0001552354-26-000004,1857154,DNUT,False,1857154,"Krispy Kreme, Inc.",DNUT,Common Stock,2026-06-03,P,A,170596.0,3.345,570643.62,"[{""cik"": ""0001552354"", ""name"": ""Hees Bernardo"", ""is_director"": true, ""is_officer"": false, ""is_ten_percent_owner"": false, ""is_other"": false, ""officer_title"": null}]",True,70da2ab1cbf54243abcbd09af475d65daaf968c24419a562f78b77d0fe9d2275,2026-06-05 00:43:10,Hees Bernardo,"Krispy Kreme, Inc.",3.2699999809265137,7712259.021758938,,0.0739917601820708,-0.0224215303657657,,True,True,True,True,True,4.699999809265137,-0.3042552949724926,7.0,ALERT,"[""purchase value >= $100k ($570,644)"", ""purchase value / ADV60 >= 5% (7.4%)"", ""current price below insider VWAP (-2.2%)"", ""stock down at least 30% from 52w high (-30.4%)""]","[""market cap unavailable""]"
2026-06-05 00:43:10,0001552354-26-000004,1857154,DNUT,False,1857154,"Krispy Kreme, Inc.",DNUT,Common Stock,2026-06-04,P,A,150000.0,3.2896,493440.0,"[{""cik"": ""0001552354"", ""name"": ""Hees Bernardo"", ""is_director"": true, ""is_officer"": false, ""is_ten_percent_owner"": false, ""is_other"": false, ""officer_title"": null}]",True,75c7115fbffb0ff9bdf1505d914379dbdf82045f236429ddc6350cb37e6387fa,2026-06-05 00:43:10,Hees Bernardo,"Krispy Kreme, Inc.",3.2699999809265137,7712259.021758938,,0.0639812535610948,-0.0059581770043428,,True,True,True,True,True,4.699999809265137,-0.3042552949724926,7.0,ALERT,"[""purchase value >= $100k ($493,440)"", ""purchase value / ADV60 >= 5% (6.4%)"", ""current price below insider VWAP (-0.6%)"", ""stock down at least 30% from 52w high (-30.4%)""]","[""market cap unavailable""]"
2026-06-04 22:30:18,0001628280-26-040963,2007596,TWFG,False,2007596,"TWFG, Inc.",TWFG,Class A Common Stock,2026-06-04,P,A,11000.0,19.09,209990.0,"[{""cik"": ""0001611672"", ""name"": ""DOAK MICHAEL"", ""is_director"": true, ""is_officer"": false, ""is_ten_percent_owner"": false, ""is_other"": false, ""officer_title"": null}]",True,ff1c75b7f7b49a5a30e35dec35859635ff92d78e19f01d065546b3c208e8050c,2026-06-04 22:30:18,DOAK MICHAEL,"TWFG, Inc.",18.950000762939453,5247711.625360361,,0.0400155372458333,-0.0073336425909139,,True,False,True,True,False,36.040000915527344,-0.4741953307005854,6.0,WATCH,"[""purchase value >= $100k ($209,990)"", ""purchase value / ADV60 >= 2% (4.0%)"", ""current price below insider VWAP (-0.7%)"", ""stock down at least 30% from 52w high (-47.4%)""]","[""market cap unavailable""]"
2026-06-05 00:43:10,0001552354-26-000004,1857154,DNUT,False,1857154,"Krispy Kreme, Inc.",DNUT,Common Stock,2026-06-01,P,A,73640.0,3.436,253027.04,"[{""cik"": ""0001552354"", ""name"": ""Hees Bernardo"", ""is_director"": true, ""is_officer"": false, ""is_ten_percent_owner"": false, ""is_other"": false, ""officer_title"": null}]",True,e0fcbbeabfb042b836b1ef942e6a5fe1be2392c4c28afe48aa85cca6c0eda4cf,2026-06-05 00:43:10,Hees Bernardo,"Krispy Kreme, Inc.",3.2699999809265137,7712259.021758938,,0.0328084208901858,-0.048311996237918,,True,False,True,True,False,4.699999809265137,-0.3042552949724926,6.0,WATCH,"[""purchase value >= $100k ($253,027)"", ""purchase value / ADV60 >= 2% (3.3%)"", ""current price below insider VWAP (-4.8%)"", ""stock down at least 30% from 52w high (-30.4%)""]","[""market cap unavailable""]"
2026-06-04 22:08:26,0001055919-26-000005,1599298,SMMT,False,1599298,Summit Therapeutics Inc.,SMMT,Common Stock,2026-06-04,P,A,100000.0,14.6,1460000.0,"[{""cik"": ""0001055919"", ""name"": ""DUGGAN ROBERT W"", ""is_director"": true, ""is_officer"": true, ""is_ten_percent_owner"": true, ""is_other"": false, ""officer_title"": ""Co-Chief Executive Officer""}]",True,336ae9bd8d385dd347d103251bf7d867e8622eeab7e62f17dd81a3eb5b9199fd,2026-06-04 22:08:26,DUGGAN ROBERT W,Summit Therapeutics Inc.,14.84000015258789,78891890.4856596,,0.0185063381167851,0.0164383666156089,,False,False,True,True,False,29.31999969482422,-0.4938608353666676,5.0,WATCH,"[""purchase value >= $1m ($1,460,000)"", ""current price within 15% of insider VWAP (1.6%)"", ""stock down at least 30% from 52w high (-49.4%)""]","[""market cap unavailable""]"
2026-06-04 22:01:18,0001140361-26-024019,2135796,AVR,False,2011514,Anteris Technologies Global Corp.,AVR,Common Stock,2026-06-02,P,A,11000.0,9.2935,102228.5,"[{""cik"": ""0002135796"", ""name"": ""Knight Susan Elizabeth"", ""is_director"": true, ""is_officer"": null, ""is_ten_percent_owner"": null, ""is_other"": null, ""officer_title"": null}]",True,a0d133615beaae13b5dcb5142ae3356594f30844a09be5d796883766313136da,2026-06-04 22:01:18,Knight Susan Elizabeth,Anteris Technologies Global Corp.,9.649999618530272,7122708.311585172,,0.0143524759863778,0.0383601031398583,,False,False,True,False,False,9.649999618530272,0.0,2.0,ARCHIVE,"[""purchase value >= $100k ($102,228)"", ""current price within 15% of insider VWAP (3.8%)""]","[""market cap unavailable""]"
2026-06-04 23:00:49,0001195679-26-000003,1195679,LTC,False,887905,LTC PROPERTIES INC,LTC,Common Stock,2026-06-04,P,A,5000.0,34.85,174250.0,"[{""cik"": ""0001195679"", ""name"": ""BOITANO DAVID M"", ""is_director"": false, ""is_officer"": true, ""is_ten_percent_owner"": false, ""is_other"": false, ""officer_title"": ""EVP & CIO""}]",True,29939b5a92735e5782aa75b3452ec5d592213ec898e49cb16ea1bab0261ed533,2026-06-04 23:00:49,BOITANO DAVID M,LTC PROPERTIES INC,34.86000061035156,14586608.473721825,,0.0119458886083023,0.0002869615595857,,False,False,True,False,False,39.75837326049805,-0.123203548043885,2.0,ARCHIVE,"[""purchase value >= $100k ($174,250)"", ""current price within 15% of insider VWAP (0.0%)""]","[""market cap unavailable""]"
2026-06-04 23:00:49,0001195679-26-000003,1195679,LTC,False,887905,LTC PROPERTIES INC,LTC,Common Stock,2026-06-04,P,A,5000.0,34.69,173450.0,"[{""cik"": ""0001195679"", ""name"": ""BOITANO DAVID M"", ""is_director"": false, ""is_officer"": true, ""is_ten_percent_owner"": false, ""is_other"": false, ""officer_title"": ""EVP & CIO""}]",True,ac4cfdddd0a11680f452ace99b5cd76451043e637ab0832317863a8a376e01a8,2026-06-04 23:00:49,BOITANO DAVID M,LTC PROPERTIES INC,34.86000061035156,14586608.473721825,,0.011891043782554,0.004900565302726,,False,False,True,False,False,39.75837326049805,-0.123203548043885,2.0,ARCHIVE,"[""purchase value >= $100k ($173,450)"", ""current price within 15% of insider VWAP (0.5%)""]","[""market cap unavailable""]"
2026-06-04 21:55:06,0001193125-26-257845,2118195,AADX,False,2118195,"Applied Aerospace & Defense, Inc.",AADX,Common Stock,2026-06-04,P,A,25000.0,20.0,500000.0,"[{""cik"": ""0001599036"", ""name"": ""McRae Jeffrey L."", ""is_director"": false, ""is_officer"": true, ""is_ten_percent_owner"": false, ""is_other"": false, ""officer_title"": ""Chief Financial Officer""}]",True,79b6d3d4e3f54b5ae0acc79056bd57f7d13381aa85f7fa0077c3e69fd1a6f616,2026-06-04 21:55:06,McRae Jeffrey L.,"Applied Aerospace & Defense, Inc.",18.600000381469727,88730688.01978874,,0.0056350289979549,-0.0699999809265137,,False,False,True,False,False,18.600000381469727,0.0,2.0,ARCHIVE,"[""purchase value >= $100k ($500,000)"", ""current price below insider VWAP (-7.0%)""]","[""market cap unavailable""]"
2026-06-04 21:53:15,0001193125-26-257841,2118195,AADX,False,2118195,"Applied Aerospace & Defense, Inc.",AADX,Common Stock,2026-06-04,P,A,25000.0,20.0,500000.0,"[{""cik"": ""0001729886"", ""name"": ""Katzman James C"", ""is_director"": true, ""is_officer"": false, ""is_ten_percent_owner"": false, ""is_other"": false, ""officer_title"": null}]",True,04e3d21e760a74ee8fb62c5c1f18ce75e7583599ad907da95b1231338fa500bd,2026-06-04 21:53:15,Katzman James C,"Applied Aerospace & Defense, Inc.",18.600000381469727,88730688.01978874,,0.0056350289979549,-0.0699999809265137,,False,False,True,False,False,18.600000381469727,0.0,2.0,ARCHIVE,"[""purchase value >= $100k ($500,000)"", ""current price below insider VWAP (-7.0%)""]","[""market cap unavailable""]"
2026-06-04 22:00:45,0001193125-26-257860,2118195,AADX,False,2118195,"Applied Aerospace & Defense, Inc.",AADX,Common Stock,2026-06-04,P,A,8000.0,20.0,160000.0,"[{""cik"": ""0001784973"", ""name"": ""Lynch Susan D"", ""is_director"": true, ""is_officer"": false, ""is_ten_percent_owner"": false, ""is_other"": false, ""officer_title"": null}]",True,16bbe2e6fd99852132756b4e6ff86b2f26ff25fda0d8699ddc6bfc56eb46fbf8,2026-06-04 22:00:45,Lynch Susan D,"Applied Aerospace & Defense, Inc.",18.600000381469727,88730688.01978874,,0.0018032092793455,-0.0699999809265137,,False,False,True,False,False,18.600000381469727,0.0,2.0,ARCHIVE,"[""purchase value >= $100k ($160,000)"", ""current price below insider VWAP (-7.0%)""]","[""market cap unavailable""]"
2026-06-05 23:41:54,0001193125-26-260213,2022286,BLND,False,1855747,"Blend Labs, Inc.",BLND,Class A Common Stock,2026-06-03,P,A,240307.0,1.5649,376056.4243,"[{""cik"": ""0002022284"", ""name"": ""Haveli Investments, L.P."", ""is_director"": true, ""is_officer"": false, ""is_ten_percent_owner"": true, ""is_other"": false, ""officer_title"": null}, {""cik"": ""0002022121"", ""name"": ""Haveli Brooks Aggregator, L.P."", ""is_director"": true, ""is_officer"": false, ""is_ten_percent_owner"": true, ""is_other"": false, ""officer_title"": null}, {""cik"": ""0002022122"", ""name"": ""Haveli Investments Software Fund I GP, LLC"", ""is_director"": true, ""is_officer"": false, ""is_ten_percent_owner"": true, ""is_other"": false, ""officer_title"": null}, {""cik"": ""0002022117"", ""name"": ""Haveli Software Management LLC"", ""is_director"": true, ""is_officer"": false, ""is_ten_percent_owner"": true, ""is_other"": false, ""officer_title"": null}, {""cik"": ""0002022286"", ""name"": ""Haveli Investment Management LLC"", ""is_director"": true, ""is_officer"": false, ""is_ten_percent_owner"": true, ""is_other"": false, ""officer_title"": null}, {""cik"": ""0002022120"", ""name"": ""Whanau Interests LLC"", ""is_director"": true, ""is_officer"": false, ""is_ten_percent_owner"": true, ""is_other"": false, ""officer_title"": null}, {""cik"": ""0001782665"", ""name"": ""SHETH BRIAN NIRANJAN"", ""is_director"": true, ""is_officer"": false, ""is_ten_percent_owner"": true, ""is_other"": false, ""officer_title"": null}]",True,53c74b209ecf7ed378303bcc77b76377369140d4d3e6467bd7d6271bf9e42848,2026-06-05 23:41:54,"Haveli Brooks Aggregator, L.P.; Haveli Investment Management LLC; Haveli Investments Software Fund I GP, LLC; Haveli Investments, L.P.; Haveli Software Management LLC; SHETH BRIAN NIRANJAN; Whanau Interests LLC","Blend Labs, Inc.",1.6200000047683716,6703455.228676994,,0.0560988939989115,0.0352099206136951,,True,True,True,True,True,4.369999885559082,-0.6292906070497266,7.0,ALERT,"[""purchase value >= $100k ($376,056)"", ""purchase value / ADV60 >= 5% (5.6%)"", ""current price within 15% of insider VWAP (3.5%)"", ""stock down at least 30% from 52w high (-62.9%)""]","[""market cap unavailable""]"
2026-06-06 00:49:47,0000950103-26-008630,2112308,PAX,False,1825570,Patria Investments Ltd,PAX,Class A Common Shares,2026-06-05,P,A,50000.0,11.46,573000.0,"[{""cik"": ""0002112308"", ""name"": ""Neto Olimpio Matarazzo"", ""is_director"": true, ""is_officer"": false, ""is_ten_percent_owner"": false, ""is_other"": false, ""officer_title"": null}]",True,fbe885a63396ad5d2bbcb23e04bfca086363c237421144f23f45e4f7369456e8,2026-06-06 00:49:47,Neto Olimpio Matarazzo,Patria Investments Ltd,11.149999618530272,11054424.319791794,,0.0518344495763658,-0.027050644107306,,True,True,True,True,True,17.15184783935547,-0.3499242925332955,7.0,ALERT,"[""purchase value >= $100k ($573,000)"", ""purchase value / ADV60 >= 5% (5.2%)"", ""current price below insider VWAP (-2.7%)"", ""stock down at least 30% from 52w high (-35.0%)""]","[""market cap unavailable""]"
2026-06-06 00:49:47,0000950103-26-008630,2112308,PAX,False,1825570,Patria Investments Ltd,PAX,Class A Common Shares,2026-06-03,P,A,35000.0,11.14,389900.0,"[{""cik"": ""0002112308"", ""name"": ""Neto Olimpio Matarazzo"", ""is_director"": true, ""is_officer"": false, ""is_ten_percent_owner"": false, ""is_other"": false, ""officer_title"": null}]",True,246004c1de4474c22220a6d9abc50f39e9747b054b7f6dbc8409cfcfe7e9bc76,2026-06-06 00:49:47,Neto Olimpio Matarazzo,Patria Investments Ltd,11.149999618530272,11054424.319791794,,0.0352709457065009,0.0008976318249795,,True,False,True,True,False,17.15184783935547,-0.3499242925332955,6.0,WATCH,"[""purchase value >= $100k ($389,900)"", ""purchase value / ADV60 >= 2% (3.5%)"", ""current price within 15% of insider VWAP (0.1%)"", ""stock down at least 30% from 52w high (-35.0%)""]","[""market cap unavailable""]"
2026-06-05 22:46:51,0000921895-26-001567,1726173,BH,False,1726173,Biglari Holdings Inc.,BH,Class B common stock,2026-06-04,P,A,1743.0,286.76,499822.68,"[{""cik"": ""0001334430"", ""name"": ""BIGLARI, SARDAR"", ""is_director"": true, ""is_officer"": true, ""is_ten_percent_owner"": true, ""is_other"": false, ""officer_title"": ""Chairman and CEO""}, {""cik"": ""0001334429"", ""name"": ""BIGLARI CAPITAL CORP."", ""is_director"": false, ""is_officer"": false, ""is_ten_percent_owner"": true, ""is_other"": false, ""officer_title"": null}, {""cik"": ""0001334426"", ""name"": ""LION FUND, L.P."", ""is_director"": false, ""is_officer"": false, ""is_ten_percent_owner"": true, ""is_other"": false, ""officer_title"": null}]",True,1a65a15b62ced3160c7f6108217278c319907c9f53a408eb26a72b62e047306a,2026-06-05 22:46:51,"BIGLARI CAPITAL CORP.; BIGLARI, SARDAR; LION FUND, L.P.",Biglari Holdings Inc.,293.5400085449219,25479015.266952515,,0.0196170328705086,0.023643494716564,,False,False,True,False,False,476.9200134277344,-0.3845089317280229,4.0,WATCH,"[""purchase value >= $100k ($499,823)"", ""current price within 15% of insider VWAP (2.4%)"", ""stock down at least 30% from 52w high (-38.5%)""]","[""market cap unavailable""]"
2026-06-06 00:49:47,0000950103-26-008630,2112308,PAX,False,1825570,Patria Investments Ltd,PAX,Class A Common Shares,2026-06-03,P,A,15000.0,11.09,166350.0,"[{""cik"": ""0002112308"", ""name"": ""Neto Olimpio Matarazzo"", ""is_director"": true, ""is_officer"": false, ""is_ten_percent_owner"": false, ""is_other"": false, ""officer_title"": null}]",True,bcc0184c42e52698cc5c5e2896107d17236da83b9d06901cb76356f488c78604,2026-06-06 00:49:47,Neto Olimpio Matarazzo,Patria Investments Ltd,11.149999618530272,11054424.319791794,,0.0150482734503114,0.0054102451334783,,False,False,True,False,False,17.15184783935547,-0.3499242925332955,4.0,WATCH,"[""purchase value >= $100k ($166,350)"", ""current price within 15% of insider VWAP (0.5%)"", ""stock down at least 30% from 52w high (-35.0%)""]","[""market cap unavailable""]"
2026-06-05 22:46:51,0000921895-26-001567,1726173,BH,False,1726173,Biglari Holdings Inc.,BH,Class B common stock,2026-06-05,P,A,535.0,297.14,158969.9,"[{""cik"": ""0001334430"", ""name"": ""BIGLARI, SARDAR"", ""is_director"": true, ""is_officer"": true, ""is_ten_percent_owner"": true, ""is_other"": false, ""officer_title"": ""Chairman and CEO""}, {""cik"": ""0001334429"", ""name"": ""BIGLARI CAPITAL CORP."", ""is_director"": false, ""is_officer"": false, ""is_ten_percent_owner"": true, ""is_other"": false, ""officer_title"": null}, {""cik"": ""0001334426"", ""name"": ""LION FUND, L.P."", ""is_director"": false, ""is_officer"": false, ""is_ten_percent_owner"": true, ""is_other"": false, ""officer_title"": null}]",True,4cabf7ca10ae44105fb9a6b826be29aedc0a4ae533ef6bc51b1616fd1772a322,2026-06-05 22:46:51,"BIGLARI CAPITAL CORP.; BIGLARI, SARDAR; LION FUND, L.P.",Biglari Holdings Inc.,293.5400085449219,25479015.266952515,,0.0062392481944226,-0.0121154723533624,,False,False,True,False,False,476.9200134277344,-0.3845089317280229,4.0,WATCH,"[""purchase value >= $100k ($158,970)"", ""current price below insider VWAP (-1.2%)"", ""stock down at least 30% from 52w high (-38.5%)""]","[""market cap unavailable""]"
2026-06-08 23:02:03,0001493152-26-027794,1883231,CING,False,1862150,Cingulate Inc.,CING,Common Stock,2026-02-13,P,A,97276.0,5.04,490271.04,"[{""cik"": ""0001883231"", ""name"": ""Hargroves Thomas Jeffrey"", ""is_director"": true, ""is_officer"": false, ""is_ten_percent_owner"": false, ""is_other"": false, ""officer_title"": null}]",True,f744bf032865f44253d4ac3ece34d4a651b1c0a9240cce7700b75c2782c9ccc3,2026-06-08 23:02:03,Hargroves Thomas Jeffrey,Cingulate Inc.,4.53000020980835,3923388.275004784,,0.1249611319693823,-0.1011904345618354,,True,True,True,True,True,11.65999984741211,-0.6114922582255637,7.0,ALERT,"[""purchase value >= $100k ($490,271)"", ""purchase value / ADV60 >= 5% (12.5%)"", ""current price below insider VWAP (-10.1%)"", ""stock down at least 30% from 52w high (-61.1%)""]","[""market cap unavailable""]"
2026-06-08 23:53:16,0001193125-26-262545,2029118,INR,False,2029118,"INFINITY NATURAL RESOURCES, INC.",INR,Class A Common Stock,2026-06-05,P,A,44000.0,13.1865,580206.0,"[{""cik"": ""0001377293"", ""name"": ""Quinn William J"", ""is_director"": true, ""is_officer"": false, ""is_ten_percent_owner"": true, ""is_other"": false, ""officer_title"": null}]",True,361f6325bb390b6d03093f0250d2c16d6053cc70028ffed1be78b6a0f73a415e,2026-06-08 23:53:16,Quinn William J,"INFINITY NATURAL RESOURCES, INC.",13.579999923706056,5867311.201740964,,0.0988878857879295,0.0298411196076331,,True,True,True,True,True,19.559999465942383,-0.3057259563144991,7.0,ALERT,"[""purchase value >= $100k ($580,206)"", ""purchase value / ADV60 >= 5% (9.9%)"", ""current price within 15% of insider VWAP (3.0%)"", ""stock down at least 30% from 52w high (-30.6%)""]","[""market cap unavailable""]"
2026-06-08 22:01:05,0001628280-26-041706,2007596,TWFG,False,2007596,"TWFG, Inc.",TWFG,Class A Common Stock,2026-06-05,P,A,7865.0,19.45,152974.25,"[{""cik"": ""0001611672"", ""name"": ""DOAK MICHAEL"", ""is_director"": true, ""is_officer"": false, ""is_ten_percent_owner"": false, ""is_other"": false, ""officer_title"": null}]",True,9d5e1cd2f14054193d5528bc6fae20f0e47821b4bb13fbbcda215326dd8788b2,2026-06-08 22:01:05,DOAK MICHAEL,"TWFG, Inc.",19.88999938964844,5380880.238694,,0.0284292240700619,0.0226220765886087,,True,False,True,True,False,36.040000915527344,-0.4481132385021915,6.0,WATCH,"[""purchase value >= $100k ($152,974)"", ""purchase value / ADV60 >= 2% (2.8%)"", ""current price within 15% of insider VWAP (2.3%)"", ""stock down at least 30% from 52w high (-44.8%)""]","[""market cap unavailable""]"
2026-06-08 22:29:36,0001140361-26-024486,2133108,SSMR,False,2091017,Sunshine Silver Mining & Refining Co,SSMR,Common Stock,2026-06-05,P,A,40000.0,13.5,540000.0,"[{""cik"": ""0002133108"", ""name"": ""El-Erian Anna"", ""is_director"": true, ""is_officer"": null, ""is_ten_percent_owner"": null, ""is_other"": null, ""officer_title"": null}]",True,6c76d9ee83d1b40e4a0f739ab6f02b32f6941484676fd063cf48073e8bd935a8,2026-06-08 22:29:36,El-Erian Anna,Sunshine Silver Mining & Refining Co,14.789999961853027,21187428.583840687,,0.0254868115714546,0.0955555527298539,,True,False,True,True,False,17.149999618530273,-0.1376093124881069,4.0,WATCH,"[""purchase value >= $100k ($540,000)"", ""purchase value / ADV60 >= 2% (2.5%)"", ""current price within 15% of insider VWAP (9.6%)""]","[""market cap unavailable""]"
2026-06-08 22:34:44,0001140361-26-024490,2132385,SSMR,False,2091017,Sunshine Silver Mining & Refining Co,SSMR,Common Stock,2026-06-05,P,A,10000.0,13.5,135000.0,"[{""cik"": ""0002132385"", ""name"": ""Groh Douglas"", ""is_director"": true, ""is_officer"": null, ""is_ten_percent_owner"": null, ""is_other"": null, ""officer_title"": null}]",True,9680c26b7f6b26764bb6797461d3597b9d2c2f654755dcbbef0d356685007b21,2026-06-08 22:34:44,Groh Douglas,Sunshine Silver Mining & Refining Co,14.789999961853027,21187428.583840687,,0.0063717028928636,0.0955555527298539,,False,False,True,False,False,17.149999618530273,-0.1376093124881069,2.0,ARCHIVE,"[""purchase value >= $100k ($135,000)"", ""current price within 15% of insider VWAP (9.6%)""]","[""market cap unavailable""]"
2026-06-08 22:59:59,0001193125-26-262431,1065416,FCNCA,False,798941,FIRST CITIZENS BANCSHARES INC /DE/,FCNCA,Class B Common,2026-06-05,P,A,150.0,1840.0,276000.0,"[{""cik"": ""0001065416"", ""name"": ""HOLDING FRANK B JR"", ""is_director"": true, ""is_officer"": true, ""is_ten_percent_owner"": true, ""is_other"": false, ""officer_title"": ""Chairman and CEO""}]",True,e7a672f15906f8c26398cacaae481979031501721e482cd443ac485c549e8555,2026-06-08 22:59:59,HOLDING FRANK B JR,FIRST CITIZENS BANCSHARES INC /DE/,2074.25,147780382.95887858,,0.0018676362482887,0.1273097826086957,,False,False,True,False,False,2198.916748046875,-0.0566946193654701,2.0,ARCHIVE,"[""purchase value >= $100k ($276,000)"", ""current price within 15% of insider VWAP (12.7%)""]","[""market cap unavailable""]"
2026-06-08 23:01:10,0001193125-26-262436,1065416,FCNCA,False,798941,FIRST CITIZENS BANCSHARES INC /DE/,FCNCA,Class B Common,2026-06-05,P,A,111.0,1898.0,210678.0,"[{""cik"": ""0001065416"", ""name"": ""HOLDING FRANK B JR"", ""is_director"": true, ""is_officer"": true, ""is_ten_percent_owner"": true, ""is_other"": false, ""officer_title"": ""Chairman and CEO""}]",True,7d14f663a2a15ed1e993b47c1737d0909d8cefc933bab5791635f08125025518,2026-06-08 23:01:10,HOLDING FRANK B JR,FIRST CITIZENS BANCSHARES INC /DE/,2074.25,147780382.95887858,,0.0014256154692644,0.0928609062170706,,False,False,True,False,False,2198.916748046875,-0.0566946193654701,2.0,ARCHIVE,"[""purchase value >= $100k ($210,678)"", ""current price within 15% of insider VWAP (9.3%)""]","[""market cap unavailable""]"
2026-06-08 21:45:52,0001540655-26-000010,1540655,MTDR,False,1520006,Matador Resources Co,MTDR,Common Stock,2026-06-04,P,A,2000.0,56.25,112500.0,"[{""cik"": ""0001540655"", ""name"": ""Foran Joseph Wm"", ""is_director"": true, ""is_officer"": true, ""is_ten_percent_owner"": false, ""is_other"": false, ""officer_title"": ""Chairman and CEO""}]",True,4b4a1fe3bce2773869b33632ba9a1ead473b67c541f1a48a5893929a76d5de26,2026-06-08 21:45:52,Foran Joseph Wm,Matador Resources Co,55.310001373291016,103694166.81719272,,0.0010849212009999,-0.0167110866970485,,False,False,True,False,False,65.0083236694336,-0.1491858541908942,2.0,ARCHIVE,"[""purchase value >= $100k ($112,500)"", ""current price below insider VWAP (-1.7%)""]","[""market cap unavailable""]"
2026-06-08 23:01:10,0001193125-26-262436,1065416,FCNCA,False,798941,FIRST CITIZENS BANCSHARES INC /DE/,FCNCA,Class B Common,2026-06-05,P,A,60.0,1860.0,111600.0,"[{""cik"": ""0001065416"", ""name"": ""HOLDING FRANK B JR"", ""is_director"": true, ""is_officer"": true, ""is_ten_percent_owner"": true, ""is_other"": false, ""officer_title"": ""Chairman and CEO""}]",True,cdb98a0de5be7aacd40ea768276bfd5773f286a73c1bed33c01a21be606c0dea,2026-06-08 23:01:10,HOLDING FRANK B JR,FIRST CITIZENS BANCSHARES INC /DE/,2074.25,147780382.95887858,,0.0007551746569167,0.1151881720430108,,False,False,True,False,False,2198.916748046875,-0.0566946193654701,2.0,ARCHIVE,"[""purchase value >= $100k ($111,600)"", ""current price within 15% of insider VWAP (11.5%)""]","[""market cap unavailable""]"
2026-06-08 22:59:59,0001193125-26-262431,1065416,FCNCA,False,798941,FIRST CITIZENS BANCSHARES INC /DE/,FCNCA,Class B Common,2026-06-05,P,A,96.0,1800.0,172800.0,"[{""cik"": ""0001065416"", ""name"": ""HOLDING FRANK B JR"", ""is_director"": true, ""is_officer"": true, ""is_ten_percent_owner"": true, ""is_other"": false, ""officer_title"": ""Chairman and CEO""}]",True,95bdc3a23deb7afd7c3c797e88461c0129caebd620cf02937f072aed11820f25,2026-06-08 22:59:59,HOLDING FRANK B JR,FIRST CITIZENS BANCSHARES INC /DE/,2074.25,147780382.95887858,,0.0011693026945808,0.1523611111111111,,False,False,False,False,False,2198.916748046875,-0.0566946193654701,-2.0,ARCHIVE,"[""purchase value >= $100k ($172,800)""]","[""current price more than 15% above insider VWAP (15.2%)"", ""market cap unavailable""]"
2026-06-08 22:59:59,0001193125-26-262431,1065416,FCNCA,False,798941,FIRST CITIZENS BANCSHARES INC /DE/,FCNCA,Class B Common,2026-06-05,P,A,61.0,1798.99,109738.39,"[{""cik"": ""0001065416"", ""name"": ""HOLDING FRANK B JR"", ""is_director"": true, ""is_officer"": true, ""is_ten_percent_owner"": true, ""is_other"": false, ""officer_title"": ""Chairman and CEO""}]",True,2cd9321e1fc0beb4efb0b9cc95c22bf14f2b78236aa51304794780bfeb0624db,2026-06-08 22:59:59,HOLDING FRANK B JR,FIRST CITIZENS BANCSHARES INC /DE/,2074.25,147780382.95887858,,0.00074257751809,0.1530080767541788,,False,False,False,False,False,2198.916748046875,-0.0566946193654701,-2.0,ARCHIVE,"[""purchase value >= $100k ($109,738)""]","[""current price more than 15% above insider VWAP (15.3%)"", ""market cap unavailable""]"
2026-06-09 21:43:19,0001493152-26-027990,1897245,HWH,False,1897245,HWH International Inc.,HWH,Common Stock,2026-06-08,P,A,250000.0,2.0,500000.0,"[{""cik"": ""0001261725"", ""name"": ""Chan Heng Fai Ambrose"", ""is_director"": true, ""is_officer"": true, ""is_ten_percent_owner"": true, ""is_other"": false, ""officer_title"": ""Chief Executive Officer""}, {""cik"": ""0001750106"", ""name"": ""Alset Inc."", ""is_director"": false, ""is_officer"": false, ""is_ten_percent_owner"": true, ""is_other"": false, ""officer_title"": null}]",True,872f8d8e403bf55cdd5b5f5deb2a957376449b4f7d7790204cf798a5d4022661,2026-06-09 21:43:19,Alset Inc.; Chan Heng Fai Ambrose,HWH International Inc.,1.225000023841858,89573.02292500933,,5.582037801923921,-0.387499988079071,,True,True,True,True,True,6.199999809265137,-0.8024193449149392,7.0,ALERT,"[""purchase value >= $100k ($500,000)"", ""purchase value / ADV60 >= 5% (558.2%)"", ""current price below insider VWAP (-38.7%)"", ""stock down at least 30% from 52w high (-80.2%)""]","[""market cap unavailable""]"
2026-06-10 00:45:14,0000950142-26-001717,1858361,LFTO,False,1850351,"Liftoff Mobile, Inc.",LFTO,"Common Stock, par value $0.0001 per share",2026-06-05,P,A,1304347.0,23.0,29999981.0,"[{""cik"": ""0001467926"", ""name"": ""GENERAL ATLANTIC GENPAR, L.P."", ""is_director"": true, ""is_officer"": false, ""is_ten_percent_owner"": true, ""is_other"": false, ""officer_title"": null}, {""cik"": ""0001857517"", ""name"": ""General Atlantic GenPar (Lux) SCSp"", ""is_director"": true, ""is_officer"": false, ""is_ten_percent_owner"": true, ""is_other"": false, ""officer_title"": null}, {""cik"": ""0001858361"", ""name"": ""General Atlantic (Lux) S.a r.l."", ""is_director"": true, ""is_officer"": false, ""is_ten_percent_owner"": true, ""is_other"": false, ""officer_title"": null}, {""cik"": ""0001017645"", ""name"": ""GENERAL ATLANTIC, L.P."", ""is_director"": true, ""is_officer"": false, ""is_ten_percent_owner"": true, ""is_other"": false, ""officer_title"": null}]",True,3fc4183cf0e050cf344c2ac2dcbe393bad0beb120f1b4a127e118d8f4cd1b188,2026-06-10 00:45:14,"GENERAL ATLANTIC GENPAR, L.P.; GENERAL ATLANTIC, L.P.; General Atlantic (Lux) S.a r.l.; General Atlantic GenPar (Lux) SCSp","Liftoff Mobile, Inc.",25.770000457763672,120868067.52211475,,0.24820435715588,0.1204348025114641,,True,True,True,True,True,28.450000762939453,-0.0942003596944327,7.0,ALERT,"[""purchase value >= $2m ($29,999,981)"", ""purchase value / ADV60 >= 5% (24.8%)"", ""current price within 15% of insider VWAP (12.0%)""]","[""market cap unavailable""]"
2026-06-10 00:43:11,0000950142-26-001716,2106663,LFTO,False,1850351,"Liftoff Mobile, Inc.",LFTO,"Common Stock, par value $0.0001 per share",2026-06-05,P,A,1304347.0,23.0,29999981.0,"[{""cik"": ""0002106663"", ""name"": ""General Atlantic (LFT), L.P."", ""is_director"": true, ""is_officer"": false, ""is_ten_percent_owner"": true, ""is_other"": false, ""officer_title"": null}, {""cik"": ""0001467927"", ""name"": ""GENERAL ATLANTIC GENPAR (BERMUDA), L.P."", ""is_director"": true, ""is_officer"": false, ""is_ten_percent_owner"": true, ""is_other"": false, ""officer_title"": null}, {""cik"": ""0001406817"", ""name"": ""GAP (Bermuda) L.P."", ""is_director"": true, ""is_officer"": false, ""is_ten_percent_owner"": true, ""is_other"": false, ""officer_title"": null}, {""cik"": ""0001704892"", ""name"": ""General Atlantic Partners 100, L.P."", ""is_director"": true, ""is_officer"": false, ""is_ten_percent_owner"": true, ""is_other"": false, ""officer_title"": null}, {""cik"": ""0001795410"", ""name"": ""General Atlantic Partners (Lux), SCSp"", ""is_director"": true, ""is_officer"": false, ""is_ten_percent_owner"": true, ""is_other"": false, ""officer_title"": null}, {""cik"": ""0001282203"", ""name"": ""GAP COINVESTMENTS III, LLC"", ""is_director"": true, ""is_officer"": false, ""is_ten_percent_owner"": true, ""is_other"": false, ""officer_title"": null}, {""cik"": ""0001282372"", ""name"": ""GAP COINVESTMENTS IV, LLC"", ""is_director"": true, ""is_officer"": false, ""is_ten_percent_owner"": true, ""is_other"": false, ""officer_title"": null}, {""cik"": ""0001793941"", ""name"": ""GAP Coinvestments V, LLC"", ""is_director"": true, ""is_officer"": false, ""is_ten_percent_owner"": true, ""is_other"": false, ""officer_title"": null}, {""cik"": ""0001356474"", ""name"": ""GAP Coinvestments CDA, L.P."", ""is_director"": true, ""is_officer"": false, ""is_ten_percent_owner"": true, ""is_other"": false, ""officer_title"": null}, {""cik"": ""0001793940"", ""name"": ""General Atlantic (SPV) GP, LLC"", ""is_director"": true, ""is_officer"": false, ""is_ten_percent_owner"": true, ""is_other"": false, ""officer_title"": null}]",True,06459eb9c0f571fa79492b8256e7778bbf6a5fd2402a04dcc746fb850cbc4110,2026-06-10 00:43:11,"GAP (Bermuda) L.P.; GAP COINVESTMENTS III, LLC; GAP COINVESTMENTS IV, LLC; GAP Coinvestments CDA, L.P.; GAP Coinvestments V, LLC; GENERAL ATLANTIC GENPAR (BERMUDA), L.P.; General Atlantic (LFT), L.P.; General Atlantic (SPV) GP, LLC; General Atlantic Partners (Lux), SCSp; General Atlantic Partners 100, L.P.","Liftoff Mobile, Inc.",25.770000457763672,120868067.52211475,,0.24820435715588,0.1204348025114641,,True,True,True,True,True,28.450000762939453,-0.0942003596944327,7.0,ALERT,"[""purchase value >= $2m ($29,999,981)"", ""purchase value / ADV60 >= 5% (24.8%)"", ""current price within 15% of insider VWAP (12.0%)""]","[""market cap unavailable""]"
2026-06-09 21:40:12,0001221590-26-000015,1472012,IMNM,False,1472012,Immunome Inc.,IMNM,Common Stock,2026-06-05,P,A,6000.0,19.48,116880.0,"[{""cik"": ""0001221590"", ""name"": ""BIENAIME JEAN JACQUES"", ""is_director"": true, ""is_officer"": false, ""is_ten_percent_owner"": false, ""is_other"": false, ""officer_title"": null}]",True,9df050e0a4b7a14372a4b04efdfe62bf52c2e13379fbc74eb0ce6a367778774a,2026-06-09 21:40:12,BIENAIME JEAN JACQUES,Immunome Inc.,18.38999938964844,25874791.50815862,,0.0045171378468169,-0.055954856794228,,False,False,True,False,False,26.96999931335449,-0.31813126222282,4.0,WATCH,"[""purchase value >= $100k ($116,880)"", ""current price below insider VWAP (-5.6%)"", ""stock down at least 30% from 52w high (-31.8%)""]","[""market cap unavailable""]"
2026-06-10 22:51:47,0001193125-26-266221,2022286,BLND,False,1855747,"Blend Labs, Inc.",BLND,Class A Common Stock,2026-06-10,P,A,723460.0,1.673,1210348.58,"[{""cik"": ""0002022284"", ""name"": ""Haveli Investments, L.P."", ""is_director"": true, ""is_officer"": false, ""is_ten_percent_owner"": true, ""is_other"": false, ""officer_title"": null}, {""cik"": ""0002022121"", ""name"": ""Haveli Brooks Aggregator, L.P."", ""is_director"": true, ""is_officer"": false, ""is_ten_percent_owner"": true, ""is_other"": false, ""officer_title"": null}, {""cik"": ""0002022122"", ""name"": ""Haveli Investments Software Fund I GP, LLC"", ""is_director"": true, ""is_officer"": false, ""is_ten_percent_owner"": true, ""is_other"": false, ""officer_title"": null}, {""cik"": ""0002022117"", ""name"": ""Haveli Software Management LLC"", ""is_director"": true, ""is_officer"": false, ""is_ten_percent_owner"": true, ""is_other"": false, ""officer_title"": null}, {""cik"": ""0002022286"", ""name"": ""Haveli Investment Management LLC"", ""is_director"": true, ""is_officer"": false, ""is_ten_percent_owner"": true, ""is_other"": false, ""officer_title"": null}, {""cik"": ""0002022120"", ""name"": ""Whanau Interests LLC"", ""is_director"": true, ""is_officer"": false, ""is_ten_percent_owner"": true, ""is_other"": false, ""officer_title"": null}, {""cik"": ""0001782665"", ""name"": ""SHETH BRIAN NIRANJAN"", ""is_director"": true, ""is_officer"": false, ""is_ten_percent_owner"": true, ""is_other"": false, ""officer_title"": null}]",True,bc41117fa5c1c2327b3c389fb5b1d9ec090e41f5dcaf92af63647fbc35c421ee,2026-06-10 22:51:47,"Haveli Brooks Aggregator, L.P.; Haveli Investment Management LLC; Haveli Investments Software Fund I GP, LLC; Haveli Investments, L.P.; Haveli Software Management LLC; SHETH BRIAN NIRANJAN; Whanau Interests LLC","Blend Labs, Inc.",1.659999966621399,6421705.603438477,,0.1884777432574803,-0.0077704921569642,,True,True,True,True,True,4.369999885559082,-0.6201372974615023,8.0,ALERT,"[""purchase value >= $1m ($1,210,349)"", ""purchase value / ADV60 >= 5% (18.8%)"", ""current price below insider VWAP (-0.8%)"", ""stock down at least 30% from 52w high (-62.0%)""]","[""market cap unavailable""]"
2026-06-10 22:51:47,0001193125-26-266221,2022286,BLND,False,1855747,"Blend Labs, Inc.",BLND,Class A Common Stock,2026-06-08,P,A,216798.0,1.6982,368166.3636,"[{""cik"": ""0002022284"", ""name"": ""Haveli Investments, L.P."", ""is_director"": true, ""is_officer"": false, ""is_ten_percent_owner"": true, ""is_other"": false, ""officer_title"": null}, {""cik"": ""0002022121"", ""name"": ""Haveli Brooks Aggregator, L.P."", ""is_director"": true, ""is_officer"": false, ""is_ten_percent_owner"": true, ""is_other"": false, ""officer_title"": null}, {""cik"": ""0002022122"", ""name"": ""Haveli Investments Software Fund I GP, LLC"", ""is_director"": true, ""is_officer"": false, ""is_ten_percent_owner"": true, ""is_other"": false, ""officer_title"": null}, {""cik"": ""0002022117"", ""name"": ""Haveli Software Management LLC"", ""is_director"": true, ""is_officer"": false, ""is_ten_percent_owner"": true, ""is_other"": false, ""officer_title"": null}, {""cik"": ""0002022286"", ""name"": ""Haveli Investment Management LLC"", ""is_director"": true, ""is_officer"": false, ""is_ten_percent_owner"": true, ""is_other"": false, ""officer_title"": null}, {""cik"": ""0002022120"", ""name"": ""Whanau Interests LLC"", ""is_director"": true, ""is_officer"": false, ""is_ten_percent_owner"": true, ""is_other"": false, ""officer_title"": null}, {""cik"": ""0001782665"", ""name"": ""SHETH BRIAN NIRANJAN"", ""is_director"": true, ""is_officer"": false, ""is_ten_percent_owner"": true, ""is_other"": false, ""officer_title"": null}]",True,9d37f7e1e0d2d0f36f2347b609637820c2d38a18834bba5224fa885c4ad3b2c9,2026-06-10 22:51:47,"Haveli Brooks Aggregator, L.P.; Haveli Investment Management LLC; Haveli Investments Software Fund I GP, LLC; Haveli Investments, L.P.; Haveli Software Management LLC; SHETH BRIAN NIRANJAN; Whanau Interests LLC","Blend Labs, Inc.",1.659999966621399,6421705.603438477,,0.0573315543152378,-0.0224944254967618,,True,True,True,True,True,4.369999885559082,-0.6201372974615023,7.0,ALERT,"[""purchase value >= $100k ($368,166)"", ""purchase value / ADV60 >= 5% (5.7%)"", ""current price below insider VWAP (-2.2%)"", ""stock down at least 30% from 52w high (-62.0%)""]","[""market cap unavailable""]"
2026-06-10 22:51:47,0001193125-26-266221,2022286,BLND,False,1855747,"Blend Labs, Inc.",BLND,Class A Common Stock,2026-06-09,P,A,178677.0,1.7007,303875.9739,"[{""cik"": ""0002022284"", ""name"": ""Haveli Investments, L.P."", ""is_director"": true, ""is_officer"": false, ""is_ten_percent_owner"": true, ""is_other"": false, ""officer_title"": null}, {""cik"": ""0002022121"", ""name"": ""Haveli Brooks Aggregator, L.P."", ""is_director"": true, ""is_officer"": false, ""is_ten_percent_owner"": true, ""is_other"": false, ""officer_title"": null}, {""cik"": ""0002022122"", ""name"": ""Haveli Investments Software Fund I GP, LLC"", ""is_director"": true, ""is_officer"": false, ""is_ten_percent_owner"": true, ""is_other"": false, ""officer_title"": null}, {""cik"": ""0002022117"", ""name"": ""Haveli Software Management LLC"", ""is_director"": true, ""is_officer"": false, ""is_ten_percent_owner"": true, ""is_other"": false, ""officer_title"": null}, {""cik"": ""0002022286"", ""name"": ""Haveli Investment Management LLC"", ""is_director"": true, ""is_officer"": false, ""is_ten_percent_owner"": true, ""is_other"": false, ""officer_title"": null}, {""cik"": ""0002022120"", ""name"": ""Whanau Interests LLC"", ""is_director"": true, ""is_officer"": false, ""is_ten_percent_owner"": true, ""is_other"": false, ""officer_title"": null}, {""cik"": ""0001782665"", ""name"": ""SHETH BRIAN NIRANJAN"", ""is_director"": true, ""is_officer"": false, ""is_ten_percent_owner"": true, ""is_other"": false, ""officer_title"": null}]",True,342927b2b44b17c416e723d34346648f035fc42cdf61a1a055a90f63041ff5bf,2026-06-10 22:51:47,"Haveli Brooks Aggregator, L.P.; Haveli Investment Management LLC; Haveli Investments Software Fund I GP, LLC; Haveli Investments, L.P.; Haveli Software Management LLC; SHETH BRIAN NIRANJAN; Whanau Interests LLC","Blend Labs, Inc.",1.659999966621399,6421705.603438477,,0.0473201346597531,-0.02393134202305,,True,False,True,True,False,4.369999885559082,-0.6201372974615023,6.0,WATCH,"[""purchase value >= $100k ($303,876)"", ""purchase value / ADV60 >= 2% (4.7%)"", ""current price below insider VWAP (-2.4%)"", ""stock down at least 30% from 52w high (-62.0%)""]","[""market cap unavailable""]"
2026-06-10 21:48:35,0001110176-26-000006,2064307,LOGC,False,2064307,ContextLogic Holdings Inc.,LOGC,"Common Stock, par value $0.0001 per share",2026-06-08,P,A,12926.0,9.1713,118548.2238,"[{""cik"": ""0001110176"", ""name"": ""LEVY PAUL S"", ""is_director"": true, ""is_officer"": false, ""is_ten_percent_owner"": false, ""is_other"": false, ""officer_title"": null}]",True,0e897e919765070e53516087a9b9799a7b359a20991bd7a2e601a8e8cfb8ab60,2026-06-10 21:48:35,LEVY PAUL S,ContextLogic Holdings Inc.,9.829999923706056,778197.5509198507,,0.152336927377724,0.0718218708041449,,True,True,True,True,True,9.829999923706056,0.0,5.0,WATCH,"[""purchase value >= $100k ($118,548)"", ""purchase value / ADV60 >= 5% (15.2%)"", ""current price within 15% of insider VWAP (7.2%)""]","[""market cap unavailable""]"
2026-06-10 22:41:42,0001366978-26-000009,1590895,CZR,False,1590895,"Caesars Entertainment, Inc.",CZR,Common Stock,2023-05-16,P,A,2700.0,42.27,114129.0,"[{""cik"": ""0001366978"", ""name"": ""Pegram Michael E"", ""is_director"": true, ""is_officer"": false, ""is_ten_percent_owner"": false, ""is_other"": false, ""officer_title"": null}]",True,9777c798e233c4db7c74b92a3407ddc8bae952334497368364295d2bec7083a8,2026-06-10 22:41:42,Pegram Michael E,"Caesars Entertainment, Inc.",29.46999931335449,181788764.1382093,,0.0006278110780995,-0.3028152516358058,,False,False,True,False,False,31.51000022888184,-0.0647413805366302,2.0,ARCHIVE,"[""purchase value >= $100k ($114,129)"", ""current price below insider VWAP (-30.3%)""]","[""market cap unavailable""]"
2026-06-10 22:41:42,0001366978-26-000009,1590895,CZR,False,1590895,"Caesars Entertainment, Inc.",CZR,Common Stock,2023-05-12,P,A,2500.0,42.8,107000.0,"[{""cik"": ""0001366978"", ""name"": ""Pegram Michael E"", ""is_director"": true, ""is_officer"": false, ""is_ten_percent_owner"": false, ""is_other"": false, ""officer_title"": null}]",True,c5f0d87f0bc7e8edfe36e44135517153f2c26757dc7507a7626ee1a010bff35d,2026-06-10 22:41:42,Pegram Michael E,"Caesars Entertainment, Inc.",29.46999931335449,181788764.1382093,,0.0005885952330841,-0.3114486141739604,,False,False,True,False,False,31.51000022888184,-0.0647413805366302,2.0,ARCHIVE,"[""purchase value >= $100k ($107,000)"", ""current price below insider VWAP (-31.1%)""]","[""market cap unavailable""]"
2026-06-11 23:36:33,0001231919-26-000625,1883840,ARTV,False,1817241,"Artiva Biotherapeutics, Inc.",ARTV,Common Stock,2026-06-11,P,A,548580.0,7.91,4339267.8,"[{""cik"": ""0001346824"", ""name"": ""RA CAPITAL MANAGEMENT, L.P."", ""is_director"": true, ""is_officer"": false, ""is_ten_percent_owner"": true, ""is_other"": false, ""officer_title"": null}, {""cik"": ""0001315082"", ""name"": ""RA Capital Healthcare Fund LP"", ""is_director"": true, ""is_officer"": false, ""is_ten_percent_owner"": true, ""is_other"": false, ""officer_title"": null}, {""cik"": ""0001780117"", ""name"": ""RA Capital Nexus Fund, L.P."", ""is_director"": true, ""is_officer"": false, ""is_ten_percent_owner"": false, ""is_other"": false, ""officer_title"": null}, {""cik"": ""0001883840"", ""name"": ""RA Capital Nexus Fund III, L.P."", ""is_director"": true, ""is_officer"": false, ""is_ten_percent_owner"": false, ""is_other"": false, ""officer_title"": null}, {""cik"": ""0001384859"", ""name"": ""Kolchinsky Peter"", ""is_director"": true, ""is_officer"": false, ""is_ten_percent_owner"": true, ""is_other"": false, ""officer_title"": null}, {""cik"": ""0001619841"", ""name"": ""Shah Rajeev M."", ""is_director"": true, ""is_officer"": false, ""is_ten_percent_owner"": true, ""is_other"": false, ""officer_title"": null}]",True,60dc8ffe744018f11b7b9701a794a2de2201c27e1cd9a0b038a63c2b647eb353,2026-06-11 23:36:33,"Kolchinsky Peter; RA CAPITAL MANAGEMENT, L.P.; RA Capital Healthcare Fund LP; RA Capital Nexus Fund III, L.P.; RA Capital Nexus Fund, L.P.; Shah Rajeev M.","Artiva Biotherapeutics, Inc.",8.0,4301494.226051902,,1.008781500558416,0.0113780025284448,,True,True,True,True,True,13.390000343322754,-0.4025392236834861,9.0,ALERT,"[""purchase value >= $2m ($4,339,268)"", ""purchase value / ADV60 >= 5% (100.9%)"", ""current price within 15% of insider VWAP (1.1%)"", ""stock down at least 30% from 52w high (-40.3%)""]","[""market cap unavailable""]"
2026-06-11 22:31:33,0001822880-26-000004,1822880,STEP,False,1796022,StepStone Group Inc.,STEP,Class A Common Stock,2026-06-11,P,A,96887.0,41.71,4041156.77,"[{""cik"": ""0001822880"", ""name"": ""McCabe Michael I"", ""is_director"": true, ""is_officer"": true, ""is_ten_percent_owner"": false, ""is_other"": false, ""officer_title"": ""Head of Strategy""}]",True,78a370cd2e84c0ca7f8b9d7f3ba806e02df4a3d3e826e69d2137de2a31c76086,2026-06-11 22:31:33,McCabe Michael I,StepStone Group Inc.,42.52000045776367,52445779.39380748,,0.0770539939859709,0.0194198143793735,,True,True,True,True,True,75.8154296875,-0.4391642884169511,9.0,ALERT,"[""purchase value >= $2m ($4,041,157)"", ""purchase value / ADV60 >= 5% (7.7%)"", ""current price within 15% of insider VWAP (1.9%)"", ""stock down at least 30% from 52w high (-43.9%)""]","[""market cap unavailable""]"
2026-06-11 22:12:04,0001628280-26-042602,1721521,VIA,False,1603015,"Via Transportation, Inc.",VIA,Class A Common Stock,2026-06-09,P,A,25000.0,14.7,367500.0,"[{""cik"": ""0001721521"", ""name"": ""Peres Nechemia Jacob"", ""is_director"": true, ""is_officer"": false, ""is_ten_percent_owner"": false, ""is_other"": false, ""officer_title"": null}]",True,606ee396b8df29bd79774fd4e41e82a425ea39fea10402c6f760b44675f00447,2026-06-11 22:12:04,Peres Nechemia Jacob,"Via Transportation, Inc.",14.760000228881836,10332773.204736678,,0.0355664440434571,0.0040816482232541,,True,False,True,True,False,53.93000030517578,-0.7263118830825357,6.0,WATCH,"[""purchase value >= $100k ($367,500)"", ""purchase value / ADV60 >= 2% (3.6%)"", ""current price within 15% of insider VWAP (0.4%)"", ""stock down at least 30% from 52w high (-72.6%)""]","[""market cap unavailable""]"
2026-06-11 23:36:33,0001231919-26-000625,1883840,ARTV,False,1817241,"Artiva Biotherapeutics, Inc.",ARTV,Common Stock,2026-06-09,P,A,479039.0,6.91,3310159.49,"[{""cik"": ""0001346824"", ""name"": ""RA CAPITAL MANAGEMENT, L.P."", ""is_director"": true, ""is_officer"": false, ""is_ten_percent_owner"": true, ""is_other"": false, ""officer_title"": null}, {""cik"": ""0001315082"", ""name"": ""RA Capital Healthcare Fund LP"", ""is_director"": true, ""is_officer"": false, ""is_ten_percent_owner"": true, ""is_other"": false, ""officer_title"": null}, {""cik"": ""0001780117"", ""name"": ""RA Capital Nexus Fund, L.P."", ""is_director"": true, ""is_officer"": false, ""is_ten_percent_owner"": false, ""is_other"": false, ""officer_title"": null}, {""cik"": ""0001883840"", ""name"": ""RA Capital Nexus Fund III, L.P."", ""is_director"": true, ""is_officer"": false, ""is_ten_percent_owner"": false, ""is_other"": false, ""officer_title"": null}, {""cik"": ""0001384859"", ""name"": ""Kolchinsky Peter"", ""is_director"": true, ""is_officer"": false, ""is_ten_percent_owner"": true, ""is_other"": false, ""officer_title"": null}, {""cik"": ""0001619841"", ""name"": ""Shah Rajeev M."", ""is_director"": true, ""is_officer"": false, ""is_ten_percent_owner"": true, ""is_other"": false, ""officer_title"": null}]",True,fe8468909a224369faea038438994f0fc0f11a090a8272aa6909f7d9cfa89f17,2026-06-11 23:36:33,"Kolchinsky Peter; RA CAPITAL MANAGEMENT, L.P.; RA Capital Healthcare Fund LP; RA Capital Nexus Fund III, L.P.; RA Capital Nexus Fund, L.P.; Shah Rajeev M.","Artiva Biotherapeutics, Inc.",8.0,4301494.226051902,,0.7695371226938058,0.1577424023154847,,True,True,False,False,False,13.390000343322754,-0.4025392236834861,5.0,WATCH,"[""purchase value >= $2m ($3,310,159)"", ""purchase value / ADV60 >= 5% (77.0%)"", ""stock down at least 30% from 52w high (-40.3%)""]","[""current price more than 15% above insider VWAP (15.8%)"", ""market cap unavailable""]"
2026-06-11 22:31:33,0001822880-26-000004,1822880,STEP,False,1796022,StepStone Group Inc.,STEP,Class A Common Stock,2026-06-11,P,A,23113.0,42.44,980915.72,"[{""cik"": ""0001822880"", ""name"": ""McCabe Michael I"", ""is_director"": true, ""is_officer"": true, ""is_ten_percent_owner"": false, ""is_other"": false, ""officer_title"": ""Head of Strategy""}]",True,f2e6b00c4fe6623146d4dd54be5578f59c094733c151b578e1351e213a725a23,2026-06-11 22:31:33,McCabe Michael I,StepStone Group Inc.,42.52000045776367,52445779.39380748,,0.0187034253535341,0.0018850249237434,,False,False,True,False,False,75.8154296875,-0.4391642884169511,4.0,WATCH,"[""purchase value >= $100k ($980,916)"", ""current price within 15% of insider VWAP (0.2%)"", ""stock down at least 30% from 52w high (-43.9%)""]","[""market cap unavailable""]"
2026-06-12 01:35:24,0002029118-26-000058,2029118,INR,False,2029118,"INFINITY NATURAL RESOURCES, INC.",INR,Class A Common Stock,2026-06-10,P,A,7500.0,13.995,104962.5,"[{""cik"": ""0001356213"", ""name"": ""Poole David P"", ""is_director"": true, ""is_officer"": false, ""is_ten_percent_owner"": false, ""is_other"": false, ""officer_title"": null}]",True,6a4c5fcf3d1f518c0f6a12785e3649780016d09335a5baf07e63711abdb14de9,2026-06-12 01:35:24,Poole David P,"INFINITY NATURAL RESOURCES, INC.",12.510000228881836,5968395.541496182,,0.0175863846942167,-0.1061093084042988,,False,False,True,False,False,19.559999465942383,-0.3604294186886821,4.0,WATCH,"[""purchase value >= $100k ($104,962)"", ""current price below insider VWAP (-10.6%)"", ""stock down at least 30% from 52w high (-36.0%)""]","[""market cap unavailable""]"
2026-06-12 00:08:09,0001059244-26-000007,1835856,BETR,False,1835856,Better Home & Finance Holding Co,BETR,Class A Common Stock,2026-06-11,P,A,5150.0,24.34,125351.0,"[{""cik"": ""0001059244"", ""name"": ""FRATER HUGH R"", ""is_director"": true, ""is_officer"": false, ""is_ten_percent_owner"": false, ""is_other"": false, ""officer_title"": null}]",True,003cefbeeb8e3e75eeb857d36fd4afeeae81e0c87978448f5e0c631177fbb4d4,2026-06-12 00:08:09,FRATER HUGH R,Better Home & Finance Holding Co,24.100000381469727,17752571.961913966,,0.0070610050345902,-0.0098602965706767,,False,False,True,False,False,86.06999969482422,-0.7199953471950695,4.0,WATCH,"[""purchase value >= $100k ($125,351)"", ""current price below insider VWAP (-1.0%)"", ""stock down at least 30% from 52w high (-72.0%)""]","[""market cap unavailable""]"
2026-06-12 00:02:51,0002007102-26-000004,2007102,NUVB,False,1811063,Nuvation Bio Inc.,NUVB,Class A Common Stock,2026-06-09,P,A,25000.0,4.73,118250.0,"[{""cik"": ""0002007102"", ""name"": ""Mashal Robert"", ""is_director"": true, ""is_officer"": false, ""is_ten_percent_owner"": false, ""is_other"": false, ""officer_title"": null}]",True,d564bc36c1c88eb43af0ec54bc8aeb80e1a1a3706f487bb73797335881d6789f,2026-06-12 00:02:51,Mashal Robert,Nuvation Bio Inc.,4.760000228881836,18867914.124817405,,0.0062672534556675,0.006342543103982,,False,False,True,False,False,9.539999961853027,-0.5010481920424175,4.0,WATCH,"[""purchase value >= $100k ($118,250)"", ""current price within 15% of insider VWAP (0.6%)"", ""stock down at least 30% from 52w high (-50.1%)""]","[""market cap unavailable""]"
2026-06-11 21:57:48,0000938885-26-000011,1849253,RYAN,False,1849253,"RYAN SPECIALTY HOLDINGS, INC.",RYAN,Class A Common Stock,2026-06-10,P,A,7500.0,35.1643,263732.25,"[{""cik"": ""0000938885"", ""name"": ""ROGERS JOHN W JR"", ""is_director"": true, ""is_officer"": false, ""is_ten_percent_owner"": false, ""is_other"": false, ""officer_title"": null}]",True,7cda0d6ef64c000494e8c80d2f28f6141fb54448eb51f2e12b9e8bc5ca627ac3,2026-06-11 21:57:48,ROGERS JOHN W JR,"RYAN SPECIALTY HOLDINGS, INC.",34.4900016784668,82155599.09297708,,0.0032101555208857,-0.0191756503480291,,False,False,True,False,False,68.37210845947266,-0.4955545111072502,4.0,WATCH,"[""purchase value >= $100k ($263,732)"", ""current price below insider VWAP (-1.9%)"", ""stock down at least 30% from 52w high (-49.6%)""]","[""market cap unavailable""]"
2026-06-15 23:53:47,0001437749-26-020701,2128873,LODE,False,1120970,Comstock Inc.,LODE,Common Stock,2026-06-12,P,A,150000.0,4.1047,615705.0,"[{""cik"": ""0002128873"", ""name"": ""Pei Steven Yu-Tsung"", ""is_director"": true, ""is_officer"": null, ""is_ten_percent_owner"": null, ""is_other"": null, ""officer_title"": null}]",True,651cd0e13ac1dc2fdfc6c9e30f0bd7523c20170146f4013cf110de52294825f2,2026-06-15 23:53:47,Pei Steven Yu-Tsung,Comstock Inc.,4.079999923706055,4728381.052030166,,0.1302147591797074,-0.0060175107301253,,True,True,True,True,True,4.590000152587891,-0.1111111572827056,5.0,WATCH,"[""purchase value >= $100k ($615,705)"", ""purchase value / ADV60 >= 5% (13.0%)"", ""current price below insider VWAP (-0.6%)""]","[""market cap unavailable""]"
2026-06-15 23:53:47,0001437749-26-020701,2128873,LODE,False,1120970,Comstock Inc.,LODE,Common Stock,2026-06-11,P,A,100000.0,4.0852,408520.0,"[{""cik"": ""0002128873"", ""name"": ""Pei Steven Yu-Tsung"", ""is_director"": true, ""is_officer"": null, ""is_ten_percent_owner"": null, ""is_other"": null, ""officer_title"": null}]",True,33cba79aa9d27278b2cdbcf565c253abd8272e5d0bfa7747a4273994ea606f63,2026-06-15 23:53:47,Pei Steven Yu-Tsung,Comstock Inc.,4.079999923706055,4728381.052030166,,0.0863974361424612,-0.0012729061720223,,True,True,True,True,True,4.590000152587891,-0.1111111572827056,5.0,WATCH,"[""purchase value >= $100k ($408,520)"", ""purchase value / ADV60 >= 5% (8.6%)"", ""current price below insider VWAP (-0.1%)""]","[""market cap unavailable""]"
2026-06-15 22:57:49,0001231919-26-000638,1883840,PBLS,False,1657677,"Parabilis Medicines, Inc.",PBLS,Voting Common Stock,2026-06-11,P,A,19728353.0,20.0,394567060.0,"[{""cik"": ""0001346824"", ""name"": ""RA CAPITAL MANAGEMENT, L.P."", ""is_director"": true, ""is_officer"": false, ""is_ten_percent_owner"": true, ""is_other"": false, ""officer_title"": null}, {""cik"": ""0001315082"", ""name"": ""RA Capital Healthcare Fund LP"", ""is_director"": true, ""is_officer"": false, ""is_ten_percent_owner"": true, ""is_other"": false, ""officer_title"": null}, {""cik"": ""0001883840"", ""name"": ""RA Capital Nexus Fund III, L.P."", ""is_director"": true, ""is_officer"": false, ""is_ten_percent_owner"": false, ""is_other"": false, ""officer_title"": null}, {""cik"": ""0001384859"", ""name"": ""Kolchinsky Peter"", ""is_director"": true, ""is_officer"": false, ""is_ten_percent_owner"": true, ""is_other"": false, ""officer_title"": null}, {""cik"": ""0001619841"", ""name"": ""Shah Rajeev M."", ""is_director"": true, ""is_officer"": false, ""is_ten_percent_owner"": true, ""is_other"": false, ""officer_title"": null}]",True,fd8ed761a0b2ca751e55477ac4982049e744999ce6d0fe5ad8999155bd2ca0f1,2026-06-15 22:57:49,"Kolchinsky Peter; RA CAPITAL MANAGEMENT, L.P.; RA Capital Healthcare Fund LP; RA Capital Nexus Fund III, L.P.; Shah Rajeev M.","Parabilis Medicines, Inc.",25.01000022888184,70610366.2580576,,5.587948072071848,0.2505000114440918,,True,True,False,False,False,31.600000381469727,-0.2085443061086883,4.0,WATCH,"[""purchase value >= $2m ($394,567,060)"", ""purchase value / ADV60 >= 5% (558.8%)"", ""stock down at least 15% from 52w high (-20.9%)""]","[""current price more than 15% above insider VWAP (25.1%)"", ""market cap unavailable""]"
2026-06-15 22:57:49,0001231919-26-000638,1883840,PBLS,False,1657677,"Parabilis Medicines, Inc.",PBLS,Voting Common Stock,2026-06-11,P,A,1460397.0,20.0,29207940.0,"[{""cik"": ""0001346824"", ""name"": ""RA CAPITAL MANAGEMENT, L.P."", ""is_director"": true, ""is_officer"": false, ""is_ten_percent_owner"": true, ""is_other"": false, ""officer_title"": null}, {""cik"": ""0001315082"", ""name"": ""RA Capital Healthcare Fund LP"", ""is_director"": true, ""is_officer"": false, ""is_ten_percent_owner"": true, ""is_other"": false, ""officer_title"": null}, {""cik"": ""0001883840"", ""name"": ""RA Capital Nexus Fund III, L.P."", ""is_director"": true, ""is_officer"": false, ""is_ten_percent_owner"": false, ""is_other"": false, ""officer_title"": null}, {""cik"": ""0001384859"", ""name"": ""Kolchinsky Peter"", ""is_director"": true, ""is_officer"": false, ""is_ten_percent_owner"": true, ""is_other"": false, ""officer_title"": null}, {""cik"": ""0001619841"", ""name"": ""Shah Rajeev M."", ""is_director"": true, ""is_officer"": false, ""is_ten_percent_owner"": true, ""is_other"": false, ""officer_title"": null}]",True,f11a351694880ddc1f7e2a70ed790bbcb2bc1ca9ebd70fe9997bd47ce3ac3396,2026-06-15 22:57:49,"Kolchinsky Peter; RA CAPITAL MANAGEMENT, L.P.; RA Capital Healthcare Fund LP; RA Capital Nexus Fund III, L.P.; Shah Rajeev M.","Parabilis Medicines, Inc.",25.01000022888184,70610366.2580576,,0.4136494617979266,0.2505000114440918,,True,True,False,False,False,31.600000381469727,-0.2085443061086883,4.0,WATCH,"[""purchase value >= $2m ($29,207,940)"", ""purchase value / ADV60 >= 5% (41.4%)"", ""stock down at least 15% from 52w high (-20.9%)""]","[""current price more than 15% above insider VWAP (25.1%)"", ""market cap unavailable""]"
2026-06-16 01:05:33,0000912282-26-000833,2106415,BGDE,False,1218683,"Big Digital Energy, Inc.",BGDE,Common Shares,2026-06-12,P,A,25776.0,7.33,188938.08,"[{""cik"": ""0002101945"", ""name"": ""Endeavor Blockchain, LLC"", ""is_director"": false, ""is_officer"": false, ""is_ten_percent_owner"": true, ""is_other"": false, ""officer_title"": null}, {""cik"": ""0002105932"", ""name"": ""Kilgore Joshua Allen"", ""is_director"": true, ""is_officer"": true, ""is_ten_percent_owner"": true, ""is_other"": false, ""officer_title"": ""Executive Chairman""}, {""cik"": ""0002106415"", ""name"": ""Smith Cody"", ""is_director"": true, ""is_officer"": true, ""is_ten_percent_owner"": true, ""is_other"": false, ""officer_title"": ""COO""}, {""cik"": ""0001972752"", ""name"": ""PM Squared LLC"", ""is_director"": true, ""is_officer"": true, ""is_ten_percent_owner"": true, ""is_other"": false, ""officer_title"": ""CEO (see FTN 4)""}]",True,199684645364d29233b7f31ffa70e5a4eb570d3bb0aa2bcabc0f698d8c5abbfa,2026-06-16 01:05:33,"Endeavor Blockchain, LLC; Kilgore Joshua Allen; PM Squared LLC; Smith Cody","Big Digital Energy, Inc.",8.579999923706055,2529373.907265091,,0.0746975682232331,0.1705320496188342,,True,True,False,False,False,33.599998474121094,-0.74464284781696,3.0,ARCHIVE,"[""purchase value >= $100k ($188,938)"", ""purchase value / ADV60 >= 5% (7.5%)"", ""stock down at least 30% from 52w high (-74.5%)""]","[""current price more than 15% above insider VWAP (17.1%)"", ""market cap unavailable""]"
2026-06-16 01:05:33,0000912282-26-000833,2106415,BGDE,False,1218683,"Big Digital Energy, Inc.",BGDE,Common Shares,2026-06-11,P,A,24224.0,6.99,169325.76,"[{""cik"": ""0002101945"", ""name"": ""Endeavor Blockchain, LLC"", ""is_director"": false, ""is_officer"": false, ""is_ten_percent_owner"": true, ""is_other"": false, ""officer_title"": null}, {""cik"": ""0002105932"", ""name"": ""Kilgore Joshua Allen"", ""is_director"": true, ""is_officer"": true, ""is_ten_percent_owner"": true, ""is_other"": false, ""officer_title"": ""Executive Chairman""}, {""cik"": ""0002106415"", ""name"": ""Smith Cody"", ""is_director"": true, ""is_officer"": true, ""is_ten_percent_owner"": true, ""is_other"": false, ""officer_title"": ""COO""}, {""cik"": ""0001972752"", ""name"": ""PM Squared LLC"", ""is_director"": true, ""is_officer"": true, ""is_ten_percent_owner"": true, ""is_other"": false, ""officer_title"": ""CEO (see FTN 4)""}]",True,d3587272a2bdfd1e9c57b2373f62150f489214992a149365a952c2752c151f5d,2026-06-16 01:05:33,"Endeavor Blockchain, LLC; Kilgore Joshua Allen; PM Squared LLC; Smith Cody","Big Digital Energy, Inc.",8.579999923706055,2529373.907265091,,0.0669437442655858,0.2274678002440706,,True,True,False,False,False,33.599998474121094,-0.74464284781696,3.0,ARCHIVE,"[""purchase value >= $100k ($169,326)"", ""purchase value / ADV60 >= 5% (6.7%)"", ""stock down at least 30% from 52w high (-74.5%)""]","[""current price more than 15% above insider VWAP (22.7%)"", ""market cap unavailable""]"
2026-06-16 22:08:15,0001231919-26-000656,1883840,ARTV,False,1817241,"Artiva Biotherapeutics, Inc.",ARTV,Common Stock,2026-06-12,P,A,391019.0,8.57,3351032.83,"[{""cik"": ""0001346824"", ""name"": ""RA CAPITAL MANAGEMENT, L.P."", ""is_director"": true, ""is_officer"": false, ""is_ten_percent_owner"": true, ""is_other"": false, ""officer_title"": null}, {""cik"": ""0001315082"", ""name"": ""RA Capital Healthcare Fund LP"", ""is_director"": true, ""is_officer"": false, ""is_ten_percent_owner"": true, ""is_other"": false, ""officer_title"": null}, {""cik"": ""0001780117"", ""name"": ""RA Capital Nexus Fund, L.P."", ""is_director"": true, ""is_officer"": false, ""is_ten_percent_owner"": false, ""is_other"": false, ""officer_title"": null}, {""cik"": ""0001883840"", ""name"": ""RA Capital Nexus Fund III, L.P."", ""is_director"": true, ""is_officer"": false, ""is_ten_percent_owner"": false, ""is_other"": false, ""officer_title"": null}, {""cik"": ""0001384859"", ""name"": ""Kolchinsky Peter"", ""is_director"": true, ""is_officer"": false, ""is_ten_percent_owner"": true, ""is_other"": false, ""officer_title"": null}, {""cik"": ""0001619841"", ""name"": ""Shah Rajeev M."", ""is_director"": true, ""is_officer"": false, ""is_ten_percent_owner"": true, ""is_other"": false, ""officer_title"": null}]",True,bf1b345424761a19beb41b9e177850daf5b71d89eb80f00291f6e36f2a34a505,2026-06-16 22:08:15,"Kolchinsky Peter; RA CAPITAL MANAGEMENT, L.P.; RA Capital Healthcare Fund LP; RA Capital Nexus Fund III, L.P.; RA Capital Nexus Fund, L.P.; Shah Rajeev M.","Artiva Biotherapeutics, Inc.",8.90999984741211,4698706.970200507,,0.7131819139291851,0.0396732610749253,,True,True,True,True,True,13.390000343322754,-0.3345780717731426,9.0,ALERT,"[""purchase value >= $2m ($3,351,033)"", ""purchase value / ADV60 >= 5% (71.3%)"", ""current price within 15% of insider VWAP (4.0%)"", ""stock down at least 30% from 52w high (-33.5%)""]","[""market cap unavailable""]"
2026-06-16 22:08:15,0001231919-26-000656,1883840,ARTV,False,1817241,"Artiva Biotherapeutics, Inc.",ARTV,Common Stock,2026-06-16,P,A,124893.0,8.89,1110298.77,"[{""cik"": ""0001346824"", ""name"": ""RA CAPITAL MANAGEMENT, L.P."", ""is_director"": true, ""is_officer"": false, ""is_ten_percent_owner"": true, ""is_other"": false, ""officer_title"": null}, {""cik"": ""0001315082"", ""name"": ""RA Capital Healthcare Fund LP"", ""is_director"": true, ""is_officer"": false, ""is_ten_percent_owner"": true, ""is_other"": false, ""officer_title"": null}, {""cik"": ""0001780117"", ""name"": ""RA Capital Nexus Fund, L.P."", ""is_director"": true, ""is_officer"": false, ""is_ten_percent_owner"": false, ""is_other"": false, ""officer_title"": null}, {""cik"": ""0001883840"", ""name"": ""RA Capital Nexus Fund III, L.P."", ""is_director"": true, ""is_officer"": false, ""is_ten_percent_owner"": false, ""is_other"": false, ""officer_title"": null}, {""cik"": ""0001384859"", ""name"": ""Kolchinsky Peter"", ""is_director"": true, ""is_officer"": false, ""is_ten_percent_owner"": true, ""is_other"": false, ""officer_title"": null}, {""cik"": ""0001619841"", ""name"": ""Shah Rajeev M."", ""is_director"": true, ""is_officer"": false, ""is_ten_percent_owner"": true, ""is_other"": false, ""officer_title"": null}]",True,3a3b0229089a37e5b5c58be50cf14e34110a45521cc663d555b271e6ec8a04e5,2026-06-16 22:08:15,"Kolchinsky Peter; RA CAPITAL MANAGEMENT, L.P.; RA Capital Healthcare Fund LP; RA Capital Nexus Fund III, L.P.; RA Capital Nexus Fund, L.P.; Shah Rajeev M.","Artiva Biotherapeutics, Inc.",8.90999984741211,4698706.970200507,,0.2362987896545973,0.0022497016211595,,True,True,True,True,True,13.390000343322754,-0.3345780717731426,8.0,ALERT,"[""purchase value >= $1m ($1,110,299)"", ""purchase value / ADV60 >= 5% (23.6%)"", ""current price within 15% of insider VWAP (0.2%)"", ""stock down at least 30% from 52w high (-33.5%)""]","[""market cap unavailable""]"
2026-06-16 22:00:57,0001104659-26-074731,1681573,KNOP,False,1564180,KNOT Offshore Partners LP,KNOP,Series A Preferred Units,2026-06-15,P,A,1250000.0,20.0,25000000.0,"[{""cik"": ""0001681573"", ""name"": ""Seglem Trygve"", ""is_director"": true, ""is_officer"": false, ""is_ten_percent_owner"": false, ""is_other"": false, ""officer_title"": null}]",True,325eadd4e805dd9f8537ee2f0ed2601374d7b480c39f3685eaa75070393028da,2026-06-16 22:00:57,Seglem Trygve,KNOT Offshore Partners LP,10.369999885559082,1145789.3909409046,,21.819018571528563,-0.4815000057220459,,True,True,True,True,True,11.529999732971191,-0.1006071009780662,7.0,ALERT,"[""purchase value >= $2m ($25,000,000)"", ""purchase value / ADV60 >= 5% (2181.9%)"", ""current price below insider VWAP (-48.2%)""]","[""market cap unavailable""]"
2026-06-17 01:26:06,0001104659-26-074792,1959099,VRM,False,1580864,"Vroom, Inc.",VRM,Common Stock,2026-06-15,P,A,15595.0,7.22,112595.9,"[{""cik"": ""0001655183"", ""name"": ""Mudrick Capital Management, L.P."", ""is_director"": true, ""is_officer"": false, ""is_ten_percent_owner"": true, ""is_other"": false, ""officer_title"": null}, {""cik"": ""0001763080"", ""name"": ""Mudrick Distressed Opportunity Drawdown Fund II, L.P."", ""is_director"": true, ""is_officer"": false, ""is_ten_percent_owner"": true, ""is_other"": false, ""officer_title"": null}, {""cik"": ""0001860577"", ""name"": ""Mudrick Distressed Opportunity 2020 Dislocation Fund, L.P."", ""is_director"": true, ""is_officer"": false, ""is_ten_percent_owner"": true, ""is_other"": false, ""officer_title"": null}, {""cik"": ""0001959099"", ""name"": ""Mudrick Distressed Opportunity 2020 Dislocation Fund GP, LLC"", ""is_director"": true, ""is_officer"": false, ""is_ten_percent_owner"": true, ""is_other"": false, ""officer_title"": null}, {""cik"": ""0001813628"", ""name"": ""Mudrick Distressed Opportunity Fund Global, LP"", ""is_director"": true, ""is_officer"": false, ""is_ten_percent_owner"": true, ""is_other"": false, ""officer_title"": null}, {""cik"": ""0001656059"", ""name"": ""Mudrick GP, LLC"", ""is_director"": true, ""is_officer"": false, ""is_ten_percent_owner"": true, ""is_other"": false, ""officer_title"": null}]",True,77a4e25d13919deae1e4983e77ef43cecd5b916fbd0fda24be35154e7b3d8a29,2026-06-17 01:26:06,"Mudrick Capital Management, L.P.; Mudrick Distressed Opportunity 2020 Dislocation Fund GP, LLC; Mudrick Distressed Opportunity 2020 Dislocation Fund, L.P.; Mudrick Distressed Opportunity Drawdown Fund II, L.P.; Mudrick Distressed Opportunity Fund Global, LP; Mudrick GP, LLC","Vroom, Inc.",7.880000114440918,127738.43331430752,,0.8814567164993444,0.0914127582328141,,True,True,True,True,True,32.79999923706055,-0.759756088483766,7.0,ALERT,"[""purchase value >= $100k ($112,596)"", ""purchase value / ADV60 >= 5% (88.1%)"", ""current price within 15% of insider VWAP (9.1%)"", ""stock down at least 30% from 52w high (-76.0%)""]","[""market cap unavailable""]"
2026-06-17 01:24:35,0001104659-26-074791,2051254,VRM,False,1580864,"Vroom, Inc.",VRM,Common Stock,2026-06-15,P,A,15595.0,7.22,112595.9,"[{""cik"": ""0001655183"", ""name"": ""Mudrick Capital Management, L.P."", ""is_director"": true, ""is_officer"": false, ""is_ten_percent_owner"": true, ""is_other"": false, ""officer_title"": null}, {""cik"": ""0001730922"", ""name"": ""Mudrick Capital Management LLC"", ""is_director"": true, ""is_officer"": false, ""is_ten_percent_owner"": true, ""is_other"": false, ""officer_title"": null}, {""cik"": ""0001367262"", ""name"": ""Mudrick Jason"", ""is_director"": true, ""is_officer"": false, ""is_ten_percent_owner"": true, ""is_other"": false, ""officer_title"": null}, {""cik"": ""0002024855"", ""name"": ""Mudrick Distressed Opportunity Drawdown Fund III, L.P."", ""is_director"": true, ""is_officer"": false, ""is_ten_percent_owner"": true, ""is_other"": false, ""officer_title"": null}, {""cik"": ""0002051254"", ""name"": ""Mudrick Distressed Opportunity Drawdown Fund III GP, LLC"", ""is_director"": true, ""is_officer"": false, ""is_ten_percent_owner"": true, ""is_other"": false, ""officer_title"": null}, {""cik"": ""0001875540"", ""name"": ""Mudrick Distressed Opportunity SIF Master Fund, L.P."", ""is_director"": true, ""is_officer"": false, ""is_ten_percent_owner"": true, ""is_other"": false, ""officer_title"": null}, {""cik"": ""0001926971"", ""name"": ""Pietroforte Matthew"", ""is_director"": true, ""is_officer"": false, ""is_ten_percent_owner"": true, ""is_other"": false, ""officer_title"": null}, {""cik"": ""0001959041"", ""name"": ""Mudrick Distressed Opportunity SIF GP, LLC"", ""is_director"": true, ""is_officer"": false, ""is_ten_percent_owner"": true, ""is_other"": false, ""officer_title"": null}, {""cik"": ""0001813394"", ""name"": ""Mudrick Distressed Opportunity Drawdown Fund II SC, L.P."", ""is_director"": true, ""is_officer"": false, ""is_ten_percent_owner"": true, ""is_other"": false, ""officer_title"": null}, {""cik"": ""0001813765"", ""name"": ""Mudrick Distressed Opportunity Drawdown Fund II GP, LLC"", ""is_director"": true, ""is_officer"": false, ""is_ten_percent_owner"": true, ""is_other"": false, ""officer_title"": null}]",True,354c77017f40905181be8a3e3fe65ef6ebe06183f53dbee31aba70bce484299a,2026-06-17 01:24:35,"Mudrick Capital Management LLC; Mudrick Capital Management, L.P.; Mudrick Distressed Opportunity Drawdown Fund II GP, LLC; Mudrick Distressed Opportunity Drawdown Fund II SC, L.P.; Mudrick Distressed Opportunity Drawdown Fund III GP, LLC; Mudrick Distressed Opportunity Drawdown Fund III, L.P.; Mudrick Distressed Opportunity SIF GP, LLC; Mudrick Distressed Opportunity SIF Master Fund, L.P.; Mudrick Jason; Pietroforte Matthew","Vroom, Inc.",7.880000114440918,127738.43331430752,,0.8814567164993444,0.0914127582328141,,True,True,True,True,True,32.79999923706055,-0.759756088483766,7.0,ALERT,"[""purchase value >= $100k ($112,596)"", ""purchase value / ADV60 >= 5% (88.1%)"", ""current price within 15% of insider VWAP (9.1%)"", ""stock down at least 30% from 52w high (-76.0%)""]","[""market cap unavailable""]"
2026-06-16 22:35:13,0001183231-26-000004,1774675,SKIL,False,1774675,Skillsoft Corp.,SKIL,Class A Common Stock,2026-06-15,P,A,27000.0,6.05,163350.0,"[{""cik"": ""0001183231"", ""name"": ""FRANKOLA JIM"", ""is_director"": true, ""is_officer"": false, ""is_ten_percent_owner"": false, ""is_other"": false, ""officer_title"": null}]",True,9e9da270ec9874cf378f638d580c4152f3afa6186a1119df6b813fde9182dd04,2026-06-16 22:35:13,FRANKOLA JIM,Skillsoft Corp.,6.110000133514404,919642.952515316,,0.1776232825502781,0.0099173774403973,,True,True,True,True,True,17.90999984741211,-0.6588497942172086,7.0,ALERT,"[""purchase value >= $100k ($163,350)"", ""purchase value / ADV60 >= 5% (17.8%)"", ""current price within 15% of insider VWAP (1.0%)"", ""stock down at least 30% from 52w high (-65.9%)""]","[""market cap unavailable""]"
2026-06-16 22:35:13,0001183231-26-000004,1774675,SKIL,False,1774675,Skillsoft Corp.,SKIL,Class A Common Stock,2026-06-12,P,A,23000.0,6.06,139380.0,"[{""cik"": ""0001183231"", ""name"": ""FRANKOLA JIM"", ""is_director"": true, ""is_officer"": false, ""is_ten_percent_owner"": false, ""is_other"": false, ""officer_title"": null}]",True,ff5a9c305fdbc40e4bba436e393e8e92e50c48f5b252e2749a869ad9416a056c,2026-06-16 22:35:13,FRANKOLA JIM,Skillsoft Corp.,6.110000133514404,919642.952515316,,0.1515588192339012,0.0082508471145881,,True,True,True,True,True,17.90999984741211,-0.6588497942172086,7.0,ALERT,"[""purchase value >= $100k ($139,380)"", ""purchase value / ADV60 >= 5% (15.2%)"", ""current price within 15% of insider VWAP (0.8%)"", ""stock down at least 30% from 52w high (-65.9%)""]","[""market cap unavailable""]"
2026-06-16 23:34:40,0001493152-26-028963,2127894,LEEEF,False,1711141,Leef Brands Inc.,LEEEF,Common Shares,2026-06-15,P,A,464197.0,0.23,106765.31,"[{""cik"": ""0002127894"", ""name"": ""Wilson Kevin John"", ""is_director"": true, ""is_officer"": true, ""is_ten_percent_owner"": false, ""is_other"": false, ""officer_title"": ""Chief Financial Officer""}]",True,dc31e85bf2ef69cb0e4b39cefa423339504b4d489db389107cae7098e757a656,2026-06-16 23:34:40,Wilson Kevin John,Leef Brands Inc.,0.1750999987125396,65124.42316026489,,1.6394050775276876,-0.2386956577715666,,True,True,True,True,True,0.2450000047683715,-0.2853061416138213,6.0,WATCH,"[""purchase value >= $100k ($106,765)"", ""purchase value / ADV60 >= 5% (163.9%)"", ""current price below insider VWAP (-23.9%)"", ""stock down at least 15% from 52w high (-28.5%)""]","[""market cap unavailable""]"
2026-06-17 01:08:33,0001632468-26-000011,1632468,VRA,False,1495320,"Vera Bradley, Inc.",VRA,Common Shares,2026-06-12,P,A,28901.0,3.87,111846.87,"[{""cik"": ""0001632468"", ""name"": ""Bickley Ian"", ""is_director"": true, ""is_officer"": true, ""is_ten_percent_owner"": false, ""is_other"": false, ""officer_title"": ""Chief Executive Officer""}]",True,7ea41a3e553862ae32fb8ad40c15210f4ea35c78f930423e10fd5c2c7bb7a7be,2026-06-17 01:08:33,Bickley Ian,"Vera Bradley, Inc.",3.5899999141693115,1397929.9213789585,,0.0800089248319908,-0.0723514433671029,,True,True,True,True,True,4.260000228881836,-0.1572770607311413,6.0,WATCH,"[""purchase value >= $100k ($111,847)"", ""purchase value / ADV60 >= 5% (8.0%)"", ""current price below insider VWAP (-7.2%)"", ""stock down at least 15% from 52w high (-15.7%)""]","[""market cap unavailable""]"
2026-06-16 22:08:15,0001231919-26-000656,1883840,ARTV,False,1817241,"Artiva Biotherapeutics, Inc.",ARTV,Common Stock,2026-06-15,P,A,15414.0,8.99,138571.86,"[{""cik"": ""0001346824"", ""name"": ""RA CAPITAL MANAGEMENT, L.P."", ""is_director"": true, ""is_officer"": false, ""is_ten_percent_owner"": true, ""is_other"": false, ""officer_title"": null}, {""cik"": ""0001315082"", ""name"": ""RA Capital Healthcare Fund LP"", ""is_director"": true, ""is_officer"": false, ""is_ten_percent_owner"": true, ""is_other"": false, ""officer_title"": null}, {""cik"": ""0001780117"", ""name"": ""RA Capital Nexus Fund, L.P."", ""is_director"": true, ""is_officer"": false, ""is_ten_percent_owner"": false, ""is_other"": false, ""officer_title"": null}, {""cik"": ""0001883840"", ""name"": ""RA Capital Nexus Fund III, L.P."", ""is_director"": true, ""is_officer"": false, ""is_ten_percent_owner"": false, ""is_other"": false, ""officer_title"": null}, {""cik"": ""0001384859"", ""name"": ""Kolchinsky Peter"", ""is_director"": true, ""is_officer"": false, ""is_ten_percent_owner"": true, ""is_other"": false, ""officer_title"": null}, {""cik"": ""0001619841"", ""name"": ""Shah Rajeev M."", ""is_director"": true, ""is_officer"": false, ""is_ten_percent_owner"": true, ""is_other"": false, ""officer_title"": null}]",True,bfaf76c4d646c6496fc7c7d198aed4f243e743f550e016a2f426e36e86a0a643,2026-06-16 22:08:15,"Kolchinsky Peter; RA CAPITAL MANAGEMENT, L.P.; RA Capital Healthcare Fund LP; RA Capital Nexus Fund III, L.P.; RA Capital Nexus Fund, L.P.; Shah Rajeev M.","Artiva Biotherapeutics, Inc.",8.90999984741211,4698706.970200507,,0.0294914879516495,-0.0088987933913115,,True,False,True,True,False,13.390000343322754,-0.3345780717731426,6.0,WATCH,"[""purchase value >= $100k ($138,572)"", ""purchase value / ADV60 >= 2% (2.9%)"", ""current price below insider VWAP (-0.9%)"", ""stock down at least 30% from 52w high (-33.5%)""]","[""market cap unavailable""]"
2026-06-17 00:41:42,0001812746-26-000007,1812746,AMR,False,1704715,"Alpha Metallurgical Resources, Inc.",AMR,"Common Stock, $0.01 par value per share",2026-06-12,P,A,6136.0,200.49,1230206.64,"[{""cik"": ""0001812746"", ""name"": ""Courtis Kenneth S."", ""is_director"": true, ""is_officer"": false, ""is_ten_percent_owner"": false, ""is_other"": false, ""officer_title"": null}]",True,d82433958063e07ce7b7da53b22d08156cfae457491581cf152a5e92adddfac9,2026-06-17 00:41:42,Courtis Kenneth S.,"Alpha Metallurgical Resources, Inc.",187.8000030517578,52190970.87619884,,0.0235712541718786,-0.0632949122063055,,True,False,True,True,False,249.6499938964844,-0.2477468149683681,6.0,WATCH,"[""purchase value >= $1m ($1,230,207)"", ""purchase value / ADV60 >= 2% (2.4%)"", ""current price below insider VWAP (-6.3%)"", ""stock down at least 15% from 52w high (-24.8%)""]","[""market cap unavailable""]"
2026-06-16 21:55:44,0001397187-26-000086,1436534,LULU,False,1397187,lululemon athletica inc.,LULU,Common Stock,2026-06-15,P,A,4275.0,117.0488,500383.62,"[{""cik"": ""0001436534"", ""name"": ""Bergh Charles V"", ""is_director"": true, ""is_officer"": false, ""is_ten_percent_owner"": false, ""is_other"": false, ""officer_title"": null}]",True,653bb0f0874d4b890cc4bd1f437e2b7832c23a2ef8d9b2d46dc53a2c50401c40,2026-06-16 21:55:44,Bergh Charles V,lululemon athletica inc.,115.5,456184018.3989736,,0.0010968898510652,-0.0132320878129463,,False,False,True,False,False,247.67999267578125,-0.5336724668302453,4.0,WATCH,"[""purchase value >= $100k ($500,384)"", ""current price below insider VWAP (-1.3%)"", ""stock down at least 30% from 52w high (-53.4%)""]","[""market cap unavailable""]"
2026-06-17 00:41:42,0001812746-26-000007,1812746,AMR,False,1704715,"Alpha Metallurgical Resources, Inc.",AMR,"Common Stock, $0.01 par value per share",2026-06-12,P,A,3864.0,201.11,777089.04,"[{""cik"": ""0001812746"", ""name"": ""Courtis Kenneth S."", ""is_director"": true, ""is_officer"": false, ""is_ten_percent_owner"": false, ""is_other"": false, ""officer_title"": null}]",True,8c4a6d638c2de860c75b89559f5009f7cab3ad65545431809f97e4e8fe5c2b4f,2026-06-17 00:41:42,Courtis Kenneth S.,"Alpha Metallurgical Resources, Inc.",187.8000030517578,52190970.87619884,,0.0148893386529121,-0.0661826709176182,,False,False,True,False,False,249.6499938964844,-0.2477468149683681,3.0,ARCHIVE,"[""purchase value >= $100k ($777,089)"", ""current price below insider VWAP (-6.6%)"", ""stock down at least 15% from 52w high (-24.8%)""]","[""market cap unavailable""]"
2026-06-16 22:19:27,0001193125-26-273013,1657677,PBLS,False,1657677,"Parabilis Medicines, Inc.",PBLS,Common Stock,2026-06-12,P,A,8435.0,27.6696,233393.076,"[{""cik"": ""0001092348"", ""name"": ""SEBULSKY ALAN"", ""is_director"": true, ""is_officer"": false, ""is_ten_percent_owner"": false, ""is_other"": false, ""officer_title"": null}]",True,894b2de6e44e04419ad1be8a0c2337b6b6a4a60ade66215f385a7b81d3106d63,2026-06-16 22:19:27,SEBULSKY ALAN,"Parabilis Medicines, Inc.",26.59000015258789,74412014.68930511,,0.0031364972037713,-0.0390175444318713,,False,False,True,False,False,31.600000381469727,-0.1585443091266449,3.0,ARCHIVE,"[""purchase value >= $100k ($233,393)"", ""current price below insider VWAP (-3.9%)"", ""stock down at least 15% from 52w high (-15.9%)""]","[""market cap unavailable""]"
2026-06-16 22:19:27,0001193125-26-273013,1657677,PBLS,False,1657677,"Parabilis Medicines, Inc.",PBLS,Common Stock,2026-06-15,P,A,5000.0,25.9978,129989.0,"[{""cik"": ""0001092348"", ""name"": ""SEBULSKY ALAN"", ""is_director"": true, ""is_officer"": false, ""is_ten_percent_owner"": false, ""is_other"": false, ""officer_title"": null}]",True,5b1eadde09227585e91c7e91a5e5fa9b7acdd9b92c3d6c45f0f24cca392b6a6d,2026-06-16 22:19:27,SEBULSKY ALAN,"Parabilis Medicines, Inc.",26.59000015258789,74412014.68930511,,0.001746881878454,0.0227788563873823,,False,False,True,False,False,31.600000381469727,-0.1585443091266449,3.0,ARCHIVE,"[""purchase value >= $100k ($129,989)"", ""current price within 15% of insider VWAP (2.3%)"", ""stock down at least 15% from 52w high (-15.9%)""]","[""market cap unavailable""]"
2026-06-16 22:19:27,0001193125-26-273013,1657677,PBLS,False,1657677,"Parabilis Medicines, Inc.",PBLS,Common Stock,2026-06-15,P,A,4065.0,27.0963,110146.4595,"[{""cik"": ""0001092348"", ""name"": ""SEBULSKY ALAN"", ""is_director"": true, ""is_officer"": false, ""is_ten_percent_owner"": false, ""is_other"": false, ""officer_title"": null}]",True,8e631749fbc94d9ba06b1beea33f29927fd3b7c8d087f406ca5ef4911bb1622a,2026-06-16 22:19:27,SEBULSKY ALAN,"Parabilis Medicines, Inc.",26.59000015258789,74412014.68930511,,0.0014802241272447,-0.0186852023122016,,False,False,True,False,False,31.600000381469727,-0.1585443091266449,3.0,ARCHIVE,"[""purchase value >= $100k ($110,146)"", ""current price below insider VWAP (-1.9%)"", ""stock down at least 15% from 52w high (-15.9%)""]","[""market cap unavailable""]"
2026-06-18 01:45:11,0001104659-26-075331,1562528,FBRT,False,1562528,"Franklin BSP Realty Trust, Inc.",FBRT,Common Stock,2026-06-15,P,A,25900.0,8.44,218596.0,"[{""cik"": ""0001050002"", ""name"": ""ORTALE BUFORD H"", ""is_director"": true, ""is_officer"": false, ""is_ten_percent_owner"": false, ""is_other"": false, ""officer_title"": null}]",True,05eea8aea9ae1c48af9b51c6bcabdc3b159bd2de8f2f0820f9ae0c8909b4c796,2026-06-18 01:45:11,ORTALE BUFORD H,"Franklin BSP Realty Trust, Inc.",8.199999809265137,7575376.273549397,,0.0288561243833209,-0.0284360415562633,,True,False,True,True,False,10.660536766052246,-0.2308079800092732,5.0,WATCH,"[""purchase value >= $100k ($218,596)"", ""purchase value / ADV60 >= 2% (2.9%)"", ""current price below insider VWAP (-2.8%)"", ""stock down at least 15% from 52w high (-23.1%)""]","[""market cap unavailable""]"
2026-06-18 01:45:11,0001104659-26-075331,1562528,FBRT,False,1562528,"Franklin BSP Realty Trust, Inc.",FBRT,7.50% Series E Cumulative Redeemable Preferred Stock,2022-09-06,P,A,10000.0,20.0,200000.0,"[{""cik"": ""0001050002"", ""name"": ""ORTALE BUFORD H"", ""is_director"": true, ""is_officer"": false, ""is_ten_percent_owner"": false, ""is_other"": false, ""officer_title"": null}]",True,1ef8b5749e861058c70457ef45954dcea3aa22a7836b8268907a012e2c09fc00,2026-06-18 01:45:11,ORTALE BUFORD H,"Franklin BSP Realty Trust, Inc.",8.199999809265137,7575376.273549397,,0.0264013288288175,-0.5900000095367431,,True,False,True,True,False,10.660536766052246,-0.2308079800092732,5.0,WATCH,"[""purchase value >= $100k ($200,000)"", ""purchase value / ADV60 >= 2% (2.6%)"", ""current price below insider VWAP (-59.0%)"", ""stock down at least 15% from 52w high (-23.1%)""]","[""market cap unavailable""]"
2026-06-18 22:20:08,0001062993-26-003272,1682100,HMMR,False,1539680,HAMMER TECHNOLOGY HOLDINGS CORP.,HMMR,Common Stock,2025-05-25,P,A,10154542.0,0.264,2680799.088,"[{""cik"": ""0001682100"", ""name"": ""SEVELL MICHAEL"", ""is_director"": true, ""is_officer"": false, ""is_ten_percent_owner"": true, ""is_other"": false, ""officer_title"": null}]",True,76d34fcec16dafeb9ae1920cabf0c58687f347d861f05afe09363976e4842bb6,2026-06-18 22:20:08,SEVELL MICHAEL,HAMMER TECHNOLOGY HOLDINGS CORP.,0.1099999994039535,2718.3616806194186,,986.1819003382732,-0.583333335591085,,True,True,True,True,True,0.270000010728836,-0.5925926109890871,9.0,ALERT,"[""purchase value >= $2m ($2,680,799)"", ""purchase value / ADV60 >= 5% (98618.2%)"", ""current price below insider VWAP (-58.3%)"", ""stock down at least 30% from 52w high (-59.3%)""]","[""market cap unavailable""]"
2026-06-18 22:23:46,0000818479-26-000218,1556270,XRAY,True,818479,DENTSPLY SIRONA Inc.,XRAY,Common Stock,2026-06-12,P,A,10000.0,10.14,101400.0,"[{""cik"": ""0001556270"", ""name"": ""MAZELSKY JONATHAN JAY"", ""is_director"": true, ""is_officer"": null, ""is_ten_percent_owner"": null, ""is_other"": null, ""officer_title"": null}]",True,142a98ac326768a49ed48398b5f1e96fa27fc902a454dda3fce450c80cf4bace,2026-06-18 22:23:46,MAZELSKY JONATHAN JAY,DENTSPLY SIRONA Inc.,10.329999923706056,51228328.78759384,,0.0019793735692692,0.0187376650597685,,False,False,True,False,False,16.39487648010254,-0.3699251143341674,4.0,WATCH,"[""purchase value >= $100k ($101,400)"", ""current price within 15% of insider VWAP (1.9%)"", ""stock down at least 30% from 52w high (-37.0%)""]","[""market cap unavailable""]"
2026-06-22 23:16:23,0001104659-26-076532,2028722,CNTM,False,1895249,"ConnectM Technology Solutions, Inc.",CNTM,Common Stock,2026-06-11,P,A,2050.0,14280.0,29274000.0,"[{""cik"": ""0002028722"", ""name"": ""Panigrahi Bhaskar"", ""is_director"": true, ""is_officer"": true, ""is_ten_percent_owner"": false, ""is_other"": false, ""officer_title"": ""Chief Executive Officer""}]",True,360217a0fb7fe81377aa8a77fafd96656bf99e8027caa96c5ada720badb4bce0,2026-06-22 23:16:23,Panigrahi Bhaskar,"ConnectM Technology Solutions, Inc.",8.5,38065.0583627065,,769.0517566283474,-0.999404761904762,,True,True,True,True,True,16.0,-0.46875,9.0,ALERT,"[""purchase value >= $2m ($29,274,000)"", ""purchase value / ADV60 >= 5% (76905.2%)"", ""current price below insider VWAP (-99.9%)"", ""stock down at least 30% from 52w high (-46.9%)""]","[""market cap unavailable""]"
2026-06-22 23:16:23,0001104659-26-076532,2028722,CNTM,False,1895249,"ConnectM Technology Solutions, Inc.",CNTM,Common Stock,2026-06-10,P,A,1309.0,8887.0,11633083.0,"[{""cik"": ""0002028722"", ""name"": ""Panigrahi Bhaskar"", ""is_director"": true, ""is_officer"": true, ""is_ten_percent_owner"": false, ""is_other"": false, ""officer_title"": ""Chief Executive Officer""}]",True,e3416520530add1e19e3e579cbfe8b2408cef4eb03cca20655d93d880da2e23d,2026-06-22 23:16:23,Panigrahi Bhaskar,"ConnectM Technology Solutions, Inc.",8.5,38065.0583627065,,305.6105389134852,-0.9990435467536852,,True,True,True,True,True,16.0,-0.46875,9.0,ALERT,"[""purchase value >= $2m ($11,633,083)"", ""purchase value / ADV60 >= 5% (30561.1%)"", ""current price below insider VWAP (-99.9%)"", ""stock down at least 30% from 52w high (-46.9%)""]","[""market cap unavailable""]"
2026-06-22 23:14:57,0001104659-26-076531,2028701,CNTM,False,1895249,"ConnectM Technology Solutions, Inc.",CNTM,Common Stock,2026-06-08,P,A,950.0,6580.0,6251000.0,"[{""cik"": ""0002028701"", ""name"": ""Choudhury Mahesh"", ""is_director"": false, ""is_officer"": true, ""is_ten_percent_owner"": false, ""is_other"": false, ""officer_title"": ""Principal Financial Officer""}]",True,344d40c9a7da4e247019270797486d5d17ab1f0e042ea6a59cba1e9d8a58deef,2026-06-22 23:14:57,Choudhury Mahesh,"ConnectM Technology Solutions, Inc.",8.5,38065.0583627065,,164.21884712317416,-0.99870820668693,,True,True,True,True,True,16.0,-0.46875,9.0,ALERT,"[""purchase value >= $2m ($6,251,000)"", ""purchase value / ADV60 >= 5% (16421.9%)"", ""current price below insider VWAP (-99.9%)"", ""stock down at least 30% from 52w high (-46.9%)""]","[""market cap unavailable""]"
2026-06-22 23:14:57,0001104659-26-076531,2028701,CNTM,False,1895249,"ConnectM Technology Solutions, Inc.",CNTM,Common Stock,2026-06-18,P,A,600.0,4576.0,2745600.0,"[{""cik"": ""0002028701"", ""name"": ""Choudhury Mahesh"", ""is_director"": false, ""is_officer"": true, ""is_ten_percent_owner"": false, ""is_other"": false, ""officer_title"": ""Principal Financial Officer""}]",True,c345ed64b32891049aeff7d0d38b731b62a0da6ad438a70a716090e28e66d98d,2026-06-22 23:14:57,Choudhury Mahesh,"ConnectM Technology Solutions, Inc.",8.5,38065.0583627065,,72.1291420031014,-0.9981424825174824,,True,True,True,True,True,16.0,-0.46875,9.0,ALERT,"[""purchase value >= $2m ($2,745,600)"", ""purchase value / ADV60 >= 5% (7212.9%)"", ""current price below insider VWAP (-99.8%)"", ""stock down at least 30% from 52w high (-46.9%)""]","[""market cap unavailable""]"
2026-06-22 23:14:57,0001104659-26-076531,2028701,CNTM,False,1895249,"ConnectM Technology Solutions, Inc.",CNTM,Common Stock,2026-06-15,P,A,537.0,3620.0,1943940.0,"[{""cik"": ""0002028701"", ""name"": ""Choudhury Mahesh"", ""is_director"": false, ""is_officer"": true, ""is_ten_percent_owner"": false, ""is_other"": false, ""officer_title"": ""Principal Financial Officer""}]",True,3aef1513f8c54a14da2db41215ac135f1cba1ca7326fa7ef43f0ce79ed8e9e0f,2026-06-22 23:14:57,Choudhury Mahesh,"ConnectM Technology Solutions, Inc.",8.5,38065.0583627065,,51.06888268702978,-0.9976519337016576,,True,True,True,True,True,16.0,-0.46875,8.0,ALERT,"[""purchase value >= $1m ($1,943,940)"", ""purchase value / ADV60 >= 5% (5106.9%)"", ""current price below insider VWAP (-99.8%)"", ""stock down at least 30% from 52w high (-46.9%)""]","[""market cap unavailable""]"
2026-06-22 23:14:57,0001104659-26-076531,2028701,CNTM,False,1895249,"ConnectM Technology Solutions, Inc.",CNTM,Common Stock,2026-06-09,P,A,500.0,3456.0,1728000.0,"[{""cik"": ""0002028701"", ""name"": ""Choudhury Mahesh"", ""is_director"": false, ""is_officer"": true, ""is_ten_percent_owner"": false, ""is_other"": false, ""officer_title"": ""Principal Financial Officer""}]",True,515ee9f58aa24623bffd9078689701c41f00ea929cd9a134af956098fe3686da,2026-06-22 23:14:57,Choudhury Mahesh,"ConnectM Technology Solutions, Inc.",8.5,38065.0583627065,,45.39596349845544,-0.9975405092592592,,True,True,True,True,True,16.0,-0.46875,8.0,ALERT,"[""purchase value >= $1m ($1,728,000)"", ""purchase value / ADV60 >= 5% (4539.6%)"", ""current price below insider VWAP (-99.8%)"", ""stock down at least 30% from 52w high (-46.9%)""]","[""market cap unavailable""]"
2026-06-22 21:58:09,0001104659-26-076503,2033991,TVA,False,2033991,Texas Ventures Acquisition III Corp,TVA,Class A Ordinary Shares,2026-02-27,P,A,125000.0,10.4785,1309812.5,"[{""cik"": ""0001271848"", ""name"": ""ANGELO MARK"", ""is_director"": true, ""is_officer"": false, ""is_ten_percent_owner"": true, ""is_other"": false, ""officer_title"": null}, {""cik"": ""0001463928"", ""name"": ""YA II PN, Ltd."", ""is_director"": false, ""is_officer"": false, ""is_ten_percent_owner"": true, ""is_other"": false, ""officer_title"": null}]",True,33b09bbd2df848601d8242d4b51985116caa708393a77bd6c2575d8ac2f0ad37,2026-06-22 21:58:09,"ANGELO MARK; YA II PN, Ltd.",Texas Ventures Acquisition III Corp,10.479999542236328,502598.7169647217,,2.606080071016055,0.0001431065740638,,True,True,True,True,True,11.649999618530272,-0.1004291943866646,6.0,WATCH,"[""purchase value >= $1m ($1,309,812)"", ""purchase value / ADV60 >= 5% (260.6%)"", ""current price within 15% of insider VWAP (0.0%)""]","[""market cap unavailable""]"
2026-06-22 23:03:05,0001193125-26-277880,2133946,FCBM,False,1531193,"First Carolina Financial Services, Inc.",FCBM,Common Stock,2026-06-18,P,A,18750.0,12.5,234375.0,"[{""cik"": ""0002133946"", ""name"": ""Floyd Gregory Everette"", ""is_director"": true, ""is_officer"": false, ""is_ten_percent_owner"": false, ""is_other"": false, ""officer_title"": null}]",True,963dda0dc39b169f07c948ca4058cdca04edd99bdd81720fa0ec90a733e324f3,2026-06-22 23:03:05,Floyd Gregory Everette,"First Carolina Financial Services, Inc.",12.579999923706056,4991470.020418167,,0.046955105217754,0.0063999938964842,,True,False,True,True,False,12.600000381469728,-0.0015873378696944,4.0,WATCH,"[""purchase value >= $100k ($234,375)"", ""purchase value / ADV60 >= 2% (4.7%)"", ""current price within 15% of insider VWAP (0.6%)""]","[""market cap unavailable""]"
2026-06-22 23:03:23,0001193125-26-277884,1531193,FCBM,False,1531193,"First Carolina Financial Services, Inc.",FCBM,Common Stock,2026-06-18,P,A,16000.0,12.5,200000.0,"[{""cik"": ""0001193392"", ""name"": ""LUCAS JAMES A JR"", ""is_director"": true, ""is_officer"": false, ""is_ten_percent_owner"": false, ""is_other"": false, ""officer_title"": null}]",True,bec6247c7a4a3c9d29a80c2ff47c270eaf8997589a521fed40145100581b3844,2026-06-22 23:03:23,LUCAS JAMES A JR,"First Carolina Financial Services, Inc.",12.579999923706056,4991470.020418167,,0.0400683564524834,0.0063999938964842,,True,False,True,True,False,12.600000381469728,-0.0015873378696944,4.0,WATCH,"[""purchase value >= $100k ($200,000)"", ""purchase value / ADV60 >= 2% (4.0%)"", ""current price within 15% of insider VWAP (0.6%)""]","[""market cap unavailable""]"
2026-06-22 23:03:12,0001193125-26-277881,2133918,FCBM,False,1531193,"First Carolina Financial Services, Inc.",FCBM,Common Stock,2026-06-18,P,A,16000.0,12.5,200000.0,"[{""cik"": ""0002133918"", ""name"": ""Gussenhoven John Walter"", ""is_director"": true, ""is_officer"": false, ""is_ten_percent_owner"": false, ""is_other"": false, ""officer_title"": null}]",True,4549c4ff406001f64802ad2a7a2fe701ea3e13760c76b4f7782b8999565af097,2026-06-22 23:03:12,Gussenhoven John Walter,"First Carolina Financial Services, Inc.",12.579999923706056,4991470.020418167,,0.0400683564524834,0.0063999938964842,,True,False,True,True,False,12.600000381469728,-0.0015873378696944,4.0,WATCH,"[""purchase value >= $100k ($200,000)"", ""purchase value / ADV60 >= 2% (4.0%)"", ""current price within 15% of insider VWAP (0.6%)""]","[""market cap unavailable""]"
2026-06-22 23:03:38,0001193125-26-277888,2134696,FCBM,False,1531193,"First Carolina Financial Services, Inc.",FCBM,Common Stock,2026-06-18,P,A,14000.0,12.5,175000.0,"[{""cik"": ""0002134696"", ""name"": ""Robbins Charles Austin Jr"", ""is_director"": true, ""is_officer"": false, ""is_ten_percent_owner"": false, ""is_other"": false, ""officer_title"": null}]",True,d00c042f879a8e51a851ce58f4c6ec043f4b0e4c3f6bb2ac4646a4a94d193ce8,2026-06-22 23:03:38,Robbins Charles Austin Jr,"First Carolina Financial Services, Inc.",12.579999923706056,4991470.020418167,,0.035059811895923,0.0063999938964842,,True,False,True,True,False,12.600000381469728,-0.0015873378696944,4.0,WATCH,"[""purchase value >= $100k ($175,000)"", ""purchase value / ADV60 >= 2% (3.5%)"", ""current price within 15% of insider VWAP (0.6%)""]","[""market cap unavailable""]"
2026-06-22 23:02:28,0001193125-26-277875,2133925,FCBM,False,1531193,"First Carolina Financial Services, Inc.",FCBM,Common Stock,2026-06-18,P,A,8000.0,12.5,100000.0,"[{""cik"": ""0002133925"", ""name"": ""Andracchio Vincent Charles II"", ""is_director"": true, ""is_officer"": false, ""is_ten_percent_owner"": false, ""is_other"": false, ""officer_title"": null}]",True,691b976a8715f562da7e30bec26b665807c6455b269ded013417646151eeee9c,2026-06-22 23:02:28,Andracchio Vincent Charles II,"First Carolina Financial Services, Inc.",12.579999923706056,4991470.020418167,,0.0200341782262417,0.0063999938964842,,True,False,True,True,False,12.600000381469728,-0.0015873378696944,4.0,WATCH,"[""purchase value >= $100k ($100,000)"", ""purchase value / ADV60 >= 2% (2.0%)"", ""current price within 15% of insider VWAP (0.6%)""]","[""market cap unavailable""]"
2026-06-22 23:57:28,0001651669-26-000010,1651669,MSTR,False,1050446,Strategy Inc,MSTR,Series A Perpetual Stretch Preferred Stock,2026-06-22,P,A,11000.0,90.796,998756.0,"[{""cik"": ""0001651669"", ""name"": ""Le Phong"", ""is_director"": true, ""is_officer"": true, ""is_ten_percent_owner"": false, ""is_other"": false, ""officer_title"": ""President & CEO""}]",True,f81da91f4a08031a8307c20345171c72c9cadd46324f752d0ac3cbe7c5590e7b,2026-06-22 23:57:28,Le Phong,Strategy Inc,109.45999908447266,2738597221.4906006,,0.000364696199997,0.2055597062037166,,False,False,False,False,False,455.8999938964844,-0.7599034864007338,0.0,ARCHIVE,"[""purchase value >= $100k ($998,756)"", ""stock down at least 30% from 52w high (-76.0%)""]","[""current price more than 15% above insider VWAP (20.6%)"", ""market cap unavailable""]"
2026-06-23 22:38:59,0001213900-26-071226,2052053,PWRL,False,2052053,Powerlaw Corp.,PWRL,"Common Stock, par value $0.001 per share",2026-06-22,P,A,12727.0,15.473,196924.871,"[{""cik"": ""0001847123"", ""name"": ""Dinsdale Mike John"", ""is_director"": true, ""is_officer"": true, ""is_ten_percent_owner"": false, ""is_other"": false, ""officer_title"": ""Chief Executive Officer""}]",True,988b5e2cebed1e3076acc9420efffd333526c2be46ccef046e96da4a4c3c9cf1,2026-06-23 22:38:59,Dinsdale Mike John,Powerlaw Corp.,14.199999809265137,9656126.026944963,,0.0203937759770834,-0.0822723577027637,,True,False,True,True,False,28.850000381469727,-0.507798973258047,6.0,WATCH,"[""purchase value >= $100k ($196,925)"", ""purchase value / ADV60 >= 2% (2.0%)"", ""current price below insider VWAP (-8.2%)"", ""stock down at least 30% from 52w high (-50.8%)""]","[""market cap unavailable""]"
2026-06-23 22:37:31,0001213900-26-071225,2089538,PWRL,False,2052053,Powerlaw Corp.,PWRL,"Common Stock, par value $0.001 per share",2026-06-22,P,A,6500.0,15.47,100555.0,"[{""cik"": ""0002089538"", ""name"": ""Black Benjamin David"", ""is_director"": true, ""is_officer"": true, ""is_ten_percent_owner"": false, ""is_other"": false, ""officer_title"": ""Chief Investment Officer""}]",True,97de6d334ba7f8d70e5ee383fb5c36b69dc4928951dd249281359c1ab6dc7630,2026-06-23 22:37:31,Black Benjamin David,Powerlaw Corp.,14.199999809265137,9656126.026944963,,0.0104135964795204,-0.0820943885413616,,False,False,True,False,False,28.850000381469727,-0.507798973258047,4.0,WATCH,"[""purchase value >= $100k ($100,555)"", ""current price below insider VWAP (-8.2%)"", ""stock down at least 30% from 52w high (-50.8%)""]","[""market cap unavailable""]"
2026-06-24 00:15:46,0002128469-26-000005,2128469,CNXU,False,2066836,Conexeu Sciences Inc.,CNXU,Common Stock,2026-06-18,P,A,202500.0,0.8,162000.0,"[{""cik"": ""0002128469"", ""name"": ""Purcell Lynn Sebastian"", ""is_director"": true, ""is_officer"": false, ""is_ten_percent_owner"": true, ""is_other"": false, ""officer_title"": null}]",True,7bddbd04a10401a7d70faa67b0aec1c2fff6e7a87cbad3069b70ce3ad10d88e6,2026-06-24 00:15:46,Purcell Lynn Sebastian,Conexeu Sciences Inc.,10.550000190734863,1227011.3818010418,,0.1320281151444674,12.18750023841858,,True,True,False,False,False,16.850000381469727,-0.373887243211169,3.0,ARCHIVE,"[""purchase value >= $100k ($162,000)"", ""purchase value / ADV60 >= 5% (13.2%)"", ""stock down at least 30% from 52w high (-37.4%)""]","[""current price more than 15% above insider VWAP (1218.8%)"", ""market cap unavailable""]"
2026-06-23 22:45:02,0001193125-26-279907,1891339,NONE,False,1837532,Apollo Debt Solutions BDC,NONE,Class I Common Shares of Beneficial Interest,2026-06-22,P,A,12566.182,23.8736,300000.0025952,"[{""cik"": ""0001891339"", ""name"": ""Hunt Earl"", ""is_director"": false, ""is_officer"": true, ""is_ten_percent_owner"": false, ""is_other"": true, ""officer_title"": ""CEO""}]",True,d6f4849184fd4fe442dbd1110a9939880c8c74add688ee0a9a2cb8edfed678d7,2026-06-23 22:45:02,Hunt Earl,Apollo Debt Solutions BDC,,,,,,,False,False,False,False,False,,,-1.0,ARCHIVE,"[""purchase value >= $100k ($300,000)""]","[""ADV60 unavailable"", ""latest price or insider VWAP unavailable; price gate cannot be verified"", ""52w drawdown unavailable"", ""market cap unavailable""]"
2026-06-24 22:58:08,0001780030-26-000004,1829802,FTH,False,1829802,"Faeth Therapeutics, Inc.",FTH,Common Stock,2026-06-23,P,A,6836.0,24.12,164884.32,"[{""cik"": ""0001780030"", ""name"": ""STEPHENSON BRIAN C"", ""is_director"": false, ""is_officer"": true, ""is_ten_percent_owner"": false, ""is_other"": false, ""officer_title"": ""Chief Financial Officer""}]",True,0332c7c392ca175e54ccc72cc4d067b0ce7e1dcd15ddbdd2cb4f8e52a620d34d,2026-06-24 22:58:08,STEPHENSON BRIAN C,"Faeth Therapeutics, Inc.",24.540000915527344,1148163.5714162826,,0.1436069947739344,0.0174129732805696,,True,True,True,True,True,35.06999969482422,-0.3002565974031342,7.0,ALERT,"[""purchase value >= $100k ($164,884)"", ""purchase value / ADV60 >= 5% (14.4%)"", ""current price within 15% of insider VWAP (1.7%)"", ""stock down at least 30% from 52w high (-30.0%)""]","[""market cap unavailable""]"
2026-06-24 21:49:03,0001193125-26-281322,1559432,TXO,False,1559432,"TXO Partners, L.P.",TXO,Common Units,2026-06-23,P,A,63282.0,12.6435,800105.967,"[{""cik"": ""0001182684"", ""name"": ""SIMPSON BOB R"", ""is_director"": true, ""is_officer"": false, ""is_ten_percent_owner"": true, ""is_other"": false, ""officer_title"": null}]",True,f4f241693c305b6420ea1d19538cea6c2aec077319830cbc02a5b9e6e24683f4,2026-06-24 21:49:03,SIMPSON BOB R,"TXO Partners, L.P.",12.34000015258789,2645279.9000533423,,0.3024655224514675,-0.0240044170848348,,True,True,True,True,True,13.838455200195312,-0.1082819596501113,5.0,WATCH,"[""purchase value >= $100k ($800,106)"", ""purchase value / ADV60 >= 5% (30.2%)"", ""current price below insider VWAP (-2.4%)""]","[""market cap unavailable""]"
2026-06-24 21:49:03,0001193125-26-281322,1559432,TXO,False,1559432,"TXO Partners, L.P.",TXO,Common Units,2026-06-22,P,A,36718.0,12.5545,460976.131,"[{""cik"": ""0001182684"", ""name"": ""SIMPSON BOB R"", ""is_director"": true, ""is_officer"": false, ""is_ten_percent_owner"": true, ""is_other"": false, ""officer_title"": null}]",True,f53d9ba2b9e516d9798f5b8210a8b686def7c7def22c9a571cfa404eccd980ce,2026-06-24 21:49:03,SIMPSON BOB R,"TXO Partners, L.P.",12.34000015258789,2645279.9000533423,,0.1742636501304472,-0.0170854950346178,,True,True,True,True,True,13.838455200195312,-0.1082819596501113,5.0,WATCH,"[""purchase value >= $100k ($460,976)"", ""purchase value / ADV60 >= 5% (17.4%)"", ""current price below insider VWAP (-1.7%)""]","[""market cap unavailable""]"
2026-06-25 00:59:44,0001834052-26-000004,1834052,PATK,False,76605,PATRICK INDUSTRIES INC,PATK,Common Stock,2026-05-06,P,A,1300.0,95.5745,124246.85,"[{""cik"": ""0001834052"", ""name"": ""Petkovich Jacob R"", ""is_director"": false, ""is_officer"": true, ""is_ten_percent_owner"": false, ""is_other"": false, ""officer_title"": ""President - Marine""}]",True,719b6152cd834bcbe1ba570c956c03024c1941b5a8bbf1cc3490ec782982f7dc,2026-06-25 00:59:44,Petkovich Jacob R,PATRICK INDUSTRIES INC,90.27999877929688,49384157.81219228,,0.0025159252583087,-0.0553965882186474,,False,False,True,False,False,144.4981689453125,-0.3752170049056836,4.0,WATCH,"[""purchase value >= $100k ($124,247)"", ""current price below insider VWAP (-5.5%)"", ""stock down at least 30% from 52w high (-37.5%)""]","[""market cap unavailable""]"
2026-06-24 21:20:54,0001170010-26-000067,1798472,KMX,False,1170010,CARMAX INC,KMX,Common Stock,2026-06-22,P,A,9400.0,53.005,498247.0,"[{""cik"": ""0001798472"", ""name"": ""Barr Keith"", ""is_director"": true, ""is_officer"": true, ""is_ten_percent_owner"": false, ""is_other"": false, ""officer_title"": ""President and CEO""}]",True,20cba4ab47b2d467d219119621f82010d884e9118be70b492fdd7023259270d9,2026-06-24 21:20:54,Barr Keith,CARMAX INC,50.790000915527344,156488140.54527563,,0.0031839281766904,-0.0417884932454043,,False,False,True,False,False,71.56999969482422,-0.2903451008509594,3.0,ARCHIVE,"[""purchase value >= $100k ($498,247)"", ""current price below insider VWAP (-4.2%)"", ""stock down at least 15% from 52w high (-29.0%)""]","[""market cap unavailable""]"
2026-06-24 21:21:03,0001170010-26-000068,1395526,KMX,False,1170010,CARMAX INC,KMX,Common Stock,2026-06-22,P,A,2500.0,52.2,130500.0,"[{""cik"": ""0001395526"", ""name"": ""Bensen Peter J"", ""is_director"": true, ""is_officer"": false, ""is_ten_percent_owner"": false, ""is_other"": false, ""officer_title"": null}]",True,004b52507bedd41960be5f6ff3b3e8ae7097b5ceed10935b2f63b197a03d73b1,2026-06-24 21:21:03,Bensen Peter J,CARMAX INC,50.790000915527344,156488140.54527563,,0.0008339290092225,-0.0270114767140355,,False,False,True,False,False,71.56999969482422,-0.2903451008509594,3.0,ARCHIVE,"[""purchase value >= $100k ($130,500)"", ""current price below insider VWAP (-2.7%)"", ""stock down at least 15% from 52w high (-29.0%)""]","[""market cap unavailable""]"
2026-06-24 23:04:01,0001628280-26-045313,1814606,OXY,False,797468,OCCIDENTAL PETROLEUM CORP /DE/,OXY,Common Stock,2026-06-23,P,A,4770.0,52.38,249852.6,"[{""cik"": ""0001814606"", ""name"": ""Jackson Richard A."", ""is_director"": true, ""is_officer"": true, ""is_ten_percent_owner"": false, ""is_other"": false, ""officer_title"": ""President and CEO""}]",True,57fe5aed5bacd26a813b8222e2a1a6b50c01e035374ed50ce61d480f165e2ee9,2026-06-24 23:04:01,Jackson Richard A.,OCCIDENTAL PETROLEUM CORP /DE/,51.09000015258789,753171083.8987502,,0.0003317341907321,-0.0246277175909146,,False,False,True,False,False,65.9354476928711,-0.2251512359396368,3.0,ARCHIVE,"[""purchase value >= $100k ($249,853)"", ""current price below insider VWAP (-2.5%)"", ""stock down at least 15% from 52w high (-22.5%)""]","[""market cap unavailable""]"
2026-06-25 20:59:44,0001294357-26-000012,1294357,PSEC,False,1287032,PROSPECT CAPITAL CORP,PSEC,COMMON STOCK,2026-06-23,P,A,1000000.0,2.2745,2274500.0,"[{""cik"": ""0001294357"", ""name"": ""Barry John F"", ""is_director"": true, ""is_officer"": true, ""is_ten_percent_owner"": true, ""is_other"": false, ""officer_title"": ""CHIEF EXECUTIVE OFFICER""}]",True,994da916c0f1fc49f1d6e4bdf3526ffb4b319834efb93e43ed011b7ea9f91c85,2026-06-25 20:59:44,Barry John F,PROSPECT CAPITAL CORP,2.2699999809265137,13741837.40191102,,0.1655164395762458,-0.0019784651894863,,True,True,True,True,True,2.9025611877441406,-0.217932083391927,8.0,ALERT,"[""purchase value >= $2m ($2,274,500)"", ""purchase value / ADV60 >= 5% (16.6%)"", ""current price below insider VWAP (-0.2%)"", ""stock down at least 15% from 52w high (-21.8%)""]","[""market cap unavailable""]"
2026-06-25 22:18:09,0001091974-26-000012,1712184,LILA,False,1712184,Liberty Latin America Ltd.,LILA,Series A Preference Shares,2026-06-23,P,A,4900.0,20.5,100450.0,"[{""cik"": ""0001091974"", ""name"": ""BRACKEN CHARLES H R"", ""is_director"": true, ""is_officer"": false, ""is_ten_percent_owner"": false, ""is_other"": false, ""officer_title"": null}]",True,9a39af1c83baa63ab2ca54c860133aa34e9b329a86a3ea6d9b6dbcc20b0b9f47,2026-06-25 22:18:09,BRACKEN CHARLES H R,Liberty Latin America Ltd.,7.0,3767916.409854428,,0.0266592962989539,-0.6585365853658536,,True,False,True,True,False,7.0,0.0,4.0,WATCH,"[""purchase value >= $100k ($100,450)"", ""purchase value / ADV60 >= 2% (2.7%)"", ""current price below insider VWAP (-65.9%)""]","[""market cap unavailable""]"
2026-06-25 22:18:09,0001091974-26-000012,1712184,LILA,False,1712184,Liberty Latin America Ltd.,LILA,Series A Preference Shares,2026-06-24,P,A,4900.0,20.5,100450.0,"[{""cik"": ""0001091974"", ""name"": ""BRACKEN CHARLES H R"", ""is_director"": true, ""is_officer"": false, ""is_ten_percent_owner"": false, ""is_other"": false, ""officer_title"": null}]",True,f63f371cfb0e4975b6e85b9c8bbf46fa77d075d89ea82311d49d3f75efb1ffdd,2026-06-25 22:18:09,BRACKEN CHARLES H R,Liberty Latin America Ltd.,7.0,3767916.409854428,,0.0266592962989539,-0.6585365853658536,,True,False,True,True,False,7.0,0.0,4.0,WATCH,"[""purchase value >= $100k ($100,450)"", ""purchase value / ADV60 >= 2% (2.7%)"", ""current price below insider VWAP (-65.9%)""]","[""market cap unavailable""]"
2026-06-25 20:59:44,0001294357-26-000012,1294357,PSEC,False,1287032,PROSPECT CAPITAL CORP,PSEC,COMMON STOCK,2026-06-23,P,A,67648.0,2.2701,153567.7248,"[{""cik"": ""0001294357"", ""name"": ""Barry John F"", ""is_director"": true, ""is_officer"": true, ""is_ten_percent_owner"": true, ""is_other"": false, ""officer_title"": ""CHIEF EXECUTIVE OFFICER""}]",True,0e81c1579d53824445c064e61b6ecf5cf9b6202d28d3ff64bf8a6d5e57e44027,2026-06-25 20:59:44,Barry John F,PROSPECT CAPITAL CORP,2.2699999809265137,13741837.40191102,,0.011175195886006,-4.40593249134702e-05,,False,False,True,False,False,2.9025611877441406,-0.217932083391927,3.0,ARCHIVE,"[""purchase value >= $100k ($153,568)"", ""current price below insider VWAP (-0.0%)"", ""stock down at least 15% from 52w high (-21.8%)""]","[""market cap unavailable""]"
2026-06-26 23:40:29,0001780030-26-000005,1829802,FTH,False,1829802,"Faeth Therapeutics, Inc.",FTH,Common Stock,2026-06-26,P,A,4212.0,24.9,104878.8,"[{""cik"": ""0001780030"", ""name"": ""STEPHENSON BRIAN C"", ""is_director"": false, ""is_officer"": true, ""is_ten_percent_owner"": false, ""is_other"": false, ""officer_title"": ""Chief Financial Officer""}]",True,6210b235a406440e8726f720e887aeafbb7b902de4bc0633ab690e56e252add3,2026-06-26 23:40:29,STEPHENSON BRIAN C,"Faeth Therapeutics, Inc.",22.8700008392334,1150029.7227334976,,0.0911965994676331,-0.081526070713518,,True,True,True,True,True,35.06999969482422,-0.3478756476120342,7.0,ALERT,"[""purchase value >= $100k ($104,879)"", ""purchase value / ADV60 >= 5% (9.1%)"", ""current price below insider VWAP (-8.2%)"", ""stock down at least 30% from 52w high (-34.8%)""]","[""market cap unavailable""]"
2026-06-26 20:20:09,0000796343-26-000118,1538604,ADBE,False,796343,ADOBE INC.,ADBE,Common Stock,2026-06-25,P,A,10000.0,194.513,1945130.0,"[{""cik"": ""0001538604"", ""name"": ""Ricks David A"", ""is_director"": true, ""is_officer"": false, ""is_ten_percent_owner"": false, ""is_other"": false, ""officer_title"": null}]",True,c48ec9c0306fb788a7d31ca6e4bd41565d0c31fe9fae2fc3da9a60500afd2078,2026-06-26 20:20:09,Ricks David A,ADOBE INC.,202.72999572753903,1450566197.2966003,,0.0013409453519771,0.0422439411635162,,False,False,True,True,False,392.1000061035156,-0.4829635486564677,5.0,WATCH,"[""purchase value >= $1m ($1,945,130)"", ""current price within 15% of insider VWAP (4.2%)"", ""stock down at least 30% from 52w high (-48.3%)""]","[""market cap unavailable""]"
2026-06-26 20:45:24,0002022936-26-000009,2022936,PAM,False,1469395,Pampa Energy Inc.,PAM,Cammon Stock,2026-06-24,P,A,739178.0,3.355,2479942.19,"[{""cik"": ""0002022936"", ""name"": ""Mindlin Marcos Marcelo"", ""is_director"": true, ""is_officer"": false, ""is_ten_percent_owner"": true, ""is_other"": false, ""officer_title"": null}]",True,2c71fa991f5ea48e898d97a6dc1e5aa2b746d00900e60a8a7f7282402bd81fc8,2026-06-26 20:45:24,Mindlin Marcos Marcelo,Pampa Energy Inc.,80.77999877929688,20301111.774635315,,0.1221579496497575,23.077495910371645,,True,True,False,False,False,92.2699966430664,-0.1245258294331252,3.0,ARCHIVE,"[""purchase value >= $2m ($2,479,942)"", ""purchase value / ADV60 >= 5% (12.2%)""]","[""current price more than 15% above insider VWAP (2307.7%)"", ""market cap unavailable""]"
2026-06-26 20:45:24,0002022936-26-000009,2022936,PAM,False,1469395,Pampa Energy Inc.,PAM,Cammon Stock,2026-06-25,P,A,383600.0,3.365,1290814.0,"[{""cik"": ""0002022936"", ""name"": ""Mindlin Marcos Marcelo"", ""is_director"": true, ""is_officer"": false, ""is_ten_percent_owner"": true, ""is_other"": false, ""officer_title"": null}]",True,7d824ce413601dff6e5e81d2813f475036119cd99ede3fbe2550aac3bd87ce8c,2026-06-26 20:45:24,Mindlin Marcos Marcelo,Pampa Energy Inc.,80.77999877929688,20301111.774635315,,0.0635834142646696,23.005943173639487,,True,True,False,False,False,92.2699966430664,-0.1245258294331252,2.0,ARCHIVE,"[""purchase value >= $1m ($1,290,814)"", ""purchase value / ADV60 >= 5% (6.4%)""]","[""current price more than 15% above insider VWAP (2300.6%)"", ""market cap unavailable""]"
2026-06-29 21:26:56,0001140361-26-026779,2007835,CGON,False,1991792,"CG Oncology, Inc.",CGON,Common Stock,2026-06-25,P,A,371085.0,66.87,24814453.95,"[{""cik"": ""0002007835"", ""name"": ""Liu Brian Guan-Chyun"", ""is_director"": true, ""is_officer"": null, ""is_ten_percent_owner"": null, ""is_other"": null, ""officer_title"": null}]",True,24f6ad59be576863491695fcb43a738e0469214ef9858fd07b51753b8a9de34e,2026-06-29 21:26:56,Liu Brian Guan-Chyun,"CG Oncology, Inc.",73.7300033569336,71784935.88665429,,0.3456777336846979,0.1025871595174754,,True,True,True,True,True,74.0,-0.0036486032846811,7.0,ALERT,"[""purchase value >= $2m ($24,814,454)"", ""purchase value / ADV60 >= 5% (34.6%)"", ""current price within 15% of insider VWAP (10.3%)""]","[""market cap unavailable""]"
2026-06-30 21:30:03,0001193125-26-290860,1185838,FUND,False,825202,SPROTT FOCUS TRUST INC.,FUND,Common Stock,2026-06-29,P,A,38861.0,9.63,374231.43,"[{""cik"": ""0001185838"", ""name"": ""GEORGE W WHITNEY"", ""is_director"": true, ""is_officer"": false, ""is_ten_percent_owner"": true, ""is_other"": true, ""officer_title"": null}]",True,6afb0bc2b1d7c9c3bf31b97395631e176eaad84935deaff1448647f9c94e9305,2026-06-30 21:30:03,GEORGE W WHITNEY,SPROTT FOCUS TRUST INC.,9.479999542236328,275041.9965283076,,1.360633774927836,-0.0155763715227074,,True,True,True,True,True,10.324384689331056,-0.081785517733303,5.0,WATCH,"[""purchase value >= $100k ($374,231)"", ""purchase value / ADV60 >= 5% (136.1%)"", ""current price below insider VWAP (-1.6%)""]","[""market cap unavailable""]"
2026-06-30 21:30:03,0001193125-26-290860,1185838,FUND,False,825202,SPROTT FOCUS TRUST INC.,FUND,Common Stock,2026-06-29,P,A,21392.0,9.63,206004.96,"[{""cik"": ""0001185838"", ""name"": ""GEORGE W WHITNEY"", ""is_director"": true, ""is_officer"": false, ""is_ten_percent_owner"": true, ""is_other"": true, ""officer_title"": null}]",True,c6fa19c0cde69a457c9b07dd898a809e544e8dc6fae87cf7827ac0060a4e1e2f,2026-06-30 21:30:03,GEORGE W WHITNEY,SPROTT FOCUS TRUST INC.,9.479999542236328,275041.9965283076,,0.7489945630132079,-0.0155763715227074,,True,True,True,True,True,10.324384689331056,-0.081785517733303,5.0,WATCH,"[""purchase value >= $100k ($206,005)"", ""purchase value / ADV60 >= 5% (74.9%)"", ""current price below insider VWAP (-1.6%)""]","[""market cap unavailable""]"
2026-06-30 21:30:03,0001193125-26-290860,1185838,FUND,False,825202,SPROTT FOCUS TRUST INC.,FUND,Common Stock,2026-06-29,P,A,16394.0,9.63,157874.22,"[{""cik"": ""0001185838"", ""name"": ""GEORGE W WHITNEY"", ""is_director"": true, ""is_officer"": false, ""is_ten_percent_owner"": true, ""is_other"": true, ""officer_title"": null}]",True,565562c436e771a2825513509fbb9dd8d00a3edc2618a394d5c722bafd115f99,2026-06-30 21:30:03,GEORGE W WHITNEY,SPROTT FOCUS TRUST INC.,9.479999542236328,275041.9965283076,,0.5740004144558026,-0.0155763715227074,,True,True,True,True,True,10.324384689331056,-0.081785517733303,5.0,WATCH,"[""purchase value >= $100k ($157,874)"", ""purchase value / ADV60 >= 5% (57.4%)"", ""current price below insider VWAP (-1.6%)""]","[""market cap unavailable""]"
2026-07-02 00:09:53,0001780030-26-000006,1829802,FTH,False,1829802,"Faeth Therapeutics, Inc.",FTH,Common Stock,2026-06-30,P,A,4255.0,24.98,106289.9,"[{""cik"": ""0001780030"", ""name"": ""STEPHENSON BRIAN C"", ""is_director"": false, ""is_officer"": true, ""is_ten_percent_owner"": false, ""is_other"": false, ""officer_title"": ""Chief Financial Officer""}]",True,57e17c4c76f0d52209d04cc14292b07874b0c5458a68079d3fd5a1c1e7475174,2026-07-02 00:09:53,STEPHENSON BRIAN C,"Faeth Therapeutics, Inc.",23.65999984741211,1179954.257879893,,0.0900796783351403,-0.0528422799274576,,True,True,True,True,True,35.06999969482422,-0.3253492998774119,7.0,ALERT,"[""purchase value >= $100k ($106,290)"", ""purchase value / ADV60 >= 5% (9.0%)"", ""current price below insider VWAP (-5.3%)"", ""stock down at least 30% from 52w high (-32.5%)""]","[""market cap unavailable""]"
2026-07-02 00:09:53,0001780030-26-000006,1829802,FTH,False,1829802,"Faeth Therapeutics, Inc.",FTH,Common Stock,2026-07-01,P,A,4400.0,23.4,102960.0,"[{""cik"": ""0001780030"", ""name"": ""STEPHENSON BRIAN C"", ""is_director"": false, ""is_officer"": true, ""is_ten_percent_owner"": false, ""is_other"": false, ""officer_title"": ""Chief Financial Officer""}]",True,5f62bccd98c889e9431ffdb6285994a1cb5bc07afa1bf3ed5240cfb0243d4fb6,2026-07-02 00:09:53,STEPHENSON BRIAN C,"Faeth Therapeutics, Inc.",23.65999984741211,1179954.257879893,,0.0872576197868852,0.0111111045902612,,True,True,True,True,True,35.06999969482422,-0.3253492998774119,7.0,ALERT,"[""purchase value >= $100k ($102,960)"", ""purchase value / ADV60 >= 5% (8.7%)"", ""current price within 15% of insider VWAP (1.1%)"", ""stock down at least 30% from 52w high (-32.5%)""]","[""market cap unavailable""]"
2026-07-02 00:00:05,0001173871-26-000006,1528849,RH,False,1528849,RH,RH,Common Stock,2026-06-29,P,A,5586.0,161.3407,901249.1502,"[{""cik"": ""0001173871"", ""name"": ""ALBERINI CARLOS"", ""is_director"": true, ""is_officer"": false, ""is_ten_percent_owner"": false, ""is_other"": false, ""officer_title"": null}]",True,493893c2b8b64755643983a4b998b59ba2316babfcdfb85cc0f81cbb1db0550b,2026-07-02 00:00:05,ALBERINI CARLOS,RH,164.0500030517578,140167754.38313395,,0.0064297894631066,0.0167924339720715,,False,False,True,False,False,251.0,-0.3464143304710844,4.0,WATCH,"[""purchase value >= $100k ($901,249)"", ""current price within 15% of insider VWAP (1.7%)"", ""stock down at least 30% from 52w high (-34.6%)""]","[""market cap unavailable""]"
2026-07-02 00:00:05,0001173871-26-000006,1528849,RH,False,1528849,RH,RH,Common Stock,2026-06-29,P,A,5502.0,160.5823,883523.8146,"[{""cik"": ""0001173871"", ""name"": ""ALBERINI CARLOS"", ""is_director"": true, ""is_officer"": false, ""is_ten_percent_owner"": false, ""is_other"": false, ""officer_title"": null}]",True,ed67ab7050b41f23fe6e7f644da797c882e3550f1ad17bcdee56e56148853af9,2026-07-02 00:00:05,ALBERINI CARLOS,RH,164.0500030517578,140167754.38313395,,0.0063033314508626,0.0215945533957218,,False,False,True,False,False,251.0,-0.3464143304710844,4.0,WATCH,"[""purchase value >= $100k ($883,524)"", ""current price within 15% of insider VWAP (2.2%)"", ""stock down at least 30% from 52w high (-34.6%)""]","[""market cap unavailable""]"
2026-07-07 23:03:33,0001732966-26-000011,1732966,VFLEX,False,1681717,FIRST TRUST ALTERNATIVE OPPORTUNITIES FUND,VFLEX,Class I Common Shares,2026-07-02,P,A,180766.0,27.66,4999987.56,"[{""cik"": ""0001732966"", ""name"": ""PECK MICHAEL D"", ""is_director"": false, ""is_officer"": true, ""is_ten_percent_owner"": false, ""is_other"": false, ""officer_title"": ""President""}]",True,596a353ff1be830ac783e00f250c5f14c849b97d6f82f06958351a0c4d35f4ae,2026-07-07 23:03:33,PECK MICHAEL D,FIRST TRUST ALTERNATIVE OPPORTUNITIES FUND,27.670000076293945,0.0,,inf,0.000361535657771,,True,True,True,True,True,27.8700008392334,-0.007176202257515,7.0,ALERT,"[""purchase value >= $2m ($4,999,988)"", ""purchase value / ADV60 >= 5% (inf%)"", ""current price within 15% of insider VWAP (0.0%)""]","[""market cap unavailable""]"
2026-07-07 22:48:02,0001732802-26-000012,1732802,VFLEX,False,1681717,FIRST TRUST ALTERNATIVE OPPORTUNITIES FUND,VFLEX,Class I Common Shares,2026-07-02,P,A,54230.0,27.66,1500001.8,"[{""cik"": ""0001732802"", ""name"": ""CHAD EISENBERG"", ""is_director"": false, ""is_officer"": true, ""is_ten_percent_owner"": false, ""is_other"": false, ""officer_title"": ""Treasurer""}]",True,37b2affe5e5096d728879ba530493811960d504568621abb3ae23030deccb60e,2026-07-07 22:48:02,CHAD EISENBERG,FIRST TRUST ALTERNATIVE OPPORTUNITIES FUND,27.670000076293945,0.0,,inf,0.000361535657771,,True,True,True,True,True,27.8700008392334,-0.007176202257515,6.0,WATCH,"[""purchase value >= $1m ($1,500,002)"", ""purchase value / ADV60 >= 5% (inf%)"", ""current price within 15% of insider VWAP (0.0%)""]","[""market cap unavailable""]"
2026-07-08 00:45:56,0001732966-26-000012,2021979,FTECX,False,2021979,First Trust Enhanced Private Credit Fund,FTECX,CLASS I COMMON SHARES,2026-07-02,P,A,159234.61,9.42,1499990.0262,"[{""cik"": ""0001732966"", ""name"": ""PECK MICHAEL D"", ""is_director"": false, ""is_officer"": true, ""is_ten_percent_owner"": false, ""is_other"": false, ""officer_title"": ""PRESIDENT""}]",True,e5006af91a5dd960ccb89603dfbc598d4dd80a3bf81e53867ffd5b0bd7b3a862,2026-07-08 00:45:56,PECK MICHAEL D,First Trust Enhanced Private Credit Fund,,,,,,,False,False,False,False,False,,,0.0,ARCHIVE,"[""purchase value >= $1m ($1,499,990)""]","[""ADV60 unavailable"", ""latest price or insider VWAP unavailable; price gate cannot be verified"", ""52w drawdown unavailable"", ""market cap unavailable""]"
2026-07-08 20:05:03,0001193125-26-298523,1769848,LRMR,False,1374690,"Larimar Therapeutics, Inc.",LRMR,Common Stock,2026-07-06,P,A,50000.0,3.3378,166890.0,"[{""cik"": ""0001769848"", ""name"": ""Hamilton Thomas Edward"", ""is_director"": true, ""is_officer"": false, ""is_ten_percent_owner"": false, ""is_other"": false, ""officer_title"": null}]",True,61eb1cda5db5e62b93352e0af798b118eebf0c3f0117df0973f9a9fee1188d44,2026-07-08 20:05:03,Hamilton Thomas Edward,"Larimar Therapeutics, Inc.",3.609999895095825,7766750.20801994,,0.0214877517018211,0.0815506906033389,,True,False,True,True,False,5.949999809265137,-0.3932773091060513,6.0,WATCH,"[""purchase value >= $100k ($166,890)"", ""purchase value / ADV60 >= 2% (2.1%)"", ""current price within 15% of insider VWAP (8.2%)"", ""stock down at least 30% from 52w high (-39.3%)""]","[""market cap unavailable""]"
2026-07-08 21:50:54,0001437749-26-023065,2037885,EWSB,False,2013792,"EWSB Bancorp, Inc. /MD/",EWSB,Common Stock,2025-06-29,P,A,59141.0,10.0,591410.0,"[{""cik"": ""0002037885"", ""name"": ""Schmalz Charles D"", ""is_director"": true, ""is_officer"": true, ""is_ten_percent_owner"": null, ""is_other"": null, ""officer_title"": ""President & CEO""}]",True,bec454ee47e2ee9bc9cc17fd7ca89da07a6a559c6c391bf2e68af69ac36f6020,2026-07-08 21:50:54,Schmalz Charles D,"EWSB Bancorp, Inc. /MD/",9.949999809265137,1539.2883478800456,,384.21001550132416,-0.0050000190734863,,True,True,True,True,True,10.239999771118164,-0.0283203094077179,5.0,WATCH,"[""purchase value >= $100k ($591,410)"", ""purchase value / ADV60 >= 5% (38421.0%)"", ""current price below insider VWAP (-0.5%)""]","[""market cap unavailable""]"
2026-07-08 21:51:47,0001437749-26-023066,2037909,EWSB,False,2013792,"EWSB Bancorp, Inc. /MD/",EWSB,Common Stock,2025-06-29,P,A,39950.0,10.0,399500.0,"[{""cik"": ""0002037909"", ""name"": ""Mangold James E"", ""is_director"": null, ""is_officer"": true, ""is_ten_percent_owner"": null, ""is_other"": null, ""officer_title"": ""VP - Lending""}]",True,305482e62d7e7ed7d09ca54772128dc03f28a19c9601412fa047d9b0ed00b0c5,2026-07-08 21:51:47,Mangold James E,"EWSB Bancorp, Inc. /MD/",9.949999809265137,1539.2883478800456,,259.53551883258484,-0.0050000190734863,,True,True,True,True,True,10.239999771118164,-0.0283203094077179,5.0,WATCH,"[""purchase value >= $100k ($399,500)"", ""purchase value / ADV60 >= 5% (25953.6%)"", ""current price below insider VWAP (-0.5%)""]","[""market cap unavailable""]"
2026-07-08 21:52:37,0001437749-26-023067,2037911,EWSB,False,2013792,"EWSB Bancorp, Inc. /MD/",EWSB,Common Stock,2025-06-29,P,A,32860.0,10.0,328600.0,"[{""cik"": ""0002037911"", ""name"": ""Schneider Kory J"", ""is_director"": null, ""is_officer"": true, ""is_ten_percent_owner"": null, ""is_other"": null, ""officer_title"": ""VP - Member Experience""}]",True,bc49431c7a3290f15efdeebb7a54199476cc60610ae4a1f06646d791e45a95b6,2026-07-08 21:52:37,Schneider Kory J,"EWSB Bancorp, Inc. /MD/",9.949999809265137,1539.2883478800456,,213.47527281198344,-0.0050000190734863,,True,True,True,True,True,10.239999771118164,-0.0283203094077179,5.0,WATCH,"[""purchase value >= $100k ($328,600)"", ""purchase value / ADV60 >= 5% (21347.5%)"", ""current price below insider VWAP (-0.5%)""]","[""market cap unavailable""]"
2026-07-08 21:52:37,0001437749-26-023067,2037911,EWSB,False,2013792,"EWSB Bancorp, Inc. /MD/",EWSB,Common Stock,2025-06-29,P,A,15040.0,10.0,150400.0,"[{""cik"": ""0002037911"", ""name"": ""Schneider Kory J"", ""is_director"": null, ""is_officer"": true, ""is_ten_percent_owner"": null, ""is_other"": null, ""officer_title"": ""VP - Member Experience""}]",True,1a5417e4e42004b315149c427aa8820825dca4c0e9c364c7732f547aaebbfab2,2026-07-08 21:52:37,Schneider Kory J,"EWSB Bancorp, Inc. /MD/",9.949999809265137,1539.2883478800456,,97.70748944285548,-0.0050000190734863,,True,True,True,True,True,10.239999771118164,-0.0283203094077179,5.0,WATCH,"[""purchase value >= $100k ($150,400)"", ""purchase value / ADV60 >= 5% (9770.7%)"", ""current price below insider VWAP (-0.5%)""]","[""market cap unavailable""]"
2026-07-09 00:00:20,0001290976-26-000004,2044725,EVMN,False,2044725,"Evommune, Inc.",EVMN,Common Stock,2026-07-07,P,A,10000.0,13.3,133000.0,"[{""cik"": ""0001290976"", ""name"": ""KIRSCH ARTHUR S"", ""is_director"": true, ""is_officer"": false, ""is_ten_percent_owner"": false, ""is_other"": false, ""officer_title"": null}]",True,bc974f9e03daabbb58ab9c6b74d005168845dd23242e44c13fc3c9d907d816c8,2026-07-09 00:00:20,KIRSCH ARTHUR S,"Evommune, Inc.",13.25,13327804.897682823,,0.0099791376765369,-0.0037593984962406,,False,False,True,False,False,31.56999969482422,-0.5802977469723483,4.0,WATCH,"[""purchase value >= $100k ($133,000)"", ""current price below insider VWAP (-0.4%)"", ""stock down at least 30% from 52w high (-58.0%)""]","[""market cap unavailable""]"
2026-07-09 00:30:39,0002094616-26-000002,2139246,VII,False,2139246,Viking Acquisition Corp. II,VII,Class A Ordinary Shares,2026-07-06,P,A,300000.0,10.0,3000000.0,"[{""cik"": ""0002094616"", ""name"": ""Wohlin Hakan"", ""is_director"": true, ""is_officer"": true, ""is_ten_percent_owner"": true, ""is_other"": false, ""officer_title"": ""CHIEF EXECUTIVE OFFICER""}, {""cik"": ""0002139176"", ""name"": ""Viking Acquisition Sponsor II, LLC"", ""is_director"": false, ""is_officer"": false, ""is_ten_percent_owner"": true, ""is_other"": false, ""officer_title"": null}]",True,23a9d1d644c6897c5e330051f50aaf6826d5dd966e784219daea70cb6e92671e,2026-07-09 00:30:39,"Viking Acquisition Sponsor II, LLC; Wohlin Hakan",Viking Acquisition Corp. II,,,,,,,False,False,False,False,False,,,1.0,ARCHIVE,"[""purchase value >= $2m ($3,000,000)""]","[""ADV60 unavailable"", ""latest price or insider VWAP unavailable; price gate cannot be verified"", ""52w drawdown unavailable"", ""market cap unavailable""]"
2026-07-09 20:48:42,0001213900-26-076772,1754658,CCLFX,False,1735964,Cliffwater Corporate Lending Fund,CCLFX,Class I Shares,2026-07-07,P,A,40487.805,10.25,415000.00125,"[{""cik"": ""0001754658"", ""name"": ""Nesbitt Stephen Lane"", ""is_director"": true, ""is_officer"": true, ""is_ten_percent_owner"": false, ""is_other"": false, ""officer_title"": ""President/Interested Trustee""}]",True,4d7e89a66882ac1bb9e5bed01abf07514149f5d35c36894ca1e7850bac713db1,2026-07-09 20:48:42,Nesbitt Stephen Lane,Cliffwater Corporate Lending Fund,10.25,0.0,,inf,0.0,,True,True,True,True,True,10.470000267028809,-0.0210124413961682,5.0,WATCH,"[""purchase value >= $100k ($415,000)"", ""purchase value / ADV60 >= 5% (inf%)"", ""current price below insider VWAP (0.0%)""]","[""market cap unavailable""]"
2026-07-09 20:14:11,0001437749-26-023204,2037885,EWSB,True,2013792,"EWSB Bancorp, Inc. /MD/",EWSB,Common Stock,2026-06-29,P,A,59141.0,10.0,591410.0,"[{""cik"": ""0002037885"", ""name"": ""Schmalz Charles D"", ""is_director"": true, ""is_officer"": true, ""is_ten_percent_owner"": null, ""is_other"": null, ""officer_title"": ""President & CEO""}]",True,2ec2aa182a1b32e7d5de9e1b063304d54727806a9d60b5cb887c5d77a84d6d97,2026-07-09 20:14:11,Schmalz Charles D,"EWSB Bancorp, Inc. /MD/",9.949999809265137,1539.2883478800456,,384.21001550132416,-0.0050000190734863,,True,True,True,True,True,10.239999771118164,-0.0283203094077179,5.0,WATCH,"[""purchase value >= $100k ($591,410)"", ""purchase value / ADV60 >= 5% (38421.0%)"", ""current price below insider VWAP (-0.5%)""]","[""market cap unavailable""]"
2026-07-09 20:13:04,0001437749-26-023203,2037909,EWSB,True,2013792,"EWSB Bancorp, Inc. /MD/",EWSB,Common Stock,2026-06-29,P,A,39950.0,10.0,399500.0,"[{""cik"": ""0002037909"", ""name"": ""Mangold James E"", ""is_director"": null, ""is_officer"": true, ""is_ten_percent_owner"": null, ""is_other"": null, ""officer_title"": ""VP - Lending""}]",True,8011313b8f107ec7731e0356d0f279e12b023f073c4ced38d415ceb1497735c9,2026-07-09 20:13:04,Mangold James E,"EWSB Bancorp, Inc. /MD/",9.949999809265137,1539.2883478800456,,259.53551883258484,-0.0050000190734863,,True,True,True,True,True,10.239999771118164,-0.0283203094077179,5.0,WATCH,"[""purchase value >= $100k ($399,500)"", ""purchase value / ADV60 >= 5% (25953.6%)"", ""current price below insider VWAP (-0.5%)""]","[""market cap unavailable""]"
2026-07-09 20:12:29,0001437749-26-023202,2037911,EWSB,True,2013792,"EWSB Bancorp, Inc. /MD/",EWSB,Common Stock,2026-06-29,P,A,32860.0,10.0,328600.0,"[{""cik"": ""0002037911"", ""name"": ""Schneider Kory J"", ""is_director"": null, ""is_officer"": true, ""is_ten_percent_owner"": null, ""is_other"": null, ""officer_title"": ""VP - Member Experience""}]",True,dabecdc31b610e3b6d570dc3dbff02d2e2df9828cbb314b36614736b3724a39a,2026-07-09 20:12:29,Schneider Kory J,"EWSB Bancorp, Inc. /MD/",9.949999809265137,1539.2883478800456,,213.47527281198344,-0.0050000190734863,,True,True,True,True,True,10.239999771118164,-0.0283203094077179,5.0,WATCH,"[""purchase value >= $100k ($328,600)"", ""purchase value / ADV60 >= 5% (21347.5%)"", ""current price below insider VWAP (-0.5%)""]","[""market cap unavailable""]"
2026-07-09 20:12:29,0001437749-26-023202,2037911,EWSB,True,2013792,"EWSB Bancorp, Inc. /MD/",EWSB,Common Stock,2026-06-29,P,A,15040.0,10.0,150400.0,"[{""cik"": ""0002037911"", ""name"": ""Schneider Kory J"", ""is_director"": null, ""is_officer"": true, ""is_ten_percent_owner"": null, ""is_other"": null, ""officer_title"": ""VP - Member Experience""}]",True,2de4841ca813482acf68b5becc55e8311a65e72a04dbca682f14a90bdea8f0da,2026-07-09 20:12:29,Schneider Kory J,"EWSB Bancorp, Inc. /MD/",9.949999809265137,1539.2883478800456,,97.70748944285548,-0.0050000190734863,,True,True,True,True,True,10.239999771118164,-0.0283203094077179,5.0,WATCH,"[""purchase value >= $100k ($150,400)"", ""purchase value / ADV60 >= 5% (9770.7%)"", ""current price below insider VWAP (-0.5%)""]","[""market cap unavailable""]"
2026-07-09 23:00:41,0000912282-26-000955,1496748,UUUU,False,1385849,ENERGY FUELS INC,UUUU,Common Shares,2026-07-07,P,A,74000.0,13.08,967920.0,"[{""cik"": ""0001496748"", ""name"": ""Bhappu Ross R."", ""is_director"": false, ""is_officer"": true, ""is_ten_percent_owner"": false, ""is_other"": false, ""officer_title"": ""President and CEO""}]",True,9a6a74d2c0fe87bf7223c878ae7f0503868121ddd6ff82c78788f1a812026c33,2026-07-09 23:00:41,Bhappu Ross R.,ENERGY FUELS INC,13.489999771118164,190516271.76687875,,0.0050805109244651,0.0313455482506241,,False,False,True,False,False,27.71999931335449,-0.5133477595499373,4.0,WATCH,"[""purchase value >= $100k ($967,920)"", ""current price within 15% of insider VWAP (3.1%)"", ""stock down at least 30% from 52w high (-51.3%)""]","[""market cap unavailable""]"
2026-07-09 23:04:17,0001493152-26-032738,1702924,WRAP,False,1702924,"WRAP TECHNOLOGIES, INC.",WRAP,Common Stock,2026-07-08,P,A,100000.0,1.1,110000.0,"[{""cik"": ""0001208886"", ""name"": ""SHULMAN JOHN D"", ""is_director"": true, ""is_officer"": false, ""is_ten_percent_owner"": false, ""is_other"": false, ""officer_title"": null}]",True,6d4b686f5d478154bc4168729632de19fb5118c9cc7ee82283a3bf312f75c31c,2026-07-09 23:04:17,SHULMAN JOHN D,"WRAP TECHNOLOGIES, INC.",2.359999895095825,2686024.748435974,,0.0409527127641139,1.1454544500871138,,True,False,False,False,False,3.0999999046325684,-0.2387096878393139,1.0,ARCHIVE,"[""purchase value >= $100k ($110,000)"", ""purchase value / ADV60 >= 2% (4.1%)"", ""stock down at least 15% from 52w high (-23.9%)""]","[""current price more than 15% above insider VWAP (114.5%)"", ""market cap unavailable""]"
2026-07-10 00:27:03,0001213900-26-076871,2121804,GGAL,False,1114700,GRUPO FINANCIERO GALICIA SA,GGAL,Class B Ordinary Shares,2026-06-30,P,A,167791.0,5.27,884258.57,"[{""cik"": ""0002121804"", ""name"": ""Moret Silvestre Vila"", ""is_director"": true, ""is_officer"": false, ""is_ten_percent_owner"": false, ""is_other"": false, ""officer_title"": null}]",True,443911b22fd222c77fac1ec5a9c491ad881c40b3b9eb5742096fe9d6461b8b38,2026-07-10 00:27:03,Moret Silvestre Vila,GRUPO FINANCIERO GALICIA SA,49.38999938964844,57820333.20479024,,0.0152932112457411,8.371916392722664,,False,False,False,False,False,58.75250625610352,-0.1593550209695514,-1.0,ARCHIVE,"[""purchase value >= $100k ($884,259)"", ""stock down at least 15% from 52w high (-15.9%)""]","[""current price more than 15% above insider VWAP (837.2%)"", ""market cap unavailable""]"
2026-07-10 00:27:03,0001213900-26-076871,2121804,GGAL,False,1114700,GRUPO FINANCIERO GALICIA SA,GGAL,Class B Ordinary Shares,2026-06-26,P,A,125000.0,5.15,643750.0,"[{""cik"": ""0002121804"", ""name"": ""Moret Silvestre Vila"", ""is_director"": true, ""is_officer"": false, ""is_ten_percent_owner"": false, ""is_other"": false, ""officer_title"": null}]",True,da528a88170e919f640cadb945d1f1a886c1437e529ecdfbdd056387b73e3a8d,2026-07-10 00:27:03,Moret Silvestre Vila,GRUPO FINANCIERO GALICIA SA,49.38999938964844,57820333.20479024,,0.0111336266036368,8.590291143621055,,False,False,False,False,False,58.75250625610352,-0.1593550209695514,-1.0,ARCHIVE,"[""purchase value >= $100k ($643,750)"", ""stock down at least 15% from 52w high (-15.9%)""]","[""current price more than 15% above insider VWAP (859.0%)"", ""market cap unavailable""]"
2026-07-10 00:27:03,0001213900-26-076871,2121804,GGAL,False,1114700,GRUPO FINANCIERO GALICIA SA,GGAL,Class B Ordinary Shares,2026-07-01,P,A,100000.0,5.11,511000.0,"[{""cik"": ""0002121804"", ""name"": ""Moret Silvestre Vila"", ""is_director"": true, ""is_officer"": false, ""is_ten_percent_owner"": false, ""is_other"": false, ""officer_title"": null}]",True,b66ff76c8108ad38ebf55c70c916ac11b5fe6f74c0f1a29c6dee748c221c753c,2026-07-10 00:27:03,Moret Silvestre Vila,GRUPO FINANCIERO GALICIA SA,49.38999938964844,57820333.20479024,,0.0088377214671198,8.665361915782473,,False,False,False,False,False,58.75250625610352,-0.1593550209695514,-1.0,ARCHIVE,"[""purchase value >= $100k ($511,000)"", ""stock down at least 15% from 52w high (-15.9%)""]","[""current price more than 15% above insider VWAP (866.5%)"", ""market cap unavailable""]"
2026-07-09 15:58:44,0001580642-26-004332,2052742,NONE,False,2036029,83 Investment Group Income Fund,NONE,Class I Shares Common Stock,2026-07-01,P,A,12242.9,10.21,125000.009,"[{""cik"": ""0002052742"", ""name"": ""Sarti Jeffrey"", ""is_director"": false, ""is_officer"": true, ""is_ten_percent_owner"": false, ""is_other"": false, ""officer_title"": ""Vice President""}]",True,6420c0681bc479ceba2a76629c56f50bc2688bfae915f454369f0323020a2783,2026-07-09 15:58:44,Sarti Jeffrey,83 Investment Group Income Fund,,,,,,,False,False,False,False,False,,,-1.0,ARCHIVE,"[""purchase value >= $100k ($125,000)""]","[""ADV60 unavailable"", ""latest price or insider VWAP unavailable; price gate cannot be verified"", ""52w drawdown unavailable"", ""market cap unavailable""]"
2026-07-10 21:02:05,0002093315-26-000008,2093315,GLOO,False,2069785,"Gloo Holdings, Inc.",GLOO,Class A Common Stock,2026-07-10,P,A,1076923.0,3.25,3499999.75,"[{""cik"": ""0002093315"", ""name"": ""Beck Scott Arthur"", ""is_director"": true, ""is_officer"": true, ""is_ten_percent_owner"": true, ""is_other"": false, ""officer_title"": ""President and CEO""}]",True,764ae55666c0abf02c7640f61188079433312f6aba0ce3087a6e37430914052f,2026-07-10 21:02:05,Beck Scott Arthur,"Gloo Holdings, Inc.",2.950000047683716,898897.5870283445,,3.89365796560942,-0.0923076776357797,,True,True,True,True,True,9.5,-0.6894736791911877,9.0,ALERT,"[""purchase value >= $2m ($3,500,000)"", ""purchase value / ADV60 >= 5% (389.4%)"", ""current price below insider VWAP (-9.2%)"", ""stock down at least 30% from 52w high (-68.9%)""]","[""market cap unavailable""]"
2026-07-10 23:37:28,0001193125-26-301161,2063196,NTSK,False,2063196,Netskope Inc,NTSK,Class A Common Stock,2026-07-08,P,A,610291.0,11.824,7216080.784,"[{""cik"": ""0001688124"", ""name"": ""Griffith William J.G."", ""is_director"": true, ""is_officer"": false, ""is_ten_percent_owner"": true, ""is_other"": false, ""officer_title"": null}]",True,6578f614d75c6a676726533a77dd77ec1de28c03356d5fe596b2dfae9f2f5d02,2026-07-10 23:37:28,Griffith William J.G.,Netskope Inc,12.31999969482422,57567338.717048965,,0.1253502584072539,0.0419485533511687,,True,True,True,True,True,25.790000915527344,-0.5222954921491787,9.0,ALERT,"[""purchase value >= $2m ($7,216,081)"", ""purchase value / ADV60 >= 5% (12.5%)"", ""current price within 15% of insider VWAP (4.2%)"", ""stock down at least 30% from 52w high (-52.2%)""]","[""market cap unavailable""]"
2026-07-10 21:05:07,0002093326-26-000002,2093326,GLOO,False,2069785,"Gloo Holdings, Inc.",GLOO,Class A Common Stock,2026-07-10,P,A,615384.0,3.25,1999998.0,"[{""cik"": ""0002093326"", ""name"": ""Green Derek Todd"", ""is_director"": true, ""is_officer"": false, ""is_ten_percent_owner"": false, ""is_other"": false, ""officer_title"": null}]",True,ac85ea6d6b149798a045406c36404dad00d92d4d6e48d787b9003246ae301eef,2026-07-10 21:05:07,Green Derek Todd,"Gloo Holdings, Inc.",2.950000047683716,898897.5870283445,,2.224945342896927,-0.0923076776357797,,True,True,True,True,True,9.5,-0.6894736791911877,8.0,ALERT,"[""purchase value >= $1m ($1,999,998)"", ""purchase value / ADV60 >= 5% (222.5%)"", ""current price below insider VWAP (-9.2%)"", ""stock down at least 30% from 52w high (-68.9%)""]","[""market cap unavailable""]"
2026-07-10 21:03:42,0001316331-26-000008,2069785,GLOO,False,2069785,"Gloo Holdings, Inc.",GLOO,Class A Common Stock,2026-07-10,P,A,153846.0,3.25,499999.5,"[{""cik"": ""0001316331"", ""name"": ""GELSINGER PATRICK P"", ""is_director"": true, ""is_officer"": true, ""is_ten_percent_owner"": false, ""is_other"": false, ""officer_title"": ""See Remarks""}]",True,57f216a531ba30902c5e267937efb5b1d38c75228312c8607360f5d33a66e33e,2026-07-10 21:03:42,GELSINGER PATRICK P,"Gloo Holdings, Inc.",2.950000047683716,898897.5870283445,,0.5562363357242317,-0.0923076776357797,,True,True,True,True,True,9.5,-0.6894736791911877,7.0,ALERT,"[""purchase value >= $100k ($500,000)"", ""purchase value / ADV60 >= 5% (55.6%)"", ""current price below insider VWAP (-9.2%)"", ""stock down at least 30% from 52w high (-68.9%)""]","[""market cap unavailable""]"
2026-07-13 23:46:54,0001213900-26-077729,2121804,GGAL,False,1114700,GRUPO FINANCIERO GALICIA SA,GGAL,Class B Ordinary Shares,2026-07-08,P,A,224000.0,5.36,1200640.0,"[{""cik"": ""0002121804"", ""name"": ""Moret Silvestre Vila"", ""is_director"": true, ""is_officer"": false, ""is_ten_percent_owner"": false, ""is_other"": false, ""officer_title"": null}]",True,13126d9c206e03ae9bd6e92a93190b233bfc73ff4a77512b209bddd0c9dca0c5,2026-07-13 23:46:54,Moret Silvestre Vila,GRUPO FINANCIERO GALICIA SA,51.40999984741211,58970458.050405055,,0.0203600249971562,8.59141788197987,,True,False,False,False,False,58.75250625610352,-0.1249735011590016,1.0,ARCHIVE,"[""purchase value >= $1m ($1,200,640)"", ""purchase value / ADV60 >= 2% (2.0%)""]","[""current price more than 15% above insider VWAP (859.1%)"", ""market cap unavailable""]"
2026-07-13 23:46:54,0001213900-26-077729,2121804,GGAL,False,1114700,GRUPO FINANCIERO GALICIA SA,GGAL,Class B Ordinary Shares,2026-07-07,P,A,175824.0,5.46,959999.04,"[{""cik"": ""0002121804"", ""name"": ""Moret Silvestre Vila"", ""is_director"": true, ""is_officer"": false, ""is_ten_percent_owner"": false, ""is_other"": false, ""officer_title"": null}]",True,cc082aafabd5071905bbc5afaf4452ccc00f6f79fc1aead0fd996a1b9ed2d644,2026-07-13 23:46:54,Moret Silvestre Vila,GRUPO FINANCIERO GALICIA SA,51.40999984741211,58970458.050405055,,0.0162793214049556,8.415750887804416,,False,False,False,False,False,58.75250625610352,-0.1249735011590016,-2.0,ARCHIVE,"[""purchase value >= $100k ($959,999)""]","[""current price more than 15% above insider VWAP (841.6%)"", ""market cap unavailable""]"
2026-07-14 23:00:23,0001231919-26-000764,1883840,ARTV,False,1817241,"Artiva Biotherapeutics, Inc.",ARTV,Common Stock,2026-07-10,P,A,15102.0,8.97,135464.94,"[{""cik"": ""0001346824"", ""name"": ""RA CAPITAL MANAGEMENT, L.P."", ""is_director"": true, ""is_officer"": false, ""is_ten_percent_owner"": true, ""is_other"": false, ""officer_title"": null}, {""cik"": ""0001315082"", ""name"": ""RA Capital Healthcare Fund LP"", ""is_director"": true, ""is_officer"": false, ""is_ten_percent_owner"": true, ""is_other"": false, ""officer_title"": null}, {""cik"": ""0001780117"", ""name"": ""RA Capital Nexus Fund, L.P."", ""is_director"": true, ""is_officer"": false, ""is_ten_percent_owner"": false, ""is_other"": false, ""officer_title"": null}, {""cik"": ""0001883840"", ""name"": ""RA Capital Nexus Fund III, L.P."", ""is_director"": true, ""is_officer"": false, ""is_ten_percent_owner"": false, ""is_other"": false, ""officer_title"": null}, {""cik"": ""0001384859"", ""name"": ""Kolchinsky Peter"", ""is_director"": true, ""is_officer"": false, ""is_ten_percent_owner"": true, ""is_other"": false, ""officer_title"": null}, {""cik"": ""0001619841"", ""name"": ""Shah Rajeev M."", ""is_director"": true, ""is_officer"": false, ""is_ten_percent_owner"": true, ""is_other"": false, ""officer_title"": null}]",True,df36160e2d6c59d7e914ba01b0a75eb1e457afa78741f900ba78cf280da53c2d,2026-07-14 23:00:23,"Kolchinsky Peter; RA CAPITAL MANAGEMENT, L.P.; RA Capital Healthcare Fund LP; RA Capital Nexus Fund III, L.P.; RA Capital Nexus Fund, L.P.; Shah Rajeev M.","Artiva Biotherapeutics, Inc.",9.350000381469728,5740311.451648108,,0.0235988832907501,0.0423634761950642,,True,False,True,True,False,13.390000343322754,-0.3017176891909245,6.0,WATCH,"[""purchase value >= $100k ($135,465)"", ""purchase value / ADV60 >= 2% (2.4%)"", ""current price within 15% of insider VWAP (4.2%)"", ""stock down at least 30% from 52w high (-30.2%)""]","[""market cap unavailable""]"
2026-07-14 20:15:23,0001104659-26-083505,2112540,GLBS,False,1499780,GLOBUS MARITIME LTD,GLBS,"Common Shares, par value $0.004 per share",2026-07-13,P,A,114766.0,2.75,315606.5,"[{""cik"": ""0002112540"", ""name"": ""Feidakis Georgios"", ""is_director"": true, ""is_officer"": false, ""is_ten_percent_owner"": false, ""is_other"": false, ""officer_title"": null}]",True,9f731dad1161b9f5ae39d1e72ef19aa43511a5134d34c9075cf25a590d757391,2026-07-14 20:15:23,Feidakis Georgios,GLOBUS MARITIME LTD,2.7300000190734863,367881.7097055912,,0.8579021236271136,-0.007272720336914,,True,True,True,True,True,3.1700000762939453,-0.1388012765396725,5.0,WATCH,"[""purchase value >= $100k ($315,606)"", ""purchase value / ADV60 >= 5% (85.8%)"", ""current price below insider VWAP (-0.7%)""]","[""market cap unavailable""]"
2026-07-14 20:15:23,0001104659-26-083505,2112540,GLBS,False,1499780,GLOBUS MARITIME LTD,GLBS,"Common Shares, par value $0.004 per share",2026-06-18,P,A,106400.0,2.7,287280.0,"[{""cik"": ""0002112540"", ""name"": ""Feidakis Georgios"", ""is_director"": true, ""is_officer"": false, ""is_ten_percent_owner"": false, ""is_other"": false, ""officer_title"": null}]",True,09ce10a5e33b994f682370dcc98709cf866b6a38c4f925c81b579c4b37cce73e,2026-07-14 20:15:23,Feidakis Georgios,GLOBUS MARITIME LTD,2.7300000190734863,367881.7097055912,,0.7809031882283703,0.0111111181753651,,True,True,True,True,True,3.1700000762939453,-0.1388012765396725,5.0,WATCH,"[""purchase value >= $100k ($287,280)"", ""purchase value / ADV60 >= 5% (78.1%)"", ""current price within 15% of insider VWAP (1.1%)""]","[""market cap unavailable""]"
2026-07-14 21:14:19,0001193125-26-303392,2063196,NTSK,False,2063196,Netskope Inc,NTSK,Class A Common Stock,2026-07-10,P,A,241628.0,12.255,2961151.14,"[{""cik"": ""0001688124"", ""name"": ""Griffith William J.G."", ""is_director"": true, ""is_officer"": false, ""is_ten_percent_owner"": true, ""is_other"": false, ""officer_title"": null}]",True,eaaba106f84a1779c08802e3bfd1aa3f2c71d09cfad3b3d2813c7cba9959a047,2026-07-14 21:14:19,Griffith William J.G.,Netskope Inc,14.270000457763672,59222344.821097374,,0.0500005724012656,0.1644227219717398,,True,True,False,False,False,25.790000915527344,-0.4466847634281332,5.0,WATCH,"[""purchase value >= $2m ($2,961,151)"", ""purchase value / ADV60 >= 5% (5.0%)"", ""stock down at least 30% from 52w high (-44.7%)""]","[""current price more than 15% above insider VWAP (16.4%)"", ""market cap unavailable""]"
2026-07-14 21:14:19,0001193125-26-303392,2063196,NTSK,False,2063196,Netskope Inc,NTSK,Class A Common Stock,2026-07-13,P,A,64771.0,12.4214,804546.4994,"[{""cik"": ""0001688124"", ""name"": ""Griffith William J.G."", ""is_director"": true, ""is_officer"": false, ""is_ten_percent_owner"": true, ""is_other"": false, ""officer_title"": null}]",True,28c4b83a1d196abe7e1a03f05dd9cacafd56756834bbe106c9f2ecf37fa3a0be,2026-07-14 21:14:19,Griffith William J.G.,Netskope Inc,14.270000457763672,59222344.821097374,,0.0135851848120912,0.1488238409328797,,False,False,True,False,False,25.790000915527344,-0.4466847634281332,4.0,WATCH,"[""purchase value >= $100k ($804,546)"", ""current price within 15% of insider VWAP (14.9%)"", ""stock down at least 30% from 52w high (-44.7%)""]","[""market cap unavailable""]"
2026-07-15 21:12:47,0001213900-26-078385,2085314,BOT,False,2081119,"RoboStrategy, Inc.",BOT,Common Shares,2026-07-14,P,A,272405.0,36.71,9999987.55,"[{""cik"": ""0002085314"", ""name"": ""Kang Andrew Kai"", ""is_director"": true, ""is_officer"": true, ""is_ten_percent_owner"": true, ""is_other"": false, ""officer_title"": ""President""}]",True,8e969c49d127d3afc233655b2acd04b852af420a58febfabb29a2314e01206a7,2026-07-15 21:12:47,Kang Andrew Kai,"RoboStrategy, Inc.",31.59000015258789,26558945.82181456,,0.3765204996120882,-0.1394715294854838,,True,True,True,True,True,41.7400016784668,-0.2431720440278558,8.0,ALERT,"[""purchase value >= $2m ($9,999,988)"", ""purchase value / ADV60 >= 5% (37.7%)"", ""current price below insider VWAP (-13.9%)"", ""stock down at least 15% from 52w high (-24.3%)""]","[""market cap unavailable""]"
2026-07-16 22:05:43,0001193125-26-306347,2067955,NONE,False,2067955,Diameter Dynamic Credit Fund,NONE,Class I Common Shares,2026-07-14,P,A,124254.473,10.06,1249999.99838,"[{""cik"": ""0002030168"", ""name"": ""Goodwin Scott Kreitler"", ""is_director"": true, ""is_officer"": true, ""is_ten_percent_owner"": false, ""is_other"": true, ""officer_title"": ""Co-President""}]",True,f69677a53b1747b842cac669ff9a5baa0a74c613dcb6a4908fd80aa242db7155,2026-07-16 22:05:43,Goodwin Scott Kreitler,Diameter Dynamic Credit Fund,,,,,,,False,False,False,False,False,,,0.0,ARCHIVE,"[""purchase value >= $1m ($1,250,000)""]","[""ADV60 unavailable"", ""latest price or insider VWAP unavailable; price gate cannot be verified"", ""52w drawdown unavailable"", ""market cap unavailable""]"
2026-07-18 00:11:08,0001058725-26-000009,1712184,LILA,False,1712184,Liberty Latin America Ltd.,LILA,Series A Preference Shares,2026-06-25,P,A,49382.0,20.3862,1006711.3284,"[{""cik"": ""0001058725"", ""name"": ""FRIES MICHAEL T"", ""is_director"": true, ""is_officer"": true, ""is_ten_percent_owner"": false, ""is_other"": false, ""officer_title"": ""Executive Chairman""}]",True,aa2cac8ad328a35a56abaf0bf0dd7299d477614ea69cf64acbe9873e9c753049,2026-07-18 00:11:08,FRIES MICHAEL T,Liberty Latin America Ltd.,7.340000152587891,4694223.002391863,,0.2144574997581169,-0.6399525094138245,,True,True,True,True,True,7.920000076293945,-0.073232312893797,6.0,WATCH,"[""purchase value >= $1m ($1,006,711)"", ""purchase value / ADV60 >= 5% (21.4%)"", ""current price below insider VWAP (-64.0%)""]","[""market cap unavailable""]"
2026-07-18 00:24:14,0001213900-26-079350,2121444,AXIA3,False,1439124,AXIA Energia S.A.,AXIA3,Common Shares,2026-07-15,P,A,104700.0,9.67,1012449.0,"[{""cik"": ""0002121444"", ""name"": ""Batista de Lima Filho Pedro"", ""is_director"": true, ""is_officer"": false, ""is_ten_percent_owner"": false, ""is_other"": false, ""officer_title"": null}]",True,51d247e2f16f1713195889c969f7b04e7b6735ba5d008f5f1162b8c774d3b4b5,2026-07-18 00:24:14,Batista de Lima Filho Pedro,AXIA Energia S.A.,,,,,,,False,False,False,False,False,,,0.0,ARCHIVE,"[""purchase value >= $1m ($1,012,449)""]","[""ADV60 unavailable"", ""latest price or insider VWAP unavailable; price gate cannot be verified"", ""52w drawdown unavailable"", ""market cap unavailable""]"
2026-07-18 00:24:14,0001213900-26-079350,2121444,AXIA3,False,1439124,AXIA Energia S.A.,AXIA3,Common Shares,2026-07-15,P,A,95300.0,9.67,921551.0,"[{""cik"": ""0002121444"", ""name"": ""Batista de Lima Filho Pedro"", ""is_director"": true, ""is_officer"": false, ""is_ten_percent_owner"": false, ""is_other"": false, ""officer_title"": null}]",True,8f3ddb8734693022a5da2e4cc9ef2e4773bf08b234a11d1cbb948b92b2c8d901,2026-07-18 00:24:14,Batista de Lima Filho Pedro,AXIA Energia S.A.,,,,,,,False,False,False,False,False,,,-1.0,ARCHIVE,"[""purchase value >= $100k ($921,551)""]","[""ADV60 unavailable"", ""latest price or insider VWAP unavailable; price gate cannot be verified"", ""52w drawdown unavailable"", ""market cap unavailable""]"
2026-07-20 21:30:09,0001104659-26-085113,1830177,CBIO,False,1253689,"CRESCENT BIOPHARMA, INC.",CBIO,Ordinary Shares,2026-07-16,P,A,853450.0,14.5,12375025.0,"[{""cik"": ""0001802528"", ""name"": ""Fairmount Funds Management LLC"", ""is_director"": true, ""is_officer"": false, ""is_ten_percent_owner"": true, ""is_other"": false, ""officer_title"": null}, {""cik"": ""0001769651"", ""name"": ""Fairmount Healthcare Fund II L.P."", ""is_director"": true, ""is_officer"": false, ""is_ten_percent_owner"": true, ""is_other"": false, ""officer_title"": null}, {""cik"": ""0001830177"", ""name"": ""Kiselak Tomas"", ""is_director"": true, ""is_officer"": false, ""is_ten_percent_owner"": true, ""is_other"": false, ""officer_title"": null}, {""cik"": ""0001663607"", ""name"": ""Harwin Peter Evan"", ""is_director"": true, ""is_officer"": false, ""is_ten_percent_owner"": true, ""is_other"": false, ""officer_title"": null}]",True,caae0e5aab6a3753863984720bc38d6edcff92805fab7aa56aba0a57e471acb7,2026-07-20 21:30:09,Fairmount Funds Management LLC; Fairmount Healthcare Fund II L.P.; Harwin Peter Evan; Kiselak Tomas,"CRESCENT BIOPHARMA, INC.",15.050000190734863,6382569.558877309,,1.938878203495328,0.037931047636887,,True,True,True,True,True,26.979999542236328,-0.442179375608418,9.0,ALERT,"[""purchase value >= $2m ($12,375,025)"", ""purchase value / ADV60 >= 5% (193.9%)"", ""current price within 15% of insider VWAP (3.8%)"", ""stock down at least 30% from 52w high (-44.2%)""]","[""market cap unavailable""]"
2026-07-20 22:08:52,0001231919-26-000774,1883840,ARTV,False,1817241,"Artiva Biotherapeutics, Inc.",ARTV,Common Stock,2026-07-16,P,A,152472.0,8.93,1361574.96,"[{""cik"": ""0001346824"", ""name"": ""RA CAPITAL MANAGEMENT, L.P."", ""is_director"": true, ""is_officer"": false, ""is_ten_percent_owner"": true, ""is_other"": false, ""officer_title"": null}, {""cik"": ""0001315082"", ""name"": ""RA Capital Healthcare Fund LP"", ""is_director"": true, ""is_officer"": false, ""is_ten_percent_owner"": true, ""is_other"": false, ""officer_title"": null}, {""cik"": ""0001780117"", ""name"": ""RA Capital Nexus Fund, L.P."", ""is_director"": true, ""is_officer"": false, ""is_ten_percent_owner"": false, ""is_other"": false, ""officer_title"": null}, {""cik"": ""0001883840"", ""name"": ""RA Capital Nexus Fund III, L.P."", ""is_director"": true, ""is_officer"": false, ""is_ten_percent_owner"": false, ""is_other"": false, ""officer_title"": null}, {""cik"": ""0001384859"", ""name"": ""Kolchinsky Peter"", ""is_director"": true, ""is_officer"": false, ""is_ten_percent_owner"": true, ""is_other"": false, ""officer_title"": null}, {""cik"": ""0001619841"", ""name"": ""Shah Rajeev M."", ""is_director"": true, ""is_officer"": false, ""is_ten_percent_owner"": true, ""is_other"": false, ""officer_title"": null}]",True,2585e5731666f3ca4b6cf08038871377536dfed9bbf279a17dcdb3174576fc16,2026-07-20 22:08:52,"Kolchinsky Peter; RA CAPITAL MANAGEMENT, L.P.; RA Capital Healthcare Fund LP; RA Capital Nexus Fund III, L.P.; RA Capital Nexus Fund, L.P.; Shah Rajeev M.","Artiva Biotherapeutics, Inc.",9.149999618530272,5510845.003316562,,0.2470719026175787,0.0246360155129086,,True,True,True,True,True,13.390000343322754,-0.3166542655771371,8.0,ALERT,"[""purchase value >= $1m ($1,361,575)"", ""purchase value / ADV60 >= 5% (24.7%)"", ""current price within 15% of insider VWAP (2.5%)"", ""stock down at least 30% from 52w high (-31.7%)""]","[""market cap unavailable""]"
2026-07-20 22:31:03,0000912282-26-000998,2093136,ZSTK,False,1790169,ZeroStack Corp.,ZSTK,Common Shares,2026-07-20,P,A,4608575.0,0.7549,3479013.2675,"[{""cik"": ""0002093136"", ""name"": ""Heinrich Michael"", ""is_director"": true, ""is_officer"": true, ""is_ten_percent_owner"": false, ""is_other"": false, ""officer_title"": ""Executive Chairman""}]",True,df3f3e6274150400496359769e4b26bb86a3d19c52e7f73e5b0332a2d5e1158f,2026-07-20 22:31:03,Heinrich Michael,ZeroStack Corp.,1.649999976158142,67467.16890544296,,51.56601831590014,1.1857199313261917,,True,True,False,False,False,33.5099983215332,-0.9507609651207332,5.0,WATCH,"[""purchase value >= $2m ($3,479,013)"", ""purchase value / ADV60 >= 5% (5156.6%)"", ""stock down at least 30% from 52w high (-95.1%)""]","[""current price more than 15% above insider VWAP (118.6%)"", ""market cap unavailable""]"
2026-07-21 12:00:17,0001104659-26-085234,2115417,PRQR,False,1612940,ProQR Therapeutics N.V.,PRQR,Ordinary Shares,2026-07-17,P,A,150000.0,1.7195,257925.0,"[{""cik"": ""0002115417"", ""name"": ""Filius Bart"", ""is_director"": true, ""is_officer"": false, ""is_ten_percent_owner"": false, ""is_other"": false, ""officer_title"": null}]",True,f433d2eaef0ce8d5091d02a89bf31d7e48977f2a95323ffd30ff8944660d232a,2026-07-21 12:00:17,Filius Bart,ProQR Therapeutics N.V.,1.8799999952316284,1664258.3110916356,,0.1549789466461005,0.0933410847523281,,True,True,True,True,True,3.049999952316284,-0.3836065493037512,7.0,ALERT,"[""purchase value >= $100k ($257,925)"", ""purchase value / ADV60 >= 5% (15.5%)"", ""current price within 15% of insider VWAP (9.3%)"", ""stock down at least 30% from 52w high (-38.4%)""]","[""market cap unavailable""]"
2026-07-21 22:01:43,0001807641-26-000007,1807641,CAG,False,23217,CONAGRA BRANDS INC.,CAG,Common Stock,2026-07-17,P,A,35000.0,14.5895,510632.5,"[{""cik"": ""0001807641"", ""name"": ""Brase John P"", ""is_director"": true, ""is_officer"": true, ""is_ten_percent_owner"": false, ""is_other"": false, ""officer_title"": ""President and CEO""}]",True,e6c858853209459700178068edb9ea86df8af2c5f76428ed486f7c53d0f5dde8,2026-07-21 22:01:43,Brase John P,CONAGRA BRANDS INC.,14.850000381469728,248207032.317087,,0.0020572845790592,0.0178553330456647,,False,False,True,False,False,19.52758979797364,-0.2395374680079206,3.0,ARCHIVE,"[""purchase value >= $100k ($510,632)"", ""current price within 15% of insider VWAP (1.8%)"", ""stock down at least 15% from 52w high (-24.0%)""]","[""market cap unavailable""]"
2026-07-21 15:49:49,0002105171-26-000010,1252875,NONE,False,885275,WILSON BANK HOLDING CO,none,Common Stock,2026-07-21,P,A,1798.0,83.45,150043.1,"[{""cik"": ""0001252875"", ""name"": ""RICHERSON HERBERT ELMER"", ""is_director"": true, ""is_officer"": false, ""is_ten_percent_owner"": false, ""is_other"": false, ""officer_title"": null}]",True,d97429b4ce9a5f1233407e39792e373b72cb447dc5b14b0c66266feb8f192f93,2026-07-21 15:49:49,RICHERSON HERBERT ELMER,WILSON BANK HOLDING CO,,,,,,,False,False,False,False,False,,,-1.0,ARCHIVE,"[""purchase value >= $100k ($150,043)""]","[""ADV60 unavailable"", ""latest price or insider VWAP unavailable; price gate cannot be verified"", ""52w drawdown unavailable"", ""market cap unavailable""]"
2026-07-22 20:55:48,0001231919-26-000779,1883840,PBLS,False,1657677,"Parabilis Medicines, Inc.",PBLS,Voting Common Stock,2026-07-20,P,A,98433.0,27.13,2670487.29,"[{""cik"": ""0001346824"", ""name"": ""RA CAPITAL MANAGEMENT, L.P."", ""is_director"": true, ""is_officer"": false, ""is_ten_percent_owner"": true, ""is_other"": false, ""officer_title"": null}, {""cik"": ""0001315082"", ""name"": ""RA Capital Healthcare Fund LP"", ""is_director"": true, ""is_officer"": false, ""is_ten_percent_owner"": true, ""is_other"": false, ""officer_title"": null}, {""cik"": ""0001883840"", ""name"": ""RA Capital Nexus Fund III, L.P."", ""is_director"": true, ""is_officer"": false, ""is_ten_percent_owner"": false, ""is_other"": false, ""officer_title"": null}, {""cik"": ""0001384859"", ""name"": ""Kolchinsky Peter"", ""is_director"": true, ""is_officer"": false, ""is_ten_percent_owner"": true, ""is_other"": false, ""officer_title"": null}, {""cik"": ""0001619841"", ""name"": ""Shah Rajeev M."", ""is_director"": true, ""is_officer"": false, ""is_ten_percent_owner"": true, ""is_other"": false, ""officer_title"": null}]",True,10fa8ac872d4b238050834cea8f744d3833b72ba026d7959247c67ddcfe7b349,2026-07-22 20:55:48,"Kolchinsky Peter; RA CAPITAL MANAGEMENT, L.P.; RA Capital Healthcare Fund LP; RA Capital Nexus Fund III, L.P.; Shah Rajeev M.","Parabilis Medicines, Inc.",30.809999465942383,27032028.565662056,,0.0987897480025689,0.1356431797251154,,True,True,True,True,True,31.600000381469727,-0.0250000286705882,7.0,ALERT,"[""purchase value >= $2m ($2,670,487)"", ""purchase value / ADV60 >= 5% (9.9%)"", ""current price within 15% of insider VWAP (13.6%)""]","[""market cap unavailable""]"
2026-07-22 20:55:48,0001231919-26-000779,1883840,PBLS,False,1657677,"Parabilis Medicines, Inc.",PBLS,Voting Common Stock,2026-07-22,P,A,47250.0,29.77,1406632.5,"[{""cik"": ""0001346824"", ""name"": ""RA CAPITAL MANAGEMENT, L.P."", ""is_director"": true, ""is_officer"": false, ""is_ten_percent_owner"": true, ""is_other"": false, ""officer_title"": null}, {""cik"": ""0001315082"", ""name"": ""RA Capital Healthcare Fund LP"", ""is_director"": true, ""is_officer"": false, ""is_ten_percent_owner"": true, ""is_other"": false, ""officer_title"": null}, {""cik"": ""0001883840"", ""name"": ""RA Capital Nexus Fund III, L.P."", ""is_director"": true, ""is_officer"": false, ""is_ten_percent_owner"": false, ""is_other"": false, ""officer_title"": null}, {""cik"": ""0001384859"", ""name"": ""Kolchinsky Peter"", ""is_director"": true, ""is_officer"": false, ""is_ten_percent_owner"": true, ""is_other"": false, ""officer_title"": null}, {""cik"": ""0001619841"", ""name"": ""Shah Rajeev M."", ""is_director"": true, ""is_officer"": false, ""is_ten_percent_owner"": true, ""is_other"": false, ""officer_title"": null}]",True,c5d0a9087943e28f2a4d7168e42546b9c88d896f2520a3ccadd433192e6c293c,2026-07-22 20:55:48,"Kolchinsky Peter; RA CAPITAL MANAGEMENT, L.P.; RA Capital Healthcare Fund LP; RA Capital Nexus Fund III, L.P.; Shah Rajeev M.","Parabilis Medicines, Inc.",30.809999465942383,27032028.565662056,,0.0520357729196395,0.0349344798771376,,True,True,True,True,True,31.600000381469727,-0.0250000286705882,6.0,WATCH,"[""purchase value >= $1m ($1,406,632)"", ""purchase value / ADV60 >= 5% (5.2%)"", ""current price within 15% of insider VWAP (3.5%)""]","[""market cap unavailable""]"
2026-07-22 20:55:48,0001231919-26-000779,1883840,PBLS,False,1657677,"Parabilis Medicines, Inc.",PBLS,Voting Common Stock,2026-07-21,P,A,37723.0,30.0,1131690.0,"[{""cik"": ""0001346824"", ""name"": ""RA CAPITAL MANAGEMENT, L.P."", ""is_director"": true, ""is_officer"": false, ""is_ten_percent_owner"": true, ""is_other"": false, ""officer_title"": null}, {""cik"": ""0001315082"", ""name"": ""RA Capital Healthcare Fund LP"", ""is_director"": true, ""is_officer"": false, ""is_ten_percent_owner"": true, ""is_other"": false, ""officer_title"": null}, {""cik"": ""0001883840"", ""name"": ""RA Capital Nexus Fund III, L.P."", ""is_director"": true, ""is_officer"": false, ""is_ten_percent_owner"": false, ""is_other"": false, ""officer_title"": null}, {""cik"": ""0001384859"", ""name"": ""Kolchinsky Peter"", ""is_director"": true, ""is_officer"": false, ""is_ten_percent_owner"": true, ""is_other"": false, ""officer_title"": null}, {""cik"": ""0001619841"", ""name"": ""Shah Rajeev M."", ""is_director"": true, ""is_officer"": false, ""is_ten_percent_owner"": true, ""is_other"": false, ""officer_title"": null}]",True,d9e77b9c32c2290ba68d78929b735e75633a3624a2d160f1c6d1d2b3b79319f2,2026-07-22 20:55:48,"Kolchinsky Peter; RA CAPITAL MANAGEMENT, L.P.; RA Capital Healthcare Fund LP; RA Capital Nexus Fund III, L.P.; Shah Rajeev M.","Parabilis Medicines, Inc.",30.809999465942383,27032028.565662056,,0.0418647826318721,0.0269999821980795,,True,False,True,True,False,31.600000381469727,-0.0250000286705882,5.0,WATCH,"[""purchase value >= $1m ($1,131,690)"", ""purchase value / ADV60 >= 2% (4.2%)"", ""current price within 15% of insider VWAP (2.7%)""]","[""market cap unavailable""]"
2026-07-22 20:55:48,0001231919-26-000779,1883840,PBLS,False,1657677,"Parabilis Medicines, Inc.",PBLS,Voting Common Stock,2026-07-20,P,A,32987.0,27.72,914399.64,"[{""cik"": ""0001346824"", ""name"": ""RA CAPITAL MANAGEMENT, L.P."", ""is_director"": true, ""is_officer"": false, ""is_ten_percent_owner"": true, ""is_other"": false, ""officer_title"": null}, {""cik"": ""0001315082"", ""name"": ""RA Capital Healthcare Fund LP"", ""is_director"": true, ""is_officer"": false, ""is_ten_percent_owner"": true, ""is_other"": false, ""officer_title"": null}, {""cik"": ""0001883840"", ""name"": ""RA Capital Nexus Fund III, L.P."", ""is_director"": true, ""is_officer"": false, ""is_ten_percent_owner"": false, ""is_other"": false, ""officer_title"": null}, {""cik"": ""0001384859"", ""name"": ""Kolchinsky Peter"", ""is_director"": true, ""is_officer"": false, ""is_ten_percent_owner"": true, ""is_other"": false, ""officer_title"": null}, {""cik"": ""0001619841"", ""name"": ""Shah Rajeev M."", ""is_director"": true, ""is_officer"": false, ""is_ten_percent_owner"": true, ""is_other"": false, ""officer_title"": null}]",True,e7f32a650423b259f3b47c026ba2fba854aa89cf1fe83cebd3a0243f8e53a592,2026-07-22 20:55:48,"Kolchinsky Peter; RA CAPITAL MANAGEMENT, L.P.; RA Capital Healthcare Fund LP; RA Capital Nexus Fund III, L.P.; Shah Rajeev M.","Parabilis Medicines, Inc.",30.809999465942383,27032028.565662056,,0.0338265268468062,0.1114718422057137,,True,False,True,True,False,31.600000381469727,-0.0250000286705882,4.0,WATCH,"[""purchase value >= $100k ($914,400)"", ""purchase value / ADV60 >= 2% (3.4%)"", ""current price within 15% of insider VWAP (11.1%)""]","[""market cap unavailable""]"
2026-07-22 20:55:48,0001231919-26-000779,1883840,PBLS,False,1657677,"Parabilis Medicines, Inc.",PBLS,Voting Common Stock,2026-07-21,P,A,21696.0,27.96,606620.16,"[{""cik"": ""0001346824"", ""name"": ""RA CAPITAL MANAGEMENT, L.P."", ""is_director"": true, ""is_officer"": false, ""is_ten_percent_owner"": true, ""is_other"": false, ""officer_title"": null}, {""cik"": ""0001315082"", ""name"": ""RA Capital Healthcare Fund LP"", ""is_director"": true, ""is_officer"": false, ""is_ten_percent_owner"": true, ""is_other"": false, ""officer_title"": null}, {""cik"": ""0001883840"", ""name"": ""RA Capital Nexus Fund III, L.P."", ""is_director"": true, ""is_officer"": false, ""is_ten_percent_owner"": false, ""is_other"": false, ""officer_title"": null}, {""cik"": ""0001384859"", ""name"": ""Kolchinsky Peter"", ""is_director"": true, ""is_officer"": false, ""is_ten_percent_owner"": true, ""is_other"": false, ""officer_title"": null}, {""cik"": ""0001619841"", ""name"": ""Shah Rajeev M."", ""is_director"": true, ""is_officer"": false, ""is_ten_percent_owner"": true, ""is_other"": false, ""officer_title"": null}]",True,7400084c8b87d0a5217efba737564da1942da9a0760ce35379377f9e5df6b75b,2026-07-22 20:55:48,"Kolchinsky Peter; RA CAPITAL MANAGEMENT, L.P.; RA Capital Healthcare Fund LP; RA Capital Nexus Fund III, L.P.; Shah Rajeev M.","Parabilis Medicines, Inc.",30.809999465942383,27032028.565662056,,0.0224407930957342,0.1019313113713298,,True,False,True,True,False,31.600000381469727,-0.0250000286705882,4.0,WATCH,"[""purchase value >= $100k ($606,620)"", ""purchase value / ADV60 >= 2% (2.2%)"", ""current price within 15% of insider VWAP (10.2%)""]","[""market cap unavailable""]"
2026-07-22 20:55:48,0001231919-26-000779,1883840,PBLS,False,1657677,"Parabilis Medicines, Inc.",PBLS,Voting Common Stock,2026-07-21,P,A,6504.0,29.17,189721.68,"[{""cik"": ""0001346824"", ""name"": ""RA CAPITAL MANAGEMENT, L.P."", ""is_director"": true, ""is_officer"": false, ""is_ten_percent_owner"": true, ""is_other"": false, ""officer_title"": null}, {""cik"": ""0001315082"", ""name"": ""RA Capital Healthcare Fund LP"", ""is_director"": true, ""is_officer"": false, ""is_ten_percent_owner"": true, ""is_other"": false, ""officer_title"": null}, {""cik"": ""0001883840"", ""name"": ""RA Capital Nexus Fund III, L.P."", ""is_director"": true, ""is_officer"": false, ""is_ten_percent_owner"": false, ""is_other"": false, ""officer_title"": null}, {""cik"": ""0001384859"", ""name"": ""Kolchinsky Peter"", ""is_director"": true, ""is_officer"": false, ""is_ten_percent_owner"": true, ""is_other"": false, ""officer_title"": null}, {""cik"": ""0001619841"", ""name"": ""Shah Rajeev M."", ""is_director"": true, ""is_officer"": false, ""is_ten_percent_owner"": true, ""is_other"": false, ""officer_title"": null}]",True,ac49e8de86487475147c8d57ba121f5d0a7fa852f8c8b0275422bc131e0db93a,2026-07-22 20:55:48,"Kolchinsky Peter; RA CAPITAL MANAGEMENT, L.P.; RA Capital Healthcare Fund LP; RA Capital Nexus Fund III, L.P.; Shah Rajeev M.","Parabilis Medicines, Inc.",30.809999465942383,27032028.565662056,,0.007018403355825,0.056222127731998,,False,False,True,False,False,31.600000381469727,-0.0250000286705882,2.0,ARCHIVE,"[""purchase value >= $100k ($189,722)"", ""current price within 15% of insider VWAP (5.6%)""]","[""market cap unavailable""]"
2026-07-23 23:47:48,0001193125-26-314704,2146375,BRTMU,False,2131350,B&R Technology Merger Corp.,BRTMU,Class A Ordinary Shares,2026-07-22,P,A,687500.0,10.0,6875000.0,"[{""cik"": ""0002146375"", ""name"": ""B&R Technology Sponsor LLC (Cayman)"", ""is_director"": false, ""is_officer"": false, ""is_ten_percent_owner"": true, ""is_other"": false, ""officer_title"": null}, {""cik"": ""0001804143"", ""name"": ""Fletcher Steven C."", ""is_director"": true, ""is_officer"": true, ""is_ten_percent_owner"": true, ""is_other"": false, ""officer_title"": ""Chief Operating Officer""}]",True,3c802f3bc424f92bef570e1eda5d4b82d62a075eaf055cc4157576ecd570c5e8,2026-07-23 23:47:48,B&R Technology Sponsor LLC (Cayman); Fletcher Steven C.,B&R Technology Merger Corp.,9.949999809265137,47330528.67622789,,0.1452550857191887,-0.0050000190734863,,True,True,True,True,True,9.970000267028809,-0.0020060639145431,7.0,ALERT,"[""purchase value >= $2m ($6,875,000)"", ""purchase value / ADV60 >= 5% (14.5%)"", ""current price below insider VWAP (-0.5%)""]","[""market cap unavailable""]"
2026-07-23 22:25:55,0001437749-26-024350,1818749,BYRN,False,1354866,Byrna Technologies Inc.,BYRN,Common Stock,2026-07-22,P,A,29000.0,3.5271,102285.9,"[{""cik"": ""0001818749"", ""name"": ""Kennedy TJ"", ""is_director"": true, ""is_officer"": null, ""is_ten_percent_owner"": null, ""is_other"": true, ""officer_title"": null}]",True,4f232e1b4bcde3c7a85945fe5471064354de54af89388b690d1117eb5781b5e7,2026-07-23 22:25:55,Kennedy TJ,Byrna Technologies Inc.,3.369999885559082,3273082.51504852,,0.0312506328605295,-0.0445408733636465,,True,False,True,True,False,27.6299991607666,-0.8780311260253553,6.0,WATCH,"[""purchase value >= $100k ($102,286)"", ""purchase value / ADV60 >= 2% (3.1%)"", ""current price below insider VWAP (-4.5%)"", ""stock down at least 30% from 52w high (-87.8%)""]","[""market cap unavailable""]"
2026-07-23 20:22:26,0001437749-26-024324,1956423,RBKB,False,1751783,"Rhinebeck Bancorp, Inc.",RBKB,Common Stock,2026-07-22,P,A,25000.0,11.94,298500.0,"[{""cik"": ""0001956423"", ""name"": ""Patzwahl Nancy Koskey"", ""is_director"": true, ""is_officer"": null, ""is_ten_percent_owner"": null, ""is_other"": null, ""officer_title"": null}]",True,69df21192fa6333c39a387e6e37a1329cbeb7fc862ac5a9b9b088f00cc30d429,2026-07-23 20:22:26,Patzwahl Nancy Koskey,"Rhinebeck Bancorp, Inc.",12.350000381469728,754405.8289696375,,0.395675627808562,0.0343383904078498,,True,True,True,True,True,12.63421630859375,-0.0224957306557036,5.0,WATCH,"[""purchase value >= $100k ($298,500)"", ""purchase value / ADV60 >= 5% (39.6%)"", ""current price within 15% of insider VWAP (3.4%)""]","[""market cap unavailable""]"
2026-07-23 20:24:22,0001437749-26-024328,1751783,RBKB,False,1751783,"Rhinebeck Bancorp, Inc.",RBKB,Common Stock,2026-07-22,P,A,12000.0,11.93,143160.0,"[{""cik"": ""0001711664"", ""name"": ""Loughlin Suzanne"", ""is_director"": true, ""is_officer"": null, ""is_ten_percent_owner"": null, ""is_other"": null, ""officer_title"": null}]",True,a946d447816fd87d99e4cebdc1135e9373123471917538723aab3f9b73e9f86b,2026-07-23 20:24:22,Loughlin Suzanne,"Rhinebeck Bancorp, Inc.",12.350000381469728,754405.8289696375,,0.1897652357690912,0.0352053966026593,,True,True,True,True,True,12.63421630859375,-0.0224957306557036,5.0,WATCH,"[""purchase value >= $100k ($143,160)"", ""purchase value / ADV60 >= 5% (19.0%)"", ""current price within 15% of insider VWAP (3.5%)""]","[""market cap unavailable""]"
2026-07-23 20:21:33,0001437749-26-024321,2046008,RBKB,False,1751783,"Rhinebeck Bancorp, Inc.",RBKB,Common Stock,2026-07-22,P,A,10125.0,12.0,121500.0,"[{""cik"": ""0002046008"", ""name"": ""Smith Matthew James"", ""is_director"": true, ""is_officer"": true, ""is_ten_percent_owner"": null, ""is_other"": null, ""officer_title"": ""President & CEO""}]",True,d4e4265d9df1dc9aa641d68c448fd6eec4160221964651642562d27c0b2777c0,2026-07-23 20:21:33,Smith Matthew James,"Rhinebeck Bancorp, Inc.",12.350000381469728,754405.8289696375,,0.1610538987562488,0.0291666984558105,,True,True,True,True,True,12.63421630859375,-0.0224957306557036,5.0,WATCH,"[""purchase value >= $100k ($121,500)"", ""purchase value / ADV60 >= 5% (16.1%)"", ""current price within 15% of insider VWAP (2.9%)""]","[""market cap unavailable""]"
2026-07-25 01:01:08,0001493152-26-034654,1970632,GDTC,True,1873093,CytoMed Therapeutics Ltd,GDTC,ORDINARY SHARES OF CYTOMED THERAPEUTICS LIMITED,2026-07-14,P,A,100000.0,1.5,150000.0,"[{""cik"": ""0001970632"", ""name"": ""Choo Chee Kong"", ""is_director"": true, ""is_officer"": false, ""is_ten_percent_owner"": true, ""is_other"": false, ""officer_title"": null}]",True,6076d7d7961f15a7eb7785d42c943be99936d8a1b7a218dd2eb1ee89188c9d80,2026-07-25 01:01:08,Choo Chee Kong,CytoMed Therapeutics Ltd,0.8799999952316284,20417.769502179097,,7.346541941517715,-0.4133333365122477,,True,True,True,True,True,2.690000057220459,-0.6728624622629485,7.0,ALERT,"[""purchase value >= $100k ($150,000)"", ""purchase value / ADV60 >= 5% (734.7%)"", ""current price below insider VWAP (-41.3%)"", ""stock down at least 30% from 52w high (-67.3%)""]","[""market cap unavailable""]"
2026-07-25 01:01:08,0001493152-26-034654,1970632,GDTC,True,1873093,CytoMed Therapeutics Ltd,GDTC,ORDINARY SHARES OF CYTOMED THERAPEUTICS LIMITED,2026-07-20,P,A,100000.0,1.5,150000.0,"[{""cik"": ""0001970632"", ""name"": ""Choo Chee Kong"", ""is_director"": true, ""is_officer"": false, ""is_ten_percent_owner"": true, ""is_other"": false, ""officer_title"": null}]",True,a82192a29030735e7730578c37ec729443aac788ff040942dad8a94119aa9c76,2026-07-25 01:01:08,Choo Chee Kong,CytoMed Therapeutics Ltd,0.8799999952316284,20417.769502179097,,7.346541941517715,-0.4133333365122477,,True,True,True,True,True,2.690000057220459,-0.6728624622629485,7.0,ALERT,"[""purchase value >= $100k ($150,000)"", ""purchase value / ADV60 >= 5% (734.7%)"", ""current price below insider VWAP (-41.3%)"", ""stock down at least 30% from 52w high (-67.3%)""]","[""market cap unavailable""]"
2026-07-24 20:34:00,0001628280-26-049623,1855823,FSBC,False,1275168,FIVE STAR BANCORP,FSBC,Common Stock,2026-07-22,P,A,90909.0,44.0,3999996.0,"[{""cik"": ""0001855823"", ""name"": ""Allbaugh Larry Eugene"", ""is_director"": true, ""is_officer"": false, ""is_ten_percent_owner"": true, ""is_other"": false, ""officer_title"": null}]",True,9acd157a4c1ef689f7320bed6f2b0657ce563c3e45e9d76015e5e05a3cb7ebe7,2026-07-24 20:34:00,Allbaugh Larry Eugene,FIVE STAR BANCORP,47.34999847412109,6754413.518511239,,0.5922047841811219,0.0761363289572976,,True,True,True,True,True,49.68000030517578,-0.0469001975994742,7.0,ALERT,"[""purchase value >= $2m ($3,999,996)"", ""purchase value / ADV60 >= 5% (59.2%)"", ""current price within 15% of insider VWAP (7.6%)""]","[""market cap unavailable""]"
2026-07-24 20:27:59,0001437749-26-024417,1243628,CAPS,False,887151,Capstone Holding Corp.,CAPS,Common Stock,2025-03-07,P,A,41750.0,4.0,167000.0,"[{""cik"": ""0001243628"", ""name"": ""TOPOREK MICHAEL"", ""is_director"": true, ""is_officer"": null, ""is_ten_percent_owner"": null, ""is_other"": null, ""officer_title"": null}]",True,0c06c567f05d8f16c46407cbe1b422a2abfe937028880d7f65abafbee3b488af,2026-07-24 20:27:59,TOPOREK MICHAEL,Capstone Holding Corp.,0.2399999946355819,971359.5113461048,,0.1719239869989766,-0.9400000013411044,,True,True,True,True,True,1.7799999713897705,-0.8651685401723928,7.0,ALERT,"[""purchase value >= $100k ($167,000)"", ""purchase value / ADV60 >= 5% (17.2%)"", ""current price below insider VWAP (-94.0%)"", ""stock down at least 30% from 52w high (-86.5%)""]","[""market cap unavailable""]"
2026-07-24 20:33:37,0001628280-26-049621,1857888,FSBC,False,1275168,FIVE STAR BANCORP,FSBC,Common Stock,2026-07-22,P,A,31363.0,44.0,1379972.0,"[{""cik"": ""0001857888"", ""name"": ""Perry-Smith Robert Truxtun"", ""is_director"": true, ""is_officer"": false, ""is_ten_percent_owner"": false, ""is_other"": false, ""officer_title"": null}]",True,aa7fb3e814ae770bbc0b8d607de4e28324ad510d35911990ad24aee5a4d3b3f6,2026-07-24 20:33:37,Perry-Smith Robert Truxtun,FIVE STAR BANCORP,47.34999847412109,6754413.518511239,,0.2043067094157072,0.0761363289572976,,True,True,True,True,True,49.68000030517578,-0.0469001975994742,6.0,WATCH,"[""purchase value >= $1m ($1,379,972)"", ""purchase value / ADV60 >= 5% (20.4%)"", ""current price within 15% of insider VWAP (7.6%)""]","[""market cap unavailable""]"
2026-07-24 20:34:00,0001628280-26-049623,1855823,FSBC,False,1275168,FIVE STAR BANCORP,FSBC,Common Stock,2026-07-22,P,A,5682.0,44.0,250008.0,"[{""cik"": ""0001855823"", ""name"": ""Allbaugh Larry Eugene"", ""is_director"": true, ""is_officer"": false, ""is_ten_percent_owner"": true, ""is_other"": false, ""officer_title"": null}]",True,7246125f1c7cc059ea4b9c10ea2e60b357b549ebe4973a028cf84165ca953b93,2026-07-24 20:34:00,Allbaugh Larry Eugene,FIVE STAR BANCORP,47.34999847412109,6754413.518511239,,0.0370140204349089,0.0761363289572976,,True,False,True,True,False,49.68000030517578,-0.0469001975994742,4.0,WATCH,"[""purchase value >= $100k ($250,008)"", ""purchase value / ADV60 >= 2% (3.7%)"", ""current price within 15% of insider VWAP (7.6%)""]","[""market cap unavailable""]"
2026-07-24 20:32:46,0001628280-26-049619,1856591,FSBC,False,1275168,FIVE STAR BANCORP,FSBC,Common Stock,2026-07-22,P,A,5682.0,44.0,250008.0,"[{""cik"": ""0001856591"", ""name"": ""Deary-Bell Shannon"", ""is_director"": true, ""is_officer"": false, ""is_ten_percent_owner"": false, ""is_other"": false, ""officer_title"": null}]",True,f41088ce449bb664e812a5d8c17bc9d6d77c07b8ca188bed620bcd6bdca574fd,2026-07-24 20:32:46,Deary-Bell Shannon,FIVE STAR BANCORP,47.34999847412109,6754413.518511239,,0.0370140204349089,0.0761363289572976,,True,False,True,True,False,49.68000030517578,-0.0469001975994742,4.0,WATCH,"[""purchase value >= $100k ($250,008)"", ""purchase value / ADV60 >= 2% (3.7%)"", ""current price within 15% of insider VWAP (7.6%)""]","[""market cap unavailable""]"
2026-07-24 20:31:02,0001628280-26-049615,1857824,FSBC,False,1275168,FIVE STAR BANCORP,FSBC,Common Stock,2026-07-22,P,A,5682.0,44.0,250008.0,"[{""cik"": ""0001857824"", ""name"": ""Ramos Kevin Francis"", ""is_director"": true, ""is_officer"": false, ""is_ten_percent_owner"": false, ""is_other"": false, ""officer_title"": null}]",True,9993d3acc37b5047d022b4ffe4620efa6113cab9640266d91458ab5329780e42,2026-07-24 20:31:02,Ramos Kevin Francis,FIVE STAR BANCORP,47.34999847412109,6754413.518511239,,0.0370140204349089,0.0761363289572976,,True,False,True,True,False,49.68000030517578,-0.0469001975994742,4.0,WATCH,"[""purchase value >= $100k ($250,008)"", ""purchase value / ADV60 >= 2% (3.7%)"", ""current price within 15% of insider VWAP (7.6%)""]","[""market cap unavailable""]"
2026-07-24 20:07:02,0002129863-26-000008,2129863,VMI,False,102729,VALMONT INDUSTRIES INC,VMI,Common Stock,2026-07-23,P,A,208.0,486.145,101118.16,"[{""cik"": ""0002129863"", ""name"": ""Schwietz John L"", ""is_director"": false, ""is_officer"": true, ""is_ten_percent_owner"": false, ""is_other"": false, ""officer_title"": ""Executive VP and CFO""}]",True,0fc74f8a538fdc0e8dd1cda692df43f4654217dde178247c8d069aea6ff0fb6c,2026-07-24 20:07:02,Schwietz John L,VALMONT INDUSTRIES INC,488.6000061035156,122474538.32759534,,0.0008256259740251,0.0050499462166959,,False,False,True,False,False,582.7799682617188,-0.161604666061391,3.0,ARCHIVE,"[""purchase value >= $100k ($101,118)"", ""current price within 15% of insider VWAP (0.5%)"", ""stock down at least 15% from 52w high (-16.2%)""]","[""market cap unavailable""]"
2026-07-24 20:31:50,0001628280-26-049616,1857828,FSBC,False,1275168,FIVE STAR BANCORP,FSBC,Common Stock,2026-07-22,P,A,2273.0,44.0,100012.0,"[{""cik"": ""0001857828"", ""name"": ""Riggs Judson Teichert"", ""is_director"": true, ""is_officer"": false, ""is_ten_percent_owner"": false, ""is_other"": false, ""officer_title"": null}]",True,35ee62ff84255fb3f6f8426366072d3b534075a8c72ab3c7b898a1cba1ccb0ec,2026-07-24 20:31:50,Riggs Judson Teichert,FIVE STAR BANCORP,47.34999847412109,6754413.518511239,,0.0148069110257916,0.0761363289572976,,False,False,True,False,False,49.68000030517578,-0.0469001975994742,2.0,ARCHIVE,"[""purchase value >= $100k ($100,012)"", ""current price within 15% of insider VWAP (7.6%)""]","[""market cap unavailable""]"
2026-07-28 21:24:04,0001231919-26-000808,1883840,ARTV,False,1817241,"Artiva Biotherapeutics, Inc.",ARTV,Common Stock,2026-07-24,P,A,41319.0,9.99,412776.81,"[{""cik"": ""0001346824"", ""name"": ""RA CAPITAL MANAGEMENT, L.P."", ""is_director"": true, ""is_officer"": false, ""is_ten_percent_owner"": true, ""is_other"": false, ""officer_title"": null}, {""cik"": ""0001315082"", ""name"": ""RA Capital Healthcare Fund LP"", ""is_director"": true, ""is_officer"": false, ""is_ten_percent_owner"": true, ""is_other"": false, ""officer_title"": null}, {""cik"": ""0001780117"", ""name"": ""RA Capital Nexus Fund, L.P."", ""is_director"": true, ""is_officer"": false, ""is_ten_percent_owner"": false, ""is_other"": false, ""officer_title"": null}, {""cik"": ""0001883840"", ""name"": ""RA Capital Nexus Fund III, L.P."", ""is_director"": true, ""is_officer"": false, ""is_ten_percent_owner"": false, ""is_other"": false, ""officer_title"": null}, {""cik"": ""0001384859"", ""name"": ""Kolchinsky Peter"", ""is_director"": true, ""is_officer"": false, ""is_ten_percent_owner"": true, ""is_other"": false, ""officer_title"": null}, {""cik"": ""0001619841"", ""name"": ""Shah Rajeev M."", ""is_director"": true, ""is_officer"": false, ""is_ten_percent_owner"": true, ""is_other"": false, ""officer_title"": null}]",True,1ac0706331e309e45896dd5c10d3add0c495816bedcbaf7634195df9a0001c4f,2026-07-28 21:24:04,"Kolchinsky Peter; RA CAPITAL MANAGEMENT, L.P.; RA Capital Healthcare Fund LP; RA Capital Nexus Fund III, L.P.; RA Capital Nexus Fund, L.P.; Shah Rajeev M.","Artiva Biotherapeutics, Inc.",10.529999732971191,5711905.6144651575,,0.0722660418188039,0.0540540273244436,,True,True,True,True,True,13.390000343322754,-0.2135922731157935,6.0,WATCH,"[""purchase value >= $100k ($412,777)"", ""purchase value / ADV60 >= 5% (7.2%)"", ""current price within 15% of insider VWAP (5.4%)"", ""stock down at least 15% from 52w high (-21.4%)""]","[""market cap unavailable""]"
2026-07-28 23:29:49,0001628280-26-050285,1646972,ACI,False,1646972,"Albertsons Companies, Inc.",ACI,"Class A common stock, par value $0.01",2026-07-27,P,A,170500.0,11.509,1962284.5,"[{""cik"": ""0001412221"", ""name"": ""Moriarty Thomas M"", ""is_director"": false, ""is_officer"": true, ""is_ten_percent_owner"": false, ""is_other"": false, ""officer_title"": ""EVP, M&A and Corporate Affairs""}]",True,f9f244c17d474d165d9bac62983139202c43d26ff3cc39c689d24a987a251b6e,2026-07-28 23:29:49,Moriarty Thomas M,"Albertsons Companies, Inc.",11.579999923706056,115046491.36210394,,0.0170564480217288,0.0061690784347949,,False,False,True,True,False,19.0485954284668,-0.3920811659215276,5.0,WATCH,"[""purchase value >= $1m ($1,962,284)"", ""current price within 15% of insider VWAP (0.6%)"", ""stock down at least 30% from 52w high (-39.2%)""]","[""market cap unavailable""]"
2026-07-28 21:05:55,0000354647-26-000110,1558716,CVBF,False,354647,CVB FINANCIAL CORP,CVBF,Common Stock,2026-07-28,P,A,20000.0,22.765,455300.0,"[{""cik"": ""0001558716"", ""name"": ""O Brien Raymond V III"", ""is_director"": true, ""is_officer"": null, ""is_ten_percent_owner"": null, ""is_other"": null, ""officer_title"": null}]",True,caff7bd7773e8bdad2e8103813c01143304e54b633f33c9d06d448881b484bb3,2026-07-28 21:05:55,O Brien Raymond V III,CVB FINANCIAL CORP,22.799999237060547,34294377.97849076,,0.013276228549343,0.0015374143228881,,False,False,True,False,False,23.299999237060547,-0.021459228170476,2.0,ARCHIVE,"[""purchase value >= $100k ($455,300)"", ""current price within 15% of insider VWAP (0.2%)""]","[""market cap unavailable""]"
2026-07-28 21:53:06,0001628280-26-050262,2093017,,False,2035713,"Crestline Lending Solutions, LLC",,Limited Liability Company Units,2026-07-24,P,A,10190.823,19.63,200045.85549,"[{""cik"": ""0002093017"", ""name"": ""Bavin Tom"", ""is_director"": false, ""is_officer"": true, ""is_ten_percent_owner"": false, ""is_other"": false, ""officer_title"": ""Chief Development Officer""}]",True,389bab9ff730ccca10fa88914f29ff0389118a1de81485a3c7807177636b2e7f,2026-07-28 21:53:06,Bavin Tom,"Crestline Lending Solutions, LLC",,,,,,,False,False,False,False,False,,,-1.0,ARCHIVE,"[""purchase value >= $100k ($200,046)""]","[""ADV60 unavailable"", ""latest price or insider VWAP unavailable; price gate cannot be verified"", ""52w drawdown unavailable"", ""market cap unavailable""]"
2026-07-29 20:39:00,0001213900-26-082849,1834688,BWMX,False,1788257,"BETTERWARE DE MEXICO, S.A.P.I. DE C.V",BWMX,Ordinary Shares,2026-07-27,P,A,46830.0,16.41,768480.3,"[{""cik"": ""0001834688"", ""name"": ""Campos Luis"", ""is_director"": true, ""is_officer"": false, ""is_ten_percent_owner"": true, ""is_other"": true, ""officer_title"": null}]",True,659ed89af29cb80811c061a3984f97045ebddd38b6235891c0085c9c61f0810f,2026-07-29 20:39:00,Campos Luis,"BETTERWARE DE MEXICO, S.A.P.I. DE C.V",16.979999542236328,1308696.1549250286,,0.587210634881115,0.03473488983768,,True,True,True,True,True,18.850000381469727,-0.0992042865458867,5.0,WATCH,"[""purchase value >= $100k ($768,480)"", ""purchase value / ADV60 >= 5% (58.7%)"", ""current price within 15% of insider VWAP (3.5%)""]","[""market cap unavailable""]"
2026-07-29 22:50:42,0000947871-26-000734,1853921,SCTX,False,1853921,"Scribe Therapeutics, Inc.",SCTX,Common Stock,2026-07-27,P,A,1000000.0,15.0,15000000.0,"[{""cik"": ""0001282930"", ""name"": ""GORDON CARL L"", ""is_director"": true, ""is_officer"": false, ""is_ten_percent_owner"": false, ""is_other"": false, ""officer_title"": null}]",True,7b42e807c0600d04bf1253041901d566893dc92ace266e24f5f69ffa12dc74f9,2026-07-29 22:50:42,GORDON CARL L,"Scribe Therapeutics, Inc.",18.36000061035156,10775537.375875471,,1.392041944337955,0.2240000406901041,,True,True,False,False,False,21.64999961853028,-0.1519630053648035,4.0,WATCH,"[""purchase value >= $2m ($15,000,000)"", ""purchase value / ADV60 >= 5% (139.2%)"", ""stock down at least 15% from 52w high (-15.2%)""]","[""current price more than 15% above insider VWAP (22.4%)"", ""market cap unavailable""]"
2026-07-29 22:47:29,0000947871-26-000733,1853921,SCTX,False,1853921,"Scribe Therapeutics, Inc.",SCTX,Common Stock,2026-07-27,P,A,1000000.0,15.0,15000000.0,"[{""cik"": ""0001055951"", ""name"": ""ORBIMED ADVISORS LLC"", ""is_director"": true, ""is_officer"": false, ""is_ten_percent_owner"": false, ""is_other"": false, ""officer_title"": null}, {""cik"": ""0001845804"", ""name"": ""OrbiMed Capital GP VIII LLC"", ""is_director"": true, ""is_officer"": false, ""is_ten_percent_owner"": false, ""is_other"": false, ""officer_title"": null}]",True,0080fe8dfbb6d5f7f55b4d2339b1aa27dc25431939226df445269080835a08ba,2026-07-29 22:47:29,ORBIMED ADVISORS LLC; OrbiMed Capital GP VIII LLC,"Scribe Therapeutics, Inc.",18.36000061035156,10775537.375875471,,1.392041944337955,0.2240000406901041,,True,True,False,False,False,21.64999961853028,-0.1519630053648035,4.0,WATCH,"[""purchase value >= $2m ($15,000,000)"", ""purchase value / ADV60 >= 5% (139.2%)"", ""stock down at least 15% from 52w high (-15.2%)""]","[""current price more than 15% above insider VWAP (22.4%)"", ""market cap unavailable""]"
2026-07-30 21:04:06,0001628280-26-051130,1694028,LBRT,False,1694028,Liberty Energy Inc.,LBRT,Class A Common Stock,2026-07-28,P,A,14053.317,17.79,250008.50943,"[{""cik"": ""0001630788"", ""name"": ""Murti Arjun N"", ""is_director"": true, ""is_officer"": false, ""is_ten_percent_owner"": false, ""is_other"": false, ""officer_title"": null}]",True,dfc6e3120706d55f28129dbd34d2e27e672a2e4eed69065771a84326b0b1a821,2026-07-30 21:04:06,Murti Arjun N,Liberty Energy Inc.,17.950000762939453,107284136.050018,,0.0023303399611051,0.0089938596368439,,False,False,True,False,False,33.83168411254883,-0.4694322427690955,4.0,WATCH,"[""purchase value >= $100k ($250,009)"", ""current price within 15% of insider VWAP (0.9%)"", ""stock down at least 30% from 52w high (-46.9%)""]","[""market cap unavailable""]"
2026-07-31 22:55:38,0001493152-26-035702,2075668,XAIR,False,1641631,"Beyond Air, Inc.",XAIR,Common Stock,2026-07-29,P,A,34722.0,5.76,199998.72,"[{""cik"": ""0002075668"", ""name"": ""Goodman Robert Scott"", ""is_director"": true, ""is_officer"": true, ""is_ten_percent_owner"": false, ""is_other"": false, ""officer_title"": ""Chief Executive Officer""}]",True,7d9d3e95954aaedf3662923e5dbcffcadace2353834a2d78b41c8b6ab0dd4e60,2026-07-31 22:55:38,Goodman Robert Scott,"Beyond Air, Inc.",5.275000095367432,126473.0324403445,,1.581354666215792,-0.084201372332043,,True,True,True,True,True,66.19999694824219,-0.9203172154299096,7.0,ALERT,"[""purchase value >= $100k ($199,999)"", ""purchase value / ADV60 >= 5% (158.1%)"", ""current price below insider VWAP (-8.4%)"", ""stock down at least 30% from 52w high (-92.0%)""]","[""market cap unavailable""]"
2026-07-31 21:13:03,0001231919-26-000817,1883840,ARTV,False,1817241,"Artiva Biotherapeutics, Inc.",ARTV,Common Stock,2026-07-31,P,A,24944.0,9.93,247693.92,"[{""cik"": ""0001346824"", ""name"": ""RA CAPITAL MANAGEMENT, L.P."", ""is_director"": true, ""is_officer"": false, ""is_ten_percent_owner"": true, ""is_other"": false, ""officer_title"": null}, {""cik"": ""0001315082"", ""name"": ""RA Capital Healthcare Fund LP"", ""is_director"": true, ""is_officer"": false, ""is_ten_percent_owner"": true, ""is_other"": false, ""officer_title"": null}, {""cik"": ""0001780117"", ""name"": ""RA Capital Nexus Fund, L.P."", ""is_director"": true, ""is_officer"": false, ""is_ten_percent_owner"": false, ""is_other"": false, ""officer_title"": null}, {""cik"": ""0001883840"", ""name"": ""RA Capital Nexus Fund III, L.P."", ""is_director"": true, ""is_officer"": false, ""is_ten_percent_owner"": false, ""is_other"": false, ""officer_title"": null}, {""cik"": ""0001384859"", ""name"": ""Kolchinsky Peter"", ""is_director"": true, ""is_officer"": false, ""is_ten_percent_owner"": true, ""is_other"": false, ""officer_title"": null}, {""cik"": ""0001619841"", ""name"": ""Shah Rajeev M."", ""is_director"": true, ""is_officer"": false, ""is_ten_percent_owner"": true, ""is_other"": false, ""officer_title"": null}]",True,457babd420236ede56105e4a45f37e2e71b0799a43830401c0e5e59da994edc1,2026-07-31 21:13:03,"Kolchinsky Peter; RA CAPITAL MANAGEMENT, L.P.; RA Capital Healthcare Fund LP; RA Capital Nexus Fund III, L.P.; RA Capital Nexus Fund, L.P.; Shah Rajeev M.","Artiva Biotherapeutics, Inc.",10.100000381469728,5795785.358900229,,0.0427369035707355,0.0171198772879885,,True,False,True,True,False,13.390000343322754,-0.2457057414112513,5.0,WATCH,"[""purchase value >= $100k ($247,694)"", ""purchase value / ADV60 >= 2% (4.3%)"", ""current price within 15% of insider VWAP (1.7%)"", ""stock down at least 15% from 52w high (-24.6%)""]","[""market cap unavailable""]"
2026-07-31 21:13:03,0001231919-26-000817,1883840,ARTV,False,1817241,"Artiva Biotherapeutics, Inc.",ARTV,Common Stock,2026-07-29,P,A,20824.0,9.99,208031.76,"[{""cik"": ""0001346824"", ""name"": ""RA CAPITAL MANAGEMENT, L.P."", ""is_director"": true, ""is_officer"": false, ""is_ten_percent_owner"": true, ""is_other"": false, ""officer_title"": null}, {""cik"": ""0001315082"", ""name"": ""RA Capital Healthcare Fund LP"", ""is_director"": true, ""is_officer"": false, ""is_ten_percent_owner"": true, ""is_other"": false, ""officer_title"": null}, {""cik"": ""0001780117"", ""name"": ""RA Capital Nexus Fund, L.P."", ""is_director"": true, ""is_officer"": false, ""is_ten_percent_owner"": false, ""is_other"": false, ""officer_title"": null}, {""cik"": ""0001883840"", ""name"": ""RA Capital Nexus Fund III, L.P."", ""is_director"": true, ""is_officer"": false, ""is_ten_percent_owner"": false, ""is_other"": false, ""officer_title"": null}, {""cik"": ""0001384859"", ""name"": ""Kolchinsky Peter"", ""is_director"": true, ""is_officer"": false, ""is_ten_percent_owner"": true, ""is_other"": false, ""officer_title"": null}, {""cik"": ""0001619841"", ""name"": ""Shah Rajeev M."", ""is_director"": true, ""is_officer"": false, ""is_ten_percent_owner"": true, ""is_other"": false, ""officer_title"": null}]",True,870c718adc633d19628815b2d27edef464ac3269b4ba9485135c90c0f781aa53,2026-07-31 21:13:03,"Kolchinsky Peter; RA CAPITAL MANAGEMENT, L.P.; RA Capital Healthcare Fund LP; RA Capital Nexus Fund III, L.P.; RA Capital Nexus Fund, L.P.; Shah Rajeev M.","Artiva Biotherapeutics, Inc.",10.100000381469728,5795785.358900229,,0.0358936273719209,0.0110110491961687,,True,False,True,True,False,13.390000343322754,-0.2457057414112513,5.0,WATCH,"[""purchase value >= $100k ($208,032)"", ""purchase value / ADV60 >= 2% (3.6%)"", ""current price within 15% of insider VWAP (1.1%)"", ""stock down at least 15% from 52w high (-24.6%)""]","[""market cap unavailable""]"
2026-07-31 20:42:12,0000874015-26-000254,1352908,IONS,False,874015,IONIS PHARMACEUTICALS INC,IONS,Common Stock,2026-07-30,P,A,15000.0,53.38,800700.0,"[{""cik"": ""0001352908"", ""name"": ""Hayden Michael R"", ""is_director"": true, ""is_officer"": false, ""is_ten_percent_owner"": false, ""is_other"": false, ""officer_title"": null}]",True,4417c57927cd94bf060e58d95ded249105179927bb3027d48ed17a2214b82262,2026-07-31 20:42:12,Hayden Michael R,IONIS PHARMACEUTICALS INC,51.77000045776367,187898356.0608928,,0.0042613464895909,-0.0301611004540339,,False,False,True,False,False,86.5,-0.4015028848813448,4.0,WATCH,"[""purchase value >= $100k ($800,700)"", ""current price below insider VWAP (-3.0%)"", ""stock down at least 30% from 52w high (-40.2%)""]","[""market cap unavailable""]"
2026-07-31 20:42:12,0000874015-26-000254,1352908,IONS,False,874015,IONIS PHARMACEUTICALS INC,IONS,Common Stock,2026-07-31,P,A,5000.0,51.6,258000.0,"[{""cik"": ""0001352908"", ""name"": ""Hayden Michael R"", ""is_director"": true, ""is_officer"": false, ""is_ten_percent_owner"": false, ""is_other"": false, ""officer_title"": null}]",True,e73a43d73c97d45db5bd3e1f2b59a37f88886917369a7b429c8b59466352bad2,2026-07-31 20:42:12,Hayden Michael R,IONIS PHARMACEUTICALS INC,51.77000045776367,187898356.0608928,,0.001373082795447,0.0032945825147998,,False,False,True,False,False,86.5,-0.4015028848813448,4.0,WATCH,"[""purchase value >= $100k ($258,000)"", ""current price within 15% of insider VWAP (0.3%)"", ""stock down at least 30% from 52w high (-40.2%)""]","[""market cap unavailable""]"
2026-07-31 21:05:37,0001193125-26-328828,2082836,NONE,False,2067955,Diameter Dynamic Credit Fund,NONE,Class I Common Shares,2026-07-29,P,A,124501.992,10.04,1249999.99968,"[{""cik"": ""0002082836"", ""name"": ""Green Joshua Michael"", ""is_director"": true, ""is_officer"": false, ""is_ten_percent_owner"": false, ""is_other"": false, ""officer_title"": null}]",True,2d2138edcc6c854efa8495afddf654dbdfbe24a3ca7a9c2970bd42f3a31ae53f,2026-07-31 21:05:37,Green Joshua Michael,Diameter Dynamic Credit Fund,,,,,,,False,False,False,False,False,,,0.0,ARCHIVE,"[""purchase value >= $1m ($1,250,000)""]","[""ADV60 unavailable"", ""latest price or insider VWAP unavailable; price gate cannot be verified"", ""52w drawdown unavailable"", ""market cap unavailable""]"
2026-08-03 22:42:18,0001225208-26-006898,1828588,HNVR,False,1828588,"Hanover Bancorp, Inc. /MD",HNVR,Common Stock,2026-07-30,P,A,10000.0,26.88,268800.0,"[{""cik"": ""0001414859"", ""name"": ""O'Connor Kevin M"", ""is_director"": null, ""is_officer"": true, ""is_ten_percent_owner"": null, ""is_other"": null, ""officer_title"": ""President""}]",True,02a751a03e32a290e9df9b2e1dadf0d7e7d35d0fe75e8f601f9026e657af30de,2026-08-03 22:42:18,O'Connor Kevin M,"Hanover Bancorp, Inc. /MD",26.40999984741211,1537345.596277237,,0.1748468273177568,-0.0174851247242519,,True,True,True,True,True,26.8799991607666,-0.0174850940486818,5.0,WATCH,"[""purchase value >= $100k ($268,800)"", ""purchase value / ADV60 >= 5% (17.5%)"", ""current price below insider VWAP (-1.7%)""]","[""market cap unavailable""]"
2026-08-03 15:40:58,0001437749-26-025356,1730984,BCML,False,1730984,BayCom Corp,BCML,Common Stock,2026-07-31,P,A,5000.0,30.17,150850.0,"[{""cik"": ""0001188428"", ""name"": ""PERDUE MICHAEL J"", ""is_director"": true, ""is_officer"": null, ""is_ten_percent_owner"": null, ""is_other"": null, ""officer_title"": null}]",True,cc00c2a8486b8e6c526afd4edec32e4e18e4acd4c5563c678c027798a48e8382,2026-08-03 15:40:58,PERDUE MICHAEL J,BayCom Corp,30.5,2329700.645605596,,0.0647508083429264,0.0109380178985747,,True,True,True,True,True,34.790000915527344,-0.1233113194203063,5.0,WATCH,"[""purchase value >= $100k ($150,850)"", ""purchase value / ADV60 >= 5% (6.5%)"", ""current price within 15% of insider VWAP (1.1%)""]","[""market cap unavailable""]"
2026-08-03 20:29:44,0001225208-26-006882,1221783,BSX,False,885725,BOSTON SCIENTIFIC CORP,BSX,Common Stock,2026-07-31,P,A,5000.0,45.4799,227399.5,"[{""cik"": ""0001221783"", ""name"": ""LUDWIG EDWARD J"", ""is_director"": true, ""is_officer"": null, ""is_ten_percent_owner"": null, ""is_other"": null, ""officer_title"": null}]",True,f810bcd9db1398a51b749038cb81291efcf6381d6c653c8a8e5a421d989178a6,2026-08-03 20:29:44,LUDWIG EDWARD J,BOSTON SCIENTIFIC CORP,48.43000030517578,1008342526.894656,,0.0002255181091095,0.0648660244454315,,False,False,True,False,False,108.13999938964844,-0.5521546090390335,4.0,WATCH,"[""purchase value >= $100k ($227,400)"", ""current price within 15% of insider VWAP (6.5%)"", ""stock down at least 30% from 52w high (-55.2%)""]","[""market cap unavailable""]"
2026-08-03 21:06:23,0002133000-26-000007,2133000,EQBK,False,1227500,EQUITY BANCSHARES INC,EQBK,Class A Common Stock,2026-07-31,P,A,2000.0,50.25,100500.0,"[{""cik"": ""0002133000"", ""name"": ""Rogerson Donald Scott"", ""is_director"": true, ""is_officer"": false, ""is_ten_percent_owner"": false, ""is_other"": false, ""officer_title"": null}]",True,4fc85501dad83bbe3d72d52a7f44e7ab797d8348aef3ca09ca3cbc4faa62c99d,2026-08-03 21:06:23,Rogerson Donald Scott,EQUITY BANCSHARES INC,51.0,6166019.133457184,,0.0162990087809947,0.0149253731343284,,False,False,True,False,False,51.5,-0.0097087378640776,2.0,ARCHIVE,"[""purchase value >= $100k ($100,500)"", ""current price within 15% of insider VWAP (1.5%)""]","[""market cap unavailable""]"
2026-08-04 23:54:53,0001193125-26-333412,2146757,BRTMU,True,2131350,B&R Technology Merger Corp.,BRTMU,Class A Ordinary Shares,2026-07-22,P,A,687500.0,10.0,6875000.0,"[{""cik"": ""0002146375"", ""name"": ""B&R Technology Sponsor LLC (Cayman)"", ""is_director"": false, ""is_officer"": false, ""is_ten_percent_owner"": true, ""is_other"": false, ""officer_title"": null}, {""cik"": ""0001804143"", ""name"": ""Fletcher Steven C."", ""is_director"": true, ""is_officer"": true, ""is_ten_percent_owner"": true, ""is_other"": false, ""officer_title"": ""Chief Operating Officer""}, {""cik"": ""0002146757"", ""name"": ""Authentic Founders LLC"", ""is_director"": false, ""is_officer"": false, ""is_ten_percent_owner"": true, ""is_other"": false, ""officer_title"": null}, {""cik"": ""0002146756"", ""name"": ""Authentic Holdings LLC"", ""is_director"": false, ""is_officer"": false, ""is_ten_percent_owner"": true, ""is_other"": false, ""officer_title"": null}, {""cik"": ""0001181223"", ""name"": ""VIEUX ALEX"", ""is_director"": false, ""is_officer"": false, ""is_ten_percent_owner"": true, ""is_other"": false, ""officer_title"": null}]",True,f666adbf733986443cb98781e9ccd06a7d760b6bd30346da0cf096d128b7fffc,2026-08-04 23:54:53,Authentic Founders LLC; Authentic Holdings LLC; B&R Technology Sponsor LLC (Cayman); Fletcher Steven C.; VIEUX ALEX,B&R Technology Merger Corp.,9.960000038146973,15067500.937135696,,0.4562800446260947,-0.0039999961853027,,True,True,True,True,True,9.970000267028809,-0.0010030319572715,7.0,ALERT,"[""purchase value >= $2m ($6,875,000)"", ""purchase value / ADV60 >= 5% (45.6%)"", ""current price below insider VWAP (-0.4%)""]","[""market cap unavailable""]"
2026-08-05 22:21:59,0001213900-26-085827,2124749,XIIIU,False,2114229,Churchill Capital Corp XIII,XIIIU,Class A Ordinary Shares,2026-08-03,P,A,350000.0,10.0,3500000.0,"[{""cik"": ""0001327392"", ""name"": ""Klein Michael Stuart"", ""is_director"": true, ""is_officer"": true, ""is_ten_percent_owner"": true, ""is_other"": false, ""officer_title"": ""See Remarks""}, {""cik"": ""0001751504"", ""name"": ""M. Klein Associates, Inc."", ""is_director"": false, ""is_officer"": false, ""is_ten_percent_owner"": true, ""is_other"": false, ""officer_title"": null}, {""cik"": ""0002124749"", ""name"": ""CHURCHILL SPONSOR XIII LLC"", ""is_director"": false, ""is_officer"": false, ""is_ten_percent_owner"": true, ""is_other"": false, ""officer_title"": null}]",True,ebbb89b85ae852f572b6c840f6bcf80155e974e01072d20ace58d0b19a6881cb,2026-08-05 22:21:59,"CHURCHILL SPONSOR XIII LLC; Klein Michael Stuart; M. Klein Associates, Inc.",Churchill Capital Corp XIII,10.449999809265137,21504982.80643725,,0.162752978298235,0.0449999809265135,,True,True,True,True,True,10.5,-0.0047619229271298,7.0,ALERT,"[""purchase value >= $2m ($3,500,000)"", ""purchase value / ADV60 >= 5% (16.3%)"", ""current price within 15% of insider VWAP (4.5%)""]","[""market cap unavailable""]"
2026-08-05 21:11:29,0001193125-26-335471,1791145,GBFH,False,1791145,GBank Financial Holdings Inc.,GBFH,Common Stock,2026-08-03,P,A,12889.0,21.7545,280393.7505,"[{""cik"": ""0001598684"", ""name"": ""NEWGARD JEFFREY K"", ""is_director"": false, ""is_officer"": true, ""is_ten_percent_owner"": false, ""is_other"": false, ""officer_title"": ""President/CEO (GBank)""}]",True,7995214a365428e6f38cda5e55a4511ca72bd9739cf40fec669adbf3ad421540,2026-08-05 21:11:29,NEWGARD JEFFREY K,GBank Financial Holdings Inc.,20.38999938964844,2305038.837917582,,0.1216438291136618,-0.0627226831391924,,True,True,True,True,True,42.0099983215332,-0.5146393667148264,7.0,ALERT,"[""purchase value >= $100k ($280,394)"", ""purchase value / ADV60 >= 5% (12.2%)"", ""current price below insider VWAP (-6.3%)"", ""stock down at least 30% from 52w high (-51.5%)""]","[""market cap unavailable""]"
2026-08-05 21:16:33,0001193125-26-335498,2099755,GBFH,False,1791145,GBank Financial Holdings Inc.,GBFH,Common Stock,2026-08-04,P,A,10000.0,21.4971,214971.0,"[{""cik"": ""0002099755"", ""name"": ""Herbst Timothy P"", ""is_director"": true, ""is_officer"": false, ""is_ten_percent_owner"": false, ""is_other"": false, ""officer_title"": null}]",True,7a493f1c29698bbe815e99c5dda10076970bcd83612c9777ee7bc125f1d43388,2026-08-05 21:16:33,Herbst Timothy P,GBank Financial Holdings Inc.,20.38999938964844,2305038.837917582,,0.0932613353249219,-0.0514999981556378,,True,True,True,True,True,42.0099983215332,-0.5146393667148264,7.0,ALERT,"[""purchase value >= $100k ($214,971)"", ""purchase value / ADV60 >= 5% (9.3%)"", ""current price below insider VWAP (-5.1%)"", ""stock down at least 30% from 52w high (-51.5%)""]","[""market cap unavailable""]"
2026-08-05 21:18:55,0001193125-26-335505,2058650,GBFH,False,1791145,GBank Financial Holdings Inc.,GBFH,Common Stock,2026-08-04,P,A,9200.0,21.5057,197852.44,"[{""cik"": ""0001331633"", ""name"": ""NIGRO EDWARD MICHAEL"", ""is_director"": true, ""is_officer"": true, ""is_ten_percent_owner"": false, ""is_other"": false, ""officer_title"": ""CEO and Executive Chairman""}, {""cik"": ""0002058649"", ""name"": ""1990 Sovereign Holdings LLC"", ""is_director"": false, ""is_officer"": false, ""is_ten_percent_owner"": false, ""is_other"": true, ""officer_title"": null}, {""cik"": ""0002058650"", ""name"": ""2000 Universal Holdings LLC"", ""is_director"": false, ""is_officer"": false, ""is_ten_percent_owner"": false, ""is_other"": true, ""officer_title"": null}]",True,71e8d744dd44ef02f2a62657cc310b6bdc56ae478e5b53ec73241db096adb210,2026-08-05 21:18:55,1990 Sovereign Holdings LLC; 2000 Universal Holdings LLC; NIGRO EDWARD MICHAEL,GBank Financial Holdings Inc.,20.38999938964844,2305038.837917582,,0.0858347533001846,-0.0518792975979188,,True,True,True,True,True,42.0099983215332,-0.5146393667148264,7.0,ALERT,"[""purchase value >= $100k ($197,852)"", ""purchase value / ADV60 >= 5% (8.6%)"", ""current price below insider VWAP (-5.2%)"", ""stock down at least 30% from 52w high (-51.5%)""]","[""market cap unavailable""]"
2026-08-05 21:11:29,0001193125-26-335471,1791145,GBFH,False,1791145,GBank Financial Holdings Inc.,GBFH,Common Stock,2026-08-04,P,A,8772.0,21.5371,188923.4412,"[{""cik"": ""0001598684"", ""name"": ""NEWGARD JEFFREY K"", ""is_director"": false, ""is_officer"": true, ""is_ten_percent_owner"": false, ""is_other"": false, ""officer_title"": ""President/CEO (GBank)""}]",True,09550d9a2952990476052d8f77f3a8e4a2fbcb1c464ac5011ef013b4d698a7d2,2026-08-05 21:11:29,NEWGARD JEFFREY K,GBank Financial Holdings Inc.,20.38999938964844,2305038.837917582,,0.0819610663786807,-0.053261609518067,,True,True,True,True,True,42.0099983215332,-0.5146393667148264,7.0,ALERT,"[""purchase value >= $100k ($188,923)"", ""purchase value / ADV60 >= 5% (8.2%)"", ""current price below insider VWAP (-5.3%)"", ""stock down at least 30% from 52w high (-51.5%)""]","[""market cap unavailable""]"
2026-08-05 21:11:29,0001193125-26-335471,1791145,GBFH,False,1791145,GBank Financial Holdings Inc.,GBFH,Common Stock,2026-08-03,P,A,6309.0,21.7545,137249.1405,"[{""cik"": ""0001598684"", ""name"": ""NEWGARD JEFFREY K"", ""is_director"": false, ""is_officer"": true, ""is_ten_percent_owner"": false, ""is_other"": false, ""officer_title"": ""President/CEO (GBank)""}]",True,34366925154ebe9c68ea1cd4c4d0755812298076bcc1dda3182644a34057fcbc,2026-08-05 21:11:29,NEWGARD JEFFREY K,GBank Financial Holdings Inc.,20.38999938964844,2305038.837917582,,0.0595430923949175,-0.0627226831391924,,True,True,True,True,True,42.0099983215332,-0.5146393667148264,7.0,ALERT,"[""purchase value >= $100k ($137,249)"", ""purchase value / ADV60 >= 5% (6.0%)"", ""current price below insider VWAP (-6.3%)"", ""stock down at least 30% from 52w high (-51.5%)""]","[""market cap unavailable""]"
2026-08-05 21:24:03,0001193125-26-335516,2058660,GBFH,False,1791145,GBank Financial Holdings Inc.,GBFH,Common Stock,2026-08-04,P,A,5000.0,21.07,105350.0,"[{""cik"": ""0002058658"", ""name"": ""Nigro Todd Anthony"", ""is_director"": true, ""is_officer"": true, ""is_ten_percent_owner"": false, ""is_other"": false, ""officer_title"": ""SECRETARY""}, {""cik"": ""0002058660"", ""name"": ""EVOL Capital Holdings LLC"", ""is_director"": false, ""is_officer"": false, ""is_ten_percent_owner"": false, ""is_other"": true, ""officer_title"": null}]",True,d2e829ae9f92682d1bc9e26153ae85eb982d188e14a2b8ea27571f09fcf5bd05,2026-08-05 21:24:03,EVOL Capital Holdings LLC; Nigro Todd Anthony,GBank Financial Holdings Inc.,20.38999938964844,2305038.837917582,,0.0457042190643413,-0.0322734034338663,,True,False,True,True,False,42.0099983215332,-0.5146393667148264,6.0,WATCH,"[""purchase value >= $100k ($105,350)"", ""purchase value / ADV60 >= 2% (4.6%)"", ""current price below insider VWAP (-3.2%)"", ""stock down at least 30% from 52w high (-51.5%)""]","[""market cap unavailable""]"
2026-08-05 21:15:05,0001302215-26-000069,1649209,HLI,False,1302215,"HOULIHAN LOKEY, INC.",HLI,CLASS A COMMON STOCK,2026-08-03,P,A,4020.0,124.52,500570.4,"[{""cik"": ""0001649209"", ""name"": ""ALLEY J LINDSEY"", ""is_director"": false, ""is_officer"": true, ""is_ten_percent_owner"": false, ""is_other"": false, ""officer_title"": ""Chief Financial Officer""}]",True,02957b2dd8d25b6e14f41309998ae87297e9bce7b689e743bb802f74979c5035,2026-08-05 21:15:05,ALLEY J LINDSEY,"HOULIHAN LOKEY, INC.",128.19000244140625,114204713.4579722,,0.0043830975521357,0.0294731966062178,,False,False,True,False,False,206.6842498779297,-0.3797785631120084,4.0,WATCH,"[""purchase value >= $100k ($500,570)"", ""current price within 15% of insider VWAP (2.9%)"", ""stock down at least 30% from 52w high (-38.0%)""]","[""market cap unavailable""]"
2026-08-05 23:00:31,0001140361-26-031457,2075930,IR,False,1699150,Ingersoll Rand Inc.,IR,Common Stock,2026-08-03,P,A,11538.0,86.678,1000090.764,"[{""cik"": ""0002075930"", ""name"": ""Satpathy Aurobind"", ""is_director"": true, ""is_officer"": null, ""is_ten_percent_owner"": null, ""is_other"": null, ""officer_title"": null}]",True,e217ba28f8a3882c535a58273c1b1362b02f85195b197d90e47ad5bc5449ab18,2026-08-05 23:00:31,Satpathy Aurobind,Ingersoll Rand Inc.,90.0,330337414.57804364,,0.003027482567415,0.0383257574009552,,False,False,True,True,False,98.71075439453124,-0.0882452418478714,3.0,ARCHIVE,"[""purchase value >= $1m ($1,000,091)"", ""current price within 15% of insider VWAP (3.8%)""]","[""market cap unavailable""]"
2026-08-05 21:53:18,0001193125-26-335628,1535412,WCC,False,929008,WESCO INTERNATIONAL INC,WCC,Common Stock,2026-08-04,P,A,960.0,365.89,351254.4,"[{""cik"": ""0001535412"", ""name"": ""Castillo Daniel J"", ""is_director"": false, ""is_officer"": true, ""is_ten_percent_owner"": false, ""is_other"": false, ""officer_title"": ""EVP & GM, EES""}]",True,adc19e3b72fe9108013ed7ddbd81560aae43979ae0916194a9ad6dccdf7eff3d,2026-08-05 21:53:18,Castillo Daniel J,WESCO INTERNATIONAL INC,373.0799865722656,225910166.31031543,,0.0015548410491518,0.019650677996845,,False,False,True,False,False,374.1000061035156,-0.0027265958690408,2.0,ARCHIVE,"[""purchase value >= $100k ($351,254)"", ""current price within 15% of insider VWAP (2.0%)""]","[""market cap unavailable""]"
2026-08-06 23:42:26,0001213900-26-086304,2122599,REBN,False,1707910,"Reborn Coffee, Inc.",REBN,Common Stock,2026-07-14,P,A,131387.0,180000.0,23649660000.0,"[{""cik"": ""0002122599"", ""name"": ""Lim Jung Jae"", ""is_director"": true, ""is_officer"": true, ""is_ten_percent_owner"": false, ""is_other"": false, ""officer_title"": ""CEO and Interim CFO""}]",True,910d29f998f699dc7d45848d8eaf6b067b4e7b247dcb0a429086e8cff7175ff2,2026-08-06 23:42:26,Lim Jung Jae,"Reborn Coffee, Inc.",1.340000033378601,83648.19981613755,,282727.6624240928,-0.99999255555537,,True,True,True,True,True,3.1700000762939453,-0.5772870658901692,9.0,ALERT,"[""purchase value >= $2m ($23,649,660,000)"", ""purchase value / ADV60 >= 5% (28272766.2%)"", ""current price below insider VWAP (-100.0%)"", ""stock down at least 30% from 52w high (-57.7%)""]","[""market cap unavailable""]"
2026-08-06 21:30:46,0001213900-26-086253,2070001,SAGT,False,2029138,SAGTEC GLOBAL Ltd,SAGT,Class A Ordinary Shares,2026-07-31,P,A,300000.0,0.77,231000.0,"[{""cik"": ""0002070001"", ""name"": ""Ng Chen Lok"", ""is_director"": true, ""is_officer"": true, ""is_ten_percent_owner"": true, ""is_other"": false, ""officer_title"": ""Chief Executive Officer""}]",True,e61e3b5b17aefd247bb8f08923d78c5d2e7621e8665fa7c296c7780250be07ab,2026-08-06 21:30:46,Ng Chen Lok,SAGTEC GLOBAL Ltd,0.7210000157356262,2175784.042147844,,0.1061686249762023,-0.0636363432004855,,True,True,True,True,True,2.680000066757202,-0.7309701500836021,7.0,ALERT,"[""purchase value >= $100k ($231,000)"", ""purchase value / ADV60 >= 5% (10.6%)"", ""current price below insider VWAP (-6.4%)"", ""stock down at least 30% from 52w high (-73.1%)""]","[""market cap unavailable""]"
2026-08-06 23:45:00,0001185185-26-003311,2127935,DGAC,True,2111038,DISCIPLINED GROWTH ACQUISITION Corp,DGAC,Class A ordinary shares,2026-06-04,P,A,181750.0,10.0,1817500.0,"[{""cik"": ""0002127935"", ""name"": ""Disciplined Growth Sponsor LLC"", ""is_director"": false, ""is_officer"": false, ""is_ten_percent_owner"": true, ""is_other"": false, ""officer_title"": null}, {""cik"": ""0001666651"", ""name"": ""Wotczak Robert"", ""is_director"": false, ""is_officer"": true, ""is_ten_percent_owner"": false, ""is_other"": false, ""officer_title"": ""Chief Executive Officer""}]",True,18689fb16cbf814c8191564a8b34e3f268f69815fcfd1685c9a7400c1ecdfc16,2026-08-06 23:45:00,Disciplined Growth Sponsor LLC; Wotczak Robert,DISCIPLINED GROWTH ACQUISITION Corp,9.960000038146973,2482525.101099078,,0.7321174715193598,-0.0039999961853027,,True,True,True,True,True,9.960000038146973,0.0,6.0,WATCH,"[""purchase value >= $1m ($1,817,500)"", ""purchase value / ADV60 >= 5% (73.2%)"", ""current price below insider VWAP (-0.4%)""]","[""market cap unavailable""]"
2026-08-06 21:04:03,0001663529-26-000011,1663529,DMC,False,1047340,DEL MONTE CORP,DMC,Ordinary Shares,2026-08-04,P,A,12000.0,29.8921,358705.2,"[{""cik"": ""0001663529"", ""name"": ""Abbas Mohammed"", ""is_director"": false, ""is_officer"": true, ""is_ten_percent_owner"": false, ""is_other"": false, ""officer_title"": ""President & COO""}]",True,aa254cfb069cc74cbaac1d867ebba064cc30ef222a9afc30945815613ed5aea6,2026-08-06 21:04:03,Abbas Mohammed,DEL MONTE CORP,29.89999961853028,15408226.397125307,,0.023280109647592,0.000264271112778,,True,False,True,True,False,42.3481330871582,-0.2939476326620581,5.0,WATCH,"[""purchase value >= $100k ($358,705)"", ""purchase value / ADV60 >= 2% (2.3%)"", ""current price within 15% of insider VWAP (0.0%)"", ""stock down at least 15% from 52w high (-29.4%)""]","[""market cap unavailable""]"
2026-08-06 22:36:40,0001831269-26-000002,1831269,LUMN,False,18926,"Lumen Technologies, Inc.",LUMN,Common Stock,2026-08-06,P,A,100000.0,6.1268,612680.0,"[{""cik"": ""0001831269"", ""name"": ""Johnson Kathleen E"", ""is_director"": true, ""is_officer"": true, ""is_ten_percent_owner"": false, ""is_other"": false, ""officer_title"": ""Chief Executive Officer""}]",True,55664b860d10c552560b85a4be6a5a675f133bae3f9b6c29ed379a136f0a1062,2026-08-06 22:36:40,Johnson Kathleen E,"Lumen Technologies, Inc.",5.900000095367432,112623908.83184856,,0.0054400527059911,-0.0370176771940602,,False,False,True,False,False,11.829999923706056,-0.501267951528515,4.0,WATCH,"[""purchase value >= $100k ($612,680)"", ""current price below insider VWAP (-3.7%)"", ""stock down at least 30% from 52w high (-50.1%)""]","[""market cap unavailable""]"
2026-08-06 21:41:58,0001104659-26-092153,1672083,SITE,False,1650729,"SiteOne Landscape Supply, Inc.",SITE,Common Stock,2026-08-04,P,A,4000.0,102.13,408520.0,"[{""cik"": ""0001672083"", ""name"": ""BLACK DOUG"", ""is_director"": true, ""is_officer"": true, ""is_ten_percent_owner"": false, ""is_other"": false, ""officer_title"": ""CEO""}]",True,55e5b140bae0cde597da68af433a764be94c9d3359432eb9597a48e165d12c73,2026-08-06 21:41:58,BLACK DOUG,"SiteOne Landscape Supply, Inc.",98.5199966430664,95318230.57509255,,0.0042858537924512,-0.0353471394980279,,False,False,True,False,False,163.25,-0.3965084432277709,4.0,WATCH,"[""purchase value >= $100k ($408,520)"", ""current price below insider VWAP (-3.5%)"", ""stock down at least 30% from 52w high (-39.7%)""]","[""market cap unavailable""]"
2026-08-06 21:41:58,0001104659-26-092153,1672083,SITE,False,1650729,"SiteOne Landscape Supply, Inc.",SITE,Common Stock,2026-08-04,P,A,4000.0,101.94,407760.0,"[{""cik"": ""0001672083"", ""name"": ""BLACK DOUG"", ""is_director"": true, ""is_officer"": true, ""is_ten_percent_owner"": false, ""is_other"": false, ""officer_title"": ""CEO""}]",True,8244eab52e41daa635754e789e66dc0c81559f25899a636cc76355f07eca2ce7,2026-08-06 21:41:58,BLACK DOUG,"SiteOne Landscape Supply, Inc.",98.5199966430664,95318230.57509255,,0.004277880501346,-0.0335491794872826,,False,False,True,False,False,163.25,-0.3965084432277709,4.0,WATCH,"[""purchase value >= $100k ($407,760)"", ""current price below insider VWAP (-3.4%)"", ""stock down at least 30% from 52w high (-39.7%)""]","[""market cap unavailable""]"
2026-08-06 22:08:39,0000065984-26-000287,2049474,ETR,False,65984,ENTERGY CORP /DE/,ETR,Common Stock,2026-08-06,P,A,1000.0,106.075,106075.0,"[{""cik"": ""0002049474"", ""name"": ""Ropp Ralph Lewis"", ""is_director"": true, ""is_officer"": null, ""is_ten_percent_owner"": null, ""is_other"": null, ""officer_title"": null}]",True,24240ac3ecc7bc844576a9c8e48c153540014da3873276856da0d07ecce4c463,2026-08-06 22:08:39,Ropp Ralph Lewis,ENTERGY CORP /DE/,106.48999786376952,363197814.69018096,,0.0002920584753255,0.0039123060454351,,False,False,True,False,False,117.36000061035156,-0.0926210181497158,2.0,ARCHIVE,"[""purchase value >= $100k ($106,075)"", ""current price within 15% of insider VWAP (0.4%)""]","[""market cap unavailable""]"
2026-08-07 20:31:15,0001470831-26-000801,2131524,BRVE,False,2131524,"Braveheart Bio, Inc.",BRVE,Common Stock,2026-08-07,P,A,83333.0,18.0,1499994.0,"[{""cik"": ""0001774478"", ""name"": ""Viehbacher Christopher"", ""is_director"": true, ""is_officer"": false, ""is_ten_percent_owner"": false, ""is_other"": false, ""officer_title"": null}]",True,07fa05de548739dc32c9daef4e7ae4bcdb0b2f69c4a8c7d02bfbbbba9e1c3661,2026-08-07 20:31:15,Viehbacher Christopher,"Braveheart Bio, Inc.",30.0,57550033.744125366,,0.0260641723803179,0.6666666666666667,,True,False,False,False,False,30.0,0.0,1.0,ARCHIVE,"[""purchase value >= $1m ($1,499,994)"", ""purchase value / ADV60 >= 2% (2.6%)""]","[""current price more than 15% above insider VWAP (66.7%)"", ""market cap unavailable""]"
2026-08-07 20:30:52,0001470831-26-000798,2131524,BRVE,False,2131524,"Braveheart Bio, Inc.",BRVE,Common Stock,2026-08-07,P,A,83333.0,18.0,1499994.0,"[{""cik"": ""0001845681"", ""name"": ""Murdoch Travis"", ""is_director"": true, ""is_officer"": true, ""is_ten_percent_owner"": false, ""is_other"": false, ""officer_title"": ""CEO and President""}]",True,ff97f6eb31348c448278c26a5e6dc4b110374c9737bcdaaa98c6a922144dcde7,2026-08-07 20:30:52,Murdoch Travis,"Braveheart Bio, Inc.",30.0,57550033.744125366,,0.0260641723803179,0.6666666666666667,,True,False,False,False,False,30.0,0.0,1.0,ARCHIVE,"[""purchase value >= $1m ($1,499,994)"", ""purchase value / ADV60 >= 2% (2.6%)""]","[""current price more than 15% above insider VWAP (66.7%)"", ""market cap unavailable""]"
2026-08-07 20:30:35,0001470831-26-000796,2131524,BRVE,False,2131524,"Braveheart Bio, Inc.",BRVE,Common Stock,2026-08-07,P,A,55555.0,18.0,999990.0,"[{""cik"": ""0001572000"", ""name"": ""Lubner David Charles"", ""is_director"": true, ""is_officer"": false, ""is_ten_percent_owner"": false, ""is_other"": false, ""officer_title"": null}]",True,022247656fdb3d9969eb3a60fdbdd9bacd80007b85b5e5e8fccc3bffb968a2c1,2026-08-07 20:30:35,Lubner David Charles,"Braveheart Bio, Inc.",30.0,57550033.744125366,,0.0173760106631054,0.6666666666666667,,False,False,False,False,False,30.0,0.0,-2.0,ARCHIVE,"[""purchase value >= $100k ($999,990)""]","[""current price more than 15% above insider VWAP (66.7%)"", ""market cap unavailable""]"
2026-08-07 23:35:35,0001299647-26-000020,1437958,CCB,False,1437958,COASTAL FINANCIAL CORP,CCB,Common Stock,2026-08-06,P,A,10000.0,44.45,444500.0,"[{""cik"": ""0001299647"", ""name"": ""Sprink Eric M"", ""is_director"": true, ""is_officer"": true, ""is_ten_percent_owner"": false, ""is_other"": false, ""officer_title"": ""CEO""}]",True,754856e67decaf1694a735f3ae8c2b2029434d348f3d30eeac8ccae92d5d2baf,2026-08-07 23:35:35,Sprink Eric M,COASTAL FINANCIAL CORP,45.34000015258789,11911622.590268454,,0.037316494594376,0.0200225006206498,,True,False,True,True,False,118.97000122070312,-0.6188955225067456,6.0,WATCH,"[""purchase value >= $100k ($444,500)"", ""purchase value / ADV60 >= 2% (3.7%)"", ""current price within 15% of insider VWAP (2.0%)"", ""stock down at least 30% from 52w high (-61.9%)""]","[""market cap unavailable""]"
2026-08-07 23:36:40,0001019966-26-000004,1437958,CCB,False,1437958,COASTAL FINANCIAL CORP,CCB,Common Stock,2026-08-06,P,A,10000.0,43.825,438250.0,"[{""cik"": ""0001019966"", ""name"": ""HOVDE STEVEN D"", ""is_director"": true, ""is_officer"": false, ""is_ten_percent_owner"": true, ""is_other"": false, ""officer_title"": null}]",True,43039e810ba1dfa4ad6c530823ceb29537c231f8c80532d4f448e1aece2fd26d,2026-08-07 23:36:40,HOVDE STEVEN D,COASTAL FINANCIAL CORP,45.34000015258789,11911622.590268454,,0.0367917969763448,0.0345693132364606,,True,False,True,True,False,118.97000122070312,-0.6188955225067456,6.0,WATCH,"[""purchase value >= $100k ($438,250)"", ""purchase value / ADV60 >= 2% (3.7%)"", ""current price within 15% of insider VWAP (3.5%)"", ""stock down at least 30% from 52w high (-61.9%)""]","[""market cap unavailable""]"
2026-08-07 23:36:40,0001019966-26-000004,1437958,CCB,False,1437958,COASTAL FINANCIAL CORP,CCB,Common Stock,2026-08-05,P,A,5000.0,44.0,220000.0,"[{""cik"": ""0001019966"", ""name"": ""HOVDE STEVEN D"", ""is_director"": true, ""is_officer"": false, ""is_ten_percent_owner"": true, ""is_other"": false, ""officer_title"": null}]",True,e130492dde93c92a5fc78bbd8762bdf2cf0988f34f670a4c0b954ec9b8e99ac2,2026-08-07 23:36:40,HOVDE STEVEN D,COASTAL FINANCIAL CORP,45.34000015258789,11911622.590268454,,0.0184693561546967,0.0304545489224521,,False,False,True,False,False,118.97000122070312,-0.6188955225067456,4.0,WATCH,"[""purchase value >= $100k ($220,000)"", ""current price within 15% of insider VWAP (3.0%)"", ""stock down at least 30% from 52w high (-61.9%)""]","[""market cap unavailable""]"
2026-08-07 20:41:40,0001470831-26-000804,2131524,BRVE,False,2131524,"Braveheart Bio, Inc.",BRVE,Common Stock,2026-08-07,P,A,27777.0,18.0,499986.0,"[{""cik"": ""0001606243"", ""name"": ""Rickey James Paul"", ""is_director"": false, ""is_officer"": true, ""is_ten_percent_owner"": false, ""is_other"": false, ""officer_title"": ""Chief Financial Officer""}]",True,6d8a04c4d9bb96bcc11524b9f32ccd50b687856164127424a371ceff7b64a73b,2026-08-07 20:41:40,Rickey James Paul,"Braveheart Bio, Inc.",30.0,57552778.744125366,,0.0086874345758854,0.6666666666666667,,False,False,False,False,False,30.0,0.0,-2.0,ARCHIVE,"[""purchase value >= $100k ($499,986)""]","[""current price more than 15% above insider VWAP (66.7%)"", ""market cap unavailable""]"
2026-08-10 20:45:39,0001764046-26-000099,1868811,CLVT,False,1764046,CLARIVATE PLC,CLVT,Ordinary Shares,2026-08-06,P,A,650000.0,1.86,1209000.0,"[{""cik"": ""0001868811"", ""name"": ""Cornick Kenneth L."", ""is_director"": true, ""is_officer"": false, ""is_ten_percent_owner"": false, ""is_other"": false, ""officer_title"": null}]",True,30b8d49c2af4456c432d3603f6ca30371baa835576b6c3da6f30f252516f9726,2026-08-10 20:45:39,Cornick Kenneth L.,CLARIVATE PLC,1.8899999856948853,15472584.12303366,,0.078138208226006,0.0161290245671426,,True,True,True,True,True,4.5,-0.5800000031789143,8.0,ALERT,"[""purchase value >= $1m ($1,209,000)"", ""purchase value / ADV60 >= 5% (7.8%)"", ""current price within 15% of insider VWAP (1.6%)"", ""stock down at least 30% from 52w high (-58.0%)""]","[""market cap unavailable""]"
2026-08-07 21:20:36,0001493152-26-036660,1989846,ONMD,False,1849380,OneMedNet Corp,ONMD,Common Stock,2026-07-30,P,A,1449275.0,0.69,999999.75,"[{""cik"": ""0001989846"", ""name"": ""Kosasa Thomas"", ""is_director"": true, ""is_officer"": false, ""is_ten_percent_owner"": true, ""is_other"": false, ""officer_title"": null}]",True,cff793f18dc1eb3de10e80071be9d081ade874ffb506c8eb2c3f94e7b677e78a,2026-08-07 21:20:36,Kosasa Thomas,OneMedNet Corp,0.6600000262260437,738582.9358341913,,1.3539437502310447,-0.0434782228608061,,True,True,True,True,True,3.140000104904175,-0.7898089158674773,7.0,ALERT,"[""purchase value >= $100k ($1,000,000)"", ""purchase value / ADV60 >= 5% (135.4%)"", ""current price below insider VWAP (-4.3%)"", ""stock down at least 30% from 52w high (-79.0%)""]","[""market cap unavailable""]"
2026-08-10 22:32:08,0001231919-26-000852,2098185,BLSM,False,1839970,"BlossomHill Therapeutics, Inc.",BLSM,Common Stock,2026-08-10,P,A,312500.0,16.0,5000000.0,"[{""cik"": ""0001599214"", ""name"": ""Chen Bihua"", ""is_director"": true, ""is_officer"": false, ""is_ten_percent_owner"": true, ""is_other"": false, ""officer_title"": null}, {""cik"": ""0001583977"", ""name"": ""Cormorant Asset Management, LP"", ""is_director"": false, ""is_officer"": false, ""is_ten_percent_owner"": true, ""is_other"": false, ""officer_title"": null}, {""cik"": ""0001618442"", ""name"": ""Cormorant Global Healthcare Master Fund, LP"", ""is_director"": false, ""is_officer"": false, ""is_ten_percent_owner"": true, ""is_other"": false, ""officer_title"": null}, {""cik"": ""0001817320"", ""name"": ""Cormorant Private Healthcare Fund III LP"", ""is_director"": false, ""is_officer"": false, ""is_ten_percent_owner"": true, ""is_other"": false, ""officer_title"": null}, {""cik"": ""0001969296"", ""name"": ""Cormorant Private Healthcare Fund V LP"", ""is_director"": false, ""is_officer"": false, ""is_ten_percent_owner"": true, ""is_other"": false, ""officer_title"": null}, {""cik"": ""0002098185"", ""name"": ""Cormorant Private Healthcare Fund VI, LP"", ""is_director"": false, ""is_officer"": false, ""is_ten_percent_owner"": true, ""is_other"": false, ""officer_title"": null}]",True,1b4cd7a7fb2a47fed4c07f123ee01ef742cccdde4f3a117b194ebe517cffc254,2026-08-10 22:32:08,"Chen Bihua; Cormorant Asset Management, LP; Cormorant Global Healthcare Master Fund, LP; Cormorant Private Healthcare Fund III LP; Cormorant Private Healthcare Fund V LP; Cormorant Private Healthcare Fund VI, LP","BlossomHill Therapeutics, Inc.",15.989999771118164,17402182.45217514,,0.2873202837483776,-0.0006250143051147,,True,True,True,True,True,16.0,-0.0006250143051147,7.0,ALERT,"[""purchase value >= $2m ($5,000,000)"", ""purchase value / ADV60 >= 5% (28.7%)"", ""current price below insider VWAP (-0.1%)""]","[""market cap unavailable""]"
2026-08-10 20:45:39,0001764046-26-000099,1868811,CLVT,False,1764046,CLARIVATE PLC,CLVT,Ordinary Shares,2026-08-07,P,A,250000.0,1.85,462500.0,"[{""cik"": ""0001868811"", ""name"": ""Cornick Kenneth L."", ""is_director"": true, ""is_officer"": false, ""is_ten_percent_owner"": false, ""is_other"": false, ""officer_title"": null}]",True,7cfca5518370fbb626e8cc28447daec3935e8358b880e4816c916ca41e1a9c74,2026-08-10 20:45:39,Cornick Kenneth L.,CLARIVATE PLC,1.8899999856948853,15472584.12303366,,0.0298915808970453,0.0216216138891272,,True,False,True,True,False,4.5,-0.5800000031789143,6.0,WATCH,"[""purchase value >= $100k ($462,500)"", ""purchase value / ADV60 >= 2% (3.0%)"", ""current price within 15% of insider VWAP (2.2%)"", ""stock down at least 30% from 52w high (-58.0%)""]","[""market cap unavailable""]"
2026-08-10 22:41:05,0001213900-26-087391,1834688,BWMX,False,1788257,"BETTERWARE DE MEXICO, S.A.P.I. DE C.V",BWMX,Ordinary Shares,2026-08-04,P,A,21829.0,17.0,371093.0,"[{""cik"": ""0001834688"", ""name"": ""Campos Luis"", ""is_director"": true, ""is_officer"": false, ""is_ten_percent_owner"": true, ""is_other"": true, ""officer_title"": null}]",True,694fe52f07f4820082733cdcc858165038c05fa822a436c7843e349a06d7fabc,2026-08-10 22:41:05,Campos Luis,"BETTERWARE DE MEXICO, S.A.P.I. DE C.V",16.1299991607666,1275048.3390339217,,0.2910422990560261,-0.0511765199549058,,True,True,True,True,True,18.454370498657227,-0.1259523503150513,5.0,WATCH,"[""purchase value >= $100k ($371,093)"", ""purchase value / ADV60 >= 5% (29.1%)"", ""current price below insider VWAP (-5.1%)""]","[""market cap unavailable""]"
2026-08-10 20:31:31,0001193125-26-342501,1601188,PSN,False,275880,PARSONS CORP,PSN,Common Stock,2026-08-07,P,A,20000.0,47.97,959400.0,"[{""cik"": ""0001601188"", ""name"": ""Ball George L."", ""is_director"": true, ""is_officer"": false, ""is_ten_percent_owner"": false, ""is_other"": false, ""officer_title"": null}]",True,53509fa6ae79e01c1ea631a7158c2229a4ded6527737f5b54252bfc727a60376,2026-08-10 20:31:31,Ball George L.,PARSONS CORP,46.130001068115234,74502455.63201357,,0.0128774278896083,-0.0383572843836723,,False,False,True,False,False,89.29000091552734,-0.4833687916325989,4.0,WATCH,"[""purchase value >= $100k ($959,400)"", ""current price below insider VWAP (-3.8%)"", ""stock down at least 30% from 52w high (-48.3%)""]","[""market cap unavailable""]"
2026-08-10 20:19:00,0000950103-26-012124,1928582,MBLY,False,1910139,Mobileye Global Inc.,MBLY,Class A Common Stock,2026-08-06,P,A,11841.0,8.46,100174.86,"[{""cik"": ""0001928582"", ""name"": ""Yeboah-Amankwah Safroadu"", ""is_director"": true, ""is_officer"": false, ""is_ten_percent_owner"": false, ""is_other"": false, ""officer_title"": null}]",True,d0b1d66b3c3bd6298f8c2f00a1fab9191469f76393cc75901330e98b3aeb1bd2,2026-08-10 20:19:00,Yeboah-Amankwah Safroadu,Mobileye Global Inc.,8.75,62436430.66119671,,0.0016044296405024,0.0342789598108745,,False,False,True,False,False,15.539999961853027,-0.4369369355547522,4.0,WATCH,"[""purchase value >= $100k ($100,175)"", ""current price within 15% of insider VWAP (3.4%)"", ""stock down at least 30% from 52w high (-43.7%)""]","[""market cap unavailable""]"
2026-08-10 22:07:36,0001193125-26-342825,2148391,HUBS,False,1404655,HUBSPOT INC,HUBS,Common Stock,2026-08-10,P,A,925.0,215.93,199735.25,"[{""cik"": ""0002148391"", ""name"": ""Dischler Gerald"", ""is_director"": true, ""is_officer"": false, ""is_ten_percent_owner"": false, ""is_other"": false, ""officer_title"": null}]",True,9597cd54498450150d9a0764be54eacf7013d49d69a5f0ee0556cc874f3824e9,2026-08-10 22:07:36,Dischler Gerald,HUBSPOT INC,215.9100036621093,414081066.27630615,,0.0004823578431058,-9.26056494726657e-05,,False,False,True,False,False,522.969970703125,-0.5871464601077923,4.0,WATCH,"[""purchase value >= $100k ($199,735)"", ""current price below insider VWAP (-0.0%)"", ""stock down at least 30% from 52w high (-58.7%)""]","[""market cap unavailable""]"
2026-08-10 21:00:53,0001193125-26-342627,1594032,FBIN,False,1519751,"Fortune Brands Innovations, Inc.",FBIN,"Common Stock, Par Value $0.01",2026-08-07,P,A,19560.0,50.9336,996261.216,"[{""cik"": ""0001594032"", ""name"": ""Singh Jesse G"", ""is_director"": true, ""is_officer"": true, ""is_ten_percent_owner"": false, ""is_other"": false, ""officer_title"": ""Chief Executive Officer""}]",True,14b6571e79f9d38856bc2a772bbcda2e70d54c8bc882d7ce75042bfc0c565464,2026-08-10 21:00:53,Singh Jesse G,"Fortune Brands Innovations, Inc.",47.9900016784668,121830793.67588252,,0.0081774171040077,-0.0577928581826771,,False,False,True,False,False,63.67110061645508,-0.2462828313970699,3.0,ARCHIVE,"[""purchase value >= $100k ($996,261)"", ""current price below insider VWAP (-5.8%)"", ""stock down at least 15% from 52w high (-24.6%)""]","[""market cap unavailable""]"
2026-08-10 21:00:53,0001193125-26-342627,1594032,FBIN,False,1519751,"Fortune Brands Innovations, Inc.",FBIN,"Common Stock, Par Value $0.01",2026-08-06,P,A,14444.0,51.4576,743253.5744,"[{""cik"": ""0001594032"", ""name"": ""Singh Jesse G"", ""is_director"": true, ""is_officer"": true, ""is_ten_percent_owner"": false, ""is_other"": false, ""officer_title"": ""Chief Executive Officer""}]",True,cd0c49e2f5b7ecb7b95c08eda084a9d4418a26d37c7fcc4c924f164310192437,2026-08-10 21:00:53,Singh Jesse G,"Fortune Brands Innovations, Inc.",47.9900016784668,121830793.67588252,,0.0061007037053156,-0.0673874864263627,,False,False,True,False,False,63.67110061645508,-0.2462828313970699,3.0,ARCHIVE,"[""purchase value >= $100k ($743,254)"", ""current price below insider VWAP (-6.7%)"", ""stock down at least 15% from 52w high (-24.6%)""]","[""market cap unavailable""]"
2026-08-10 21:03:08,0001504988-26-000012,1504988,GPOR,False,874499,GULFPORT ENERGY CORP,GPOR,Common Stock,2026-08-07,P,A,1600.0,160.61,256976.0,"[{""cik"": ""0001504988"", ""name"": ""DELL'OSSO DOMENIC J JR"", ""is_director"": true, ""is_officer"": true, ""is_ten_percent_owner"": false, ""is_other"": false, ""officer_title"": ""President & CEO""}]",True,021433b24a799e4a4374cb3ff03c470be55ab798e164a51834d85d600d552650,2026-08-10 21:03:08,DELL'OSSO DOMENIC J JR,GULFPORT ENERGY CORP,168.00999450683594,64465497.11491318,,0.0039862563929651,0.0460743073708731,,False,False,True,False,False,222.4900054931641,-0.2448649810833952,3.0,ARCHIVE,"[""purchase value >= $100k ($256,976)"", ""current price within 15% of insider VWAP (4.6%)"", ""stock down at least 15% from 52w high (-24.5%)""]","[""market cap unavailable""]"
2026-08-10 21:00:53,0001193125-26-342627,1594032,FBIN,False,1519751,"Fortune Brands Innovations, Inc.",FBIN,"Common Stock, Par Value $0.01",2026-08-06,P,A,5281.0,52.2301,275827.1581,"[{""cik"": ""0001594032"", ""name"": ""Singh Jesse G"", ""is_director"": true, ""is_officer"": true, ""is_ten_percent_owner"": false, ""is_other"": false, ""officer_title"": ""Chief Executive Officer""}]",True,26a33448dfc15d0411e98e47739dd794dc7c17ec7786f8e464e7e79398ab36b0,2026-08-10 21:00:53,Singh Jesse G,"Fortune Brands Innovations, Inc.",47.9900016784668,121830793.67588252,,0.002264018396152,-0.0811811258552673,,False,False,True,False,False,63.67110061645508,-0.2462828313970699,3.0,ARCHIVE,"[""purchase value >= $100k ($275,827)"", ""current price below insider VWAP (-8.1%)"", ""stock down at least 15% from 52w high (-24.6%)""]","[""market cap unavailable""]"
2026-08-10 21:07:45,0001645808-26-000002,1868159,LINE,False,1868159,"Lineage, Inc.",LINE,Common Stock,2026-08-07,P,A,20000.0,41.3319,826638.0,"[{""cik"": ""0001645808"", ""name"": ""LeMasters Robb A."", ""is_director"": false, ""is_officer"": true, ""is_ten_percent_owner"": false, ""is_other"": false, ""officer_title"": ""Chief Financial Officer""}]",True,297b3f68caba39a4ffd67711000c01502afff13a951738f5822dd0d15dba92a5,2026-08-10 21:07:45,LeMasters Robb A.,"Lineage, Inc.",41.34999847412109,43596080.575305305,,0.0189612916824509,0.0004378814939816,,False,False,True,False,False,44.59000015258789,-0.0726620692392788,2.0,ARCHIVE,"[""purchase value >= $100k ($826,638)"", ""current price within 15% of insider VWAP (0.0%)""]","[""market cap unavailable""]"
2026-08-10 20:33:52,0001628280-26-055281,1981173,CWBC,False,1127371,Community West Bancshares,CWBC,CWBC - Common Stock,2026-08-10,P,A,4770.0,24.88,118677.6,"[{""cik"": ""0001981173"", ""name"": ""GILL JAGROOP"", ""is_director"": true, ""is_officer"": false, ""is_ten_percent_owner"": false, ""is_other"": false, ""officer_title"": null}]",True,18721a27707c716979eb858e72575e7b7f22655342e13ce7662ca36ebd6a10af,2026-08-10 20:33:52,GILL JAGROOP,Community West Bancshares,24.89999961853028,9374254.571280988,,0.012659950623016,0.0008038431885157,,False,False,True,False,False,27.887569427490234,-0.1071290854775948,2.0,ARCHIVE,"[""purchase value >= $100k ($118,678)"", ""current price within 15% of insider VWAP (0.1%)""]","[""market cap unavailable""]"
2026-08-10 22:00:04,0001193125-26-342811,1633632,ET,False,1276187,Energy Transfer LP,ET,Common Units,2026-08-07,P,A,12359.372,20.2276,250000.4330672,"[{""cik"": ""0001633632"", ""name"": ""Perry James Richard"", ""is_director"": true, ""is_officer"": false, ""is_ten_percent_owner"": false, ""is_other"": false, ""officer_title"": null}]",True,210cf8bf4d1e777689ca78af69ac92480de8ecf77bf34d4a7972b94f4cbed018,2026-08-10 22:00:04,Perry James Richard,Energy Transfer LP,20.59000015258789,180961612.7765738,,0.0013815108587469,0.0179161221592225,,False,False,True,False,False,20.59000015258789,0.0,2.0,ARCHIVE,"[""purchase value >= $100k ($250,000)"", ""current price within 15% of insider VWAP (1.8%)""]","[""market cap unavailable""]"
2026-08-11 21:24:05,0001193125-26-345044,1837014,SMRT,False,1837014,"SmartRent, Inc.",SMRT,Class A Common Stock,2026-08-11,P,A,100000.0,1.4226,142260.0,"[{""cik"": ""0001387655"", ""name"": ""Martell Frank"", ""is_director"": true, ""is_officer"": true, ""is_ten_percent_owner"": false, ""is_other"": false, ""officer_title"": ""Chief Executive Officer""}]",True,235582b1d71c227eb0e485422ce50bdbd6dff48c1ec95972d1657b6f68a41e2f,2026-08-11 21:24:05,Martell Frank,"SmartRent, Inc.",1.409999966621399,2352725.281938054,,0.0604660480729027,-0.0088570458165339,,True,True,True,True,True,2.119999885559082,-0.3349056402191471,7.0,ALERT,"[""purchase value >= $100k ($142,260)"", ""purchase value / ADV60 >= 5% (6.0%)"", ""current price below insider VWAP (-0.9%)"", ""stock down at least 30% from 52w high (-33.5%)""]","[""market cap unavailable""]"
2026-08-11 23:22:37,0001628280-26-055890,2148272,AMRC,False,1488139,"Ameresco, Inc.",AMRC,Class A Common Stock,2026-08-10,P,A,39700.0,25.07,995279.0,"[{""cik"": ""0002148272"", ""name"": ""Cox Brian C"", ""is_director"": true, ""is_officer"": false, ""is_ten_percent_owner"": false, ""is_other"": false, ""officer_title"": null}]",True,c7ab07eb2327e497aa0d988ea5c8eb5898abaafbdc7f0958ee7bea3f23821a2c,2026-08-11 23:22:37,Cox Brian C,"Ameresco, Inc.",25.88999938964844,17731621.64057719,,0.0561301735495187,0.0327083920880908,,True,True,True,True,True,43.22999954223633,-0.4011103478186822,7.0,ALERT,"[""purchase value >= $100k ($995,279)"", ""purchase value / ADV60 >= 5% (5.6%)"", ""current price within 15% of insider VWAP (3.3%)"", ""stock down at least 30% from 52w high (-40.1%)""]","[""market cap unavailable""]"
2026-08-11 21:08:30,0001182684-26-000017,1559432,TXO,False,1559432,"TXO Partners, L.P.",TXO,Common Units,2026-08-11,P,A,100000.0,14.2748,1427480.0,"[{""cik"": ""0001182684"", ""name"": ""SIMPSON BOB R"", ""is_director"": true, ""is_officer"": false, ""is_ten_percent_owner"": true, ""is_other"": false, ""officer_title"": null}]",True,76c519644950d7ea8e291f63665ceda35b9f324e02b08f444e1301192a699a71,2026-08-11 21:08:30,SIMPSON BOB R,"TXO Partners, L.P.",14.369999885559082,2252529.2848620573,,0.6337231704791876,0.0066690871717349,,True,True,True,True,True,14.369999885559082,0.0,6.0,WATCH,"[""purchase value >= $1m ($1,427,480)"", ""purchase value / ADV60 >= 5% (63.4%)"", ""current price within 15% of insider VWAP (0.7%)""]","[""market cap unavailable""]"
2026-08-11 21:08:30,0001182684-26-000017,1559432,TXO,False,1559432,"TXO Partners, L.P.",TXO,Common Units,2026-08-07,P,A,100000.0,13.5189,1351890.0,"[{""cik"": ""0001182684"", ""name"": ""SIMPSON BOB R"", ""is_director"": true, ""is_officer"": false, ""is_ten_percent_owner"": true, ""is_other"": false, ""officer_title"": null}]",True,85fe7cee76e07d419677068f885a2a60d913d8b985b40c6d92a7dfd42e9911c5,2026-08-11 21:08:30,SIMPSON BOB R,"TXO Partners, L.P.",14.369999885559082,2252529.2848620573,,0.6001653381757425,0.0629562971513275,,True,True,True,True,True,14.369999885559082,0.0,6.0,WATCH,"[""purchase value >= $1m ($1,351,890)"", ""purchase value / ADV60 >= 5% (60.0%)"", ""current price within 15% of insider VWAP (6.3%)""]","[""market cap unavailable""]"
2026-08-11 21:25:49,0000897069-26-001606,1785797,FRPH,False,844059,"FRP HOLDINGS, INC.",FRPH,Common Stock,2026-08-07,P,A,6800.0,21.91,148988.0,"[{""cik"": ""0001785797"", ""name"": ""Baker John D. III"", ""is_director"": true, ""is_officer"": true, ""is_ten_percent_owner"": false, ""is_other"": false, ""officer_title"": ""CEO""}]",True,5db0a33c2a653eabdcb56a2221323bd371d41b6d0d18a321429efde637f71914,2026-08-11 21:25:49,Baker John D. III,"FRP HOLDINGS, INC.",22.1200008392334,1751521.20147686,,0.0850620591257332,0.0095847028404107,,True,True,True,True,True,26.690000534057617,-0.1712251631090339,6.0,WATCH,"[""purchase value >= $100k ($148,988)"", ""purchase value / ADV60 >= 5% (8.5%)"", ""current price within 15% of insider VWAP (1.0%)"", ""stock down at least 15% from 52w high (-17.1%)""]","[""market cap unavailable""]"
2026-08-11 22:42:35,0001229310-26-000012,1482512,HPP,False,1482512,"Hudson Pacific Properties, Inc.",HPP,"Common Stock, par value $0.01",2026-08-11,P,A,25000.0,13.4,335000.0,"[{""cik"": ""0001229310"", ""name"": ""BORTZ JON E"", ""is_director"": true, ""is_officer"": false, ""is_ten_percent_owner"": false, ""is_other"": false, ""officer_title"": null}]",True,ab66b8adc3789a80e2ab3aaf877c51bd4e6afcd653fe9a1da5a6c7e85b31ce5d,2026-08-11 22:42:35,BORTZ JON E,"Hudson Pacific Properties, Inc.",13.350000381469728,13875890.919426918,,0.0241425939383094,-0.0037313148156921,,True,False,True,True,False,21.489999771118164,-0.3787808039248247,6.0,WATCH,"[""purchase value >= $100k ($335,000)"", ""purchase value / ADV60 >= 2% (2.4%)"", ""current price below insider VWAP (-0.4%)"", ""stock down at least 30% from 52w high (-37.9%)""]","[""market cap unavailable""]"
2026-08-11 21:08:30,0001182684-26-000017,1559432,TXO,False,1559432,"TXO Partners, L.P.",TXO,Common Units,2026-08-10,P,A,50000.0,14.1652,708260.0,"[{""cik"": ""0001182684"", ""name"": ""SIMPSON BOB R"", ""is_director"": true, ""is_officer"": false, ""is_ten_percent_owner"": true, ""is_other"": false, ""officer_title"": null}]",True,c487dc0ec8751a7f0912f53031427481d8bf7735e40aa9e0fda30f627667d3f2,2026-08-11 21:08:30,SIMPSON BOB R,"TXO Partners, L.P.",14.369999885559082,2252529.2848620573,,0.3144287644825773,0.0144579593340778,,True,True,True,True,True,14.369999885559082,0.0,5.0,WATCH,"[""purchase value >= $100k ($708,260)"", ""purchase value / ADV60 >= 5% (31.4%)"", ""current price within 15% of insider VWAP (1.4%)""]","[""market cap unavailable""]"
2026-08-11 21:31:57,0000947871-26-000783,2131524,BRVE,False,2131524,"Braveheart Bio, Inc.",BRVE,Common Stock,2026-08-07,P,A,1666667.0,18.0,30000006.0,"[{""cik"": ""0001706399"", ""name"": ""Chimovits Erez"", ""is_director"": true, ""is_officer"": false, ""is_ten_percent_owner"": true, ""is_other"": false, ""officer_title"": null}]",True,66df9fa9e730f67c86993fd44fa90630149afbfc20eb9190a8d6284083c46838,2026-08-11 21:31:57,Chimovits Erez,"Braveheart Bio, Inc.",25.01000022888184,36168068.759884834,,0.8294610972779937,0.3894444571601019,,True,True,False,False,False,30.0,-0.1663333257039387,4.0,WATCH,"[""purchase value >= $2m ($30,000,006)"", ""purchase value / ADV60 >= 5% (82.9%)"", ""stock down at least 15% from 52w high (-16.6%)""]","[""current price more than 15% above insider VWAP (38.9%)"", ""market cap unavailable""]"
2026-08-11 21:27:59,0000947871-26-000782,2131524,BRVE,False,2131524,"Braveheart Bio, Inc.",BRVE,Common Stock,2026-08-07,P,A,1666667.0,18.0,30000006.0,"[{""cik"": ""0001055951"", ""name"": ""ORBIMED ADVISORS LLC"", ""is_director"": true, ""is_officer"": false, ""is_ten_percent_owner"": true, ""is_other"": false, ""officer_title"": null}, {""cik"": ""0001920574"", ""name"": ""OrbiMed Capital GP IX LLC"", ""is_director"": true, ""is_officer"": false, ""is_ten_percent_owner"": true, ""is_other"": false, ""officer_title"": null}, {""cik"": ""0001808744"", ""name"": ""OrbiMed Genesis GP LLC"", ""is_director"": true, ""is_officer"": false, ""is_ten_percent_owner"": true, ""is_other"": false, ""officer_title"": null}]",True,c5f2be77867d58c36989ec0c4dbaa762b189df71d600bd1b7a1479ecaab1b872,2026-08-11 21:27:59,ORBIMED ADVISORS LLC; OrbiMed Capital GP IX LLC; OrbiMed Genesis GP LLC,"Braveheart Bio, Inc.",25.01000022888184,36168068.759884834,,0.8294610972779937,0.3894444571601019,,True,True,False,False,False,30.0,-0.1663333257039387,4.0,WATCH,"[""purchase value >= $2m ($30,000,006)"", ""purchase value / ADV60 >= 5% (82.9%)"", ""stock down at least 15% from 52w high (-16.6%)""]","[""current price more than 15% above insider VWAP (38.9%)"", ""market cap unavailable""]"
2026-08-11 21:31:57,0000947871-26-000783,2131524,BRVE,False,2131524,"Braveheart Bio, Inc.",BRVE,Common Stock,2026-08-07,P,A,273333.0,18.0,4919994.0,"[{""cik"": ""0001706399"", ""name"": ""Chimovits Erez"", ""is_director"": true, ""is_officer"": false, ""is_ten_percent_owner"": true, ""is_other"": false, ""officer_title"": null}]",True,ea83a5f368aff085c9eaeed98245bcae9777b81b0420d3d9809068e4ad5b1583,2026-08-11 21:31:57,Chimovits Erez,"Braveheart Bio, Inc.",25.01000022888184,36168068.759884834,,0.1360314268550861,0.3894444571601019,,True,True,False,False,False,30.0,-0.1663333257039387,4.0,WATCH,"[""purchase value >= $2m ($4,919,994)"", ""purchase value / ADV60 >= 5% (13.6%)"", ""stock down at least 15% from 52w high (-16.6%)""]","[""current price more than 15% above insider VWAP (38.9%)"", ""market cap unavailable""]"
2026-08-11 21:27:59,0000947871-26-000782,2131524,BRVE,False,2131524,"Braveheart Bio, Inc.",BRVE,Common Stock,2026-08-07,P,A,273333.0,18.0,4919994.0,"[{""cik"": ""0001055951"", ""name"": ""ORBIMED ADVISORS LLC"", ""is_director"": true, ""is_officer"": false, ""is_ten_percent_owner"": true, ""is_other"": false, ""officer_title"": null}, {""cik"": ""0001920574"", ""name"": ""OrbiMed Capital GP IX LLC"", ""is_director"": true, ""is_officer"": false, ""is_ten_percent_owner"": true, ""is_other"": false, ""officer_title"": null}, {""cik"": ""0001808744"", ""name"": ""OrbiMed Genesis GP LLC"", ""is_director"": true, ""is_officer"": false, ""is_ten_percent_owner"": true, ""is_other"": false, ""officer_title"": null}]",True,8559bd88eedf2cafa53e3044740f135c4a6f42f8417faff88aa978a605f5e3cf,2026-08-11 21:27:59,ORBIMED ADVISORS LLC; OrbiMed Capital GP IX LLC; OrbiMed Genesis GP LLC,"Braveheart Bio, Inc.",25.01000022888184,36168068.759884834,,0.1360314268550861,0.3894444571601019,,True,True,False,False,False,30.0,-0.1663333257039387,4.0,WATCH,"[""purchase value >= $2m ($4,919,994)"", ""purchase value / ADV60 >= 5% (13.6%)"", ""stock down at least 15% from 52w high (-16.6%)""]","[""current price more than 15% above insider VWAP (38.9%)"", ""market cap unavailable""]"
2026-08-11 23:22:43,0001628280-26-055891,1496665,AMRC,False,1488139,"Ameresco, Inc.",AMRC,Class A Common Stock,2026-08-07,P,A,5000.0,25.95,129750.0,"[{""cik"": ""0001496665"", ""name"": ""Sakellaris George P"", ""is_director"": true, ""is_officer"": true, ""is_ten_percent_owner"": true, ""is_other"": false, ""officer_title"": ""Chief Executive Officer""}]",True,58baf5d97039d326b0f4f79efbfbd0fd5693371c6d28c14a504a81febf1b255d,2026-08-11 23:22:43,Sakellaris George P,"Ameresco, Inc.",25.88999938964844,17731621.64057719,,0.0073174356316671,-0.002312162248615,,False,False,True,False,False,43.22999954223633,-0.4011103478186822,4.0,WATCH,"[""purchase value >= $100k ($129,750)"", ""current price below insider VWAP (-0.2%)"", ""stock down at least 30% from 52w high (-40.1%)""]","[""market cap unavailable""]"
2026-08-11 21:09:55,0001361944-26-000005,1637207,PLNT,False,1637207,"Planet Fitness, Inc.",PLNT,Class A common stock,2026-08-10,P,A,10000.0,49.28,492800.0,"[{""cik"": ""0001361944"", ""name"": ""Spinelli Stephen JR"", ""is_director"": true, ""is_officer"": false, ""is_ten_percent_owner"": false, ""is_other"": false, ""officer_title"": null}]",True,d149ce86cc13b842584c654c267fdb0df57e7bb8c9d23c67916d1bb304739f47,2026-08-11 21:09:55,Spinelli Stephen JR,"Planet Fitness, Inc.",47.91999816894531,107349768.60808437,,0.0045906014180536,-0.0275974397535447,,False,False,True,False,False,111.97000122070312,-0.5720282428639917,4.0,WATCH,"[""purchase value >= $100k ($492,800)"", ""current price below insider VWAP (-2.8%)"", ""stock down at least 30% from 52w high (-57.2%)""]","[""market cap unavailable""]"
2026-08-11 21:53:37,0001208500-26-000004,1208500,KMPR,False,860748,KEMPER Corp,KMPR,Common Stock,2026-08-10,P,A,5000.0,25.91,129550.0,"[{""cik"": ""0001208500"", ""name"": ""Gorevic Jason N"", ""is_director"": true, ""is_officer"": false, ""is_ten_percent_owner"": false, ""is_other"": false, ""officer_title"": null}]",True,26ead849b006a0994514d800d4f83fd1ff063079e9bbab8a93756cd3bb9a0e78,2026-08-11 21:53:37,Gorevic Jason N,KEMPER Corp,26.18000030517578,30852900.79317665,,0.004198956878267,0.0104206987717399,,False,False,True,False,False,52.80199813842773,-0.5041854242610044,4.0,WATCH,"[""purchase value >= $100k ($129,550)"", ""current price within 15% of insider VWAP (1.0%)"", ""stock down at least 30% from 52w high (-50.4%)""]","[""market cap unavailable""]"
2026-08-11 21:57:47,0001201007-26-000005,1201007,KMPR,False,860748,KEMPER Corp,KMPR,Common Stock,2026-08-11,P,A,4000.0,26.49,105960.0,"[{""cik"": ""0001201007"", ""name"": ""LADERMAN GERALD"", ""is_director"": true, ""is_officer"": false, ""is_ten_percent_owner"": false, ""is_other"": false, ""officer_title"": null}]",True,677f9a6bc696da4962b5dfa9011327a3f936fe45525425a6bac00d41dd3d9156,2026-08-11 21:57:47,LADERMAN GERALD,KEMPER Corp,26.18000030517578,30852900.79317665,,0.0034343610252503,-0.0117025177359085,,False,False,True,False,False,52.80199813842773,-0.5041854242610044,4.0,WATCH,"[""purchase value >= $100k ($105,960)"", ""current price below insider VWAP (-1.2%)"", ""stock down at least 30% from 52w high (-50.4%)""]","[""market cap unavailable""]"
2026-08-11 21:45:34,0001193125-26-345143,1915657,DINO,False,1915657,HF Sinclair Corp,DINO,Common Stock,2026-08-11,P,A,15000.0,85.3,1279500.0,"[{""cik"": ""0001207002"", ""name"": ""MYERS FRANKLIN"", ""is_director"": true, ""is_officer"": true, ""is_ten_percent_owner"": false, ""is_other"": false, ""officer_title"": ""CEO""}]",True,afcfb5bdf2fe564bf04ad22812052c9bec6d3b206b6aa9c483a75351d91cf99a,2026-08-11 21:45:34,MYERS FRANKLIN,HF Sinclair Corp,85.55000305175781,200875746.511748,,0.0063696091848757,0.0029308681331514,,False,False,True,True,False,92.44000244140624,-0.0745348248342563,3.0,ARCHIVE,"[""purchase value >= $1m ($1,279,500)"", ""current price within 15% of insider VWAP (0.3%)""]","[""market cap unavailable""]"
2026-08-12 00:04:12,0001213900-26-087927,2121444,AXIA3,False,1439124,AXIA Energia S.A.,AXIA3,Common Shares,2026-08-07,P,A,85200.0,10.25,873300.0,"[{""cik"": ""0002121444"", ""name"": ""Batista de Lima Filho Pedro"", ""is_director"": true, ""is_officer"": false, ""is_ten_percent_owner"": false, ""is_other"": false, ""officer_title"": null}]",True,b55992e754f17c06df3839aef534656957f0084ab325927e44bb8c75fc875d88,2026-08-12 00:04:12,Batista de Lima Filho Pedro,AXIA Energia S.A.,,,,,,,False,False,False,False,False,,,-1.0,ARCHIVE,"[""purchase value >= $100k ($873,300)""]","[""ADV60 unavailable"", ""latest price or insider VWAP unavailable; price gate cannot be verified"", ""52w drawdown unavailable"", ""market cap unavailable""]"
2026-08-12 22:30:04,0001225208-26-007097,2057463,GLIBK,False,2057463,Liberty Capital Corp/NV,GLIBK,Series C GCI Group Common Stock,2026-08-10,P,A,259680.0,25.0802,6512826.336,"[{""cik"": ""0000937797"", ""name"": ""MALONE JOHN C"", ""is_director"": true, ""is_officer"": null, ""is_ten_percent_owner"": true, ""is_other"": null, ""officer_title"": null}]",True,62600b4ab549dbd5ba5d0743d1602aa34b3d67e4c4d64189a92f17446dee09b4,2026-08-12 22:30:04,MALONE JOHN C,Liberty Capital Corp/NV,25.709999084472656,18680446.356861368,,0.3486440426305887,0.0251114059884951,,True,True,True,True,True,40.040000915527344,-0.3578921454394266,9.0,ALERT,"[""purchase value >= $2m ($6,512,826)"", ""purchase value / ADV60 >= 5% (34.9%)"", ""current price within 15% of insider VWAP (2.5%)"", ""stock down at least 30% from 52w high (-35.8%)""]","[""market cap unavailable""]"
2026-08-12 22:30:04,0001225208-26-007097,2057463,GLIBK,False,2057463,Liberty Capital Corp/NV,GLIBK,Series C GCI Group Common Stock,2026-08-10,P,A,147050.0,24.5058,3603577.89,"[{""cik"": ""0000937797"", ""name"": ""MALONE JOHN C"", ""is_director"": true, ""is_officer"": null, ""is_ten_percent_owner"": true, ""is_other"": null, ""officer_title"": null}]",True,94e99ff0f7b409012101893e01da2d097fc276834202829bca3918eee4cc995b,2026-08-12 22:30:04,MALONE JOHN C,Liberty Capital Corp/NV,25.709999084472656,18680446.356861368,,0.1929064124678369,0.0491393500507086,,True,True,True,True,True,40.040000915527344,-0.3578921454394266,9.0,ALERT,"[""purchase value >= $2m ($3,603,578)"", ""purchase value / ADV60 >= 5% (19.3%)"", ""current price within 15% of insider VWAP (4.9%)"", ""stock down at least 30% from 52w high (-35.8%)""]","[""market cap unavailable""]"
2026-08-12 22:30:04,0001225208-26-007097,2057463,GLIBK,False,2057463,Liberty Capital Corp/NV,GLIBK,Series C GCI Group Common Stock,2026-08-11,P,A,68800.0,25.2246,1735452.48,"[{""cik"": ""0000937797"", ""name"": ""MALONE JOHN C"", ""is_director"": true, ""is_officer"": null, ""is_ten_percent_owner"": true, ""is_other"": null, ""officer_title"": null}]",True,c5336f11a596b9437c729efe24d1f8d830295db9e2c0e25cc36e1631e45d4977,2026-08-12 22:30:04,MALONE JOHN C,Liberty Capital Corp/NV,25.709999084472656,18680446.356861368,,0.0929020884644206,0.0192430835165933,,True,True,True,True,True,40.040000915527344,-0.3578921454394266,8.0,ALERT,"[""purchase value >= $1m ($1,735,452)"", ""purchase value / ADV60 >= 5% (9.3%)"", ""current price within 15% of insider VWAP (1.9%)"", ""stock down at least 30% from 52w high (-35.8%)""]","[""market cap unavailable""]"
2026-08-12 22:30:04,0001225208-26-007097,2057463,GLIBK,False,2057463,Liberty Capital Corp/NV,GLIBK,Series C GCI Group Common Stock,2026-08-12,P,A,66702.0,25.5708,1705623.5016,"[{""cik"": ""0000937797"", ""name"": ""MALONE JOHN C"", ""is_director"": true, ""is_officer"": null, ""is_ten_percent_owner"": true, ""is_other"": null, ""officer_title"": null}]",True,6f208df48ad4bc71f198f1afc37f9501ec68127c02def49fd43540b33b82e83d,2026-08-12 22:30:04,MALONE JOHN C,Liberty Capital Corp/NV,25.709999084472656,18680446.356861368,,0.0913052862344223,0.005443673427216,,True,True,True,True,True,40.040000915527344,-0.3578921454394266,8.0,ALERT,"[""purchase value >= $1m ($1,705,624)"", ""purchase value / ADV60 >= 5% (9.1%)"", ""current price within 15% of insider VWAP (0.5%)"", ""stock down at least 30% from 52w high (-35.8%)""]","[""market cap unavailable""]"
2026-08-12 22:00:06,0001696102-26-000008,1881487,ACDC,False,1881487,ProFrac Holding Corp.,ACDC,"Class A common stock, par value $0.01 per share",2026-08-10,P,A,57519.0,4.859,279484.821,"[{""cik"": ""0001696102"", ""name"": ""Wilks Matthew"", ""is_director"": true, ""is_officer"": true, ""is_ten_percent_owner"": false, ""is_other"": false, ""officer_title"": ""Chief Executive Officer""}]",True,cba92c6cbacec78dd06f98f20bb3b8cdb7f565548de4d8753f59376ed2f2db46,2026-08-12 22:00:06,Wilks Matthew,ProFrac Holding Corp.,5.139999866485596,9132270.887829876,,0.0306040879024356,0.0578308019110096,,True,False,True,True,False,8.0600004196167,-0.3622829281775604,6.0,WATCH,"[""purchase value >= $100k ($279,485)"", ""purchase value / ADV60 >= 2% (3.1%)"", ""current price within 15% of insider VWAP (5.8%)"", ""stock down at least 30% from 52w high (-36.2%)""]","[""market cap unavailable""]"
2026-08-12 22:17:12,0001213900-26-088530,1657622,ALTO,False,778164,"Alto Ingredients, Inc.",ALTO,Common Stock,2026-08-11,P,A,50000.0,4.15,207500.0,"[{""cik"": ""0001657622"", ""name"": ""NATHAN GILBERT E"", ""is_director"": true, ""is_officer"": false, ""is_ten_percent_owner"": false, ""is_other"": false, ""officer_title"": null}]",True,9a09aa68c9be06e617593cf191aea575021cee6747b7651c16869e995a429b96,2026-08-12 22:17:12,NATHAN GILBERT E,"Alto Ingredients, Inc.",4.059999942779541,13157535.484672626,,0.0157704305826664,-0.0216867607760142,,False,False,True,False,False,5.989999771118164,-0.3222036564416005,4.0,WATCH,"[""purchase value >= $100k ($207,500)"", ""current price below insider VWAP (-2.2%)"", ""stock down at least 30% from 52w high (-32.2%)""]","[""market cap unavailable""]"
2026-08-12 22:27:26,0001628280-26-056412,1721521,VIA,False,1603015,"Via Transportation, Inc.",VIA,Class A Common Stock,2026-08-11,P,A,10080.0,24.7391,249370.128,"[{""cik"": ""0001721521"", ""name"": ""Peres Nechemia Jacob"", ""is_director"": true, ""is_officer"": false, ""is_ten_percent_owner"": false, ""is_other"": false, ""officer_title"": null}]",True,3d917703367128e9bc289b5deb352f024c52c26b36fd2453ccc340904252e875,2026-08-12 22:27:26,Peres Nechemia Jacob,"Via Transportation, Inc.",25.049999237060547,17627249.554317284,,0.0141468541210346,0.01256711994618,,False,False,True,False,False,53.93000030517578,-0.5355090099145347,4.0,WATCH,"[""purchase value >= $100k ($249,370)"", ""current price within 15% of insider VWAP (1.3%)"", ""stock down at least 30% from 52w high (-53.6%)""]","[""market cap unavailable""]"
2026-08-12 22:00:06,0001696102-26-000008,1881487,ACDC,False,1881487,ProFrac Holding Corp.,ACDC,"Class A common stock, par value $0.01 per share",2026-08-11,P,A,22481.0,5.4431,122366.3311,"[{""cik"": ""0001696102"", ""name"": ""Wilks Matthew"", ""is_director"": true, ""is_officer"": true, ""is_ten_percent_owner"": false, ""is_other"": false, ""officer_title"": ""Chief Executive Officer""}]",True,7c2af78982b431388eab915bab0733a4469fc789fc03c134dc53a5356d363b6b,2026-08-12 22:00:06,Wilks Matthew,ProFrac Holding Corp.,5.139999866485596,9132270.887829876,,0.0133993321708263,-0.055685203930555,,False,False,True,False,False,8.0600004196167,-0.3622829281775604,4.0,WATCH,"[""purchase value >= $100k ($122,366)"", ""current price below insider VWAP (-5.6%)"", ""stock down at least 30% from 52w high (-36.2%)""]","[""market cap unavailable""]"
2026-08-13 00:00:04,0001193125-26-347428,1261654,UTI,False,1261654,UNIVERSAL TECHNICAL INSTITUTE INC,UTI,"Common Stock, $0.0001 par value",2026-08-10,P,A,8000.0,28.2095,225676.0,"[{""cik"": ""0001226186"", ""name"": ""DEVINCENZI ROBERT THOMAS"", ""is_director"": true, ""is_officer"": false, ""is_ten_percent_owner"": false, ""is_other"": false, ""officer_title"": null}]",True,2e1bee669bac1aef240d71b665c946c074c3c4050b45a2b22a24b3560e36c097,2026-08-13 00:00:04,DEVINCENZI ROBERT THOMAS,UNIVERSAL TECHNICAL INSTITUTE INC,25.63999938964844,53235903.417981975,,0.0042391691604837,-0.0910863577997327,,False,False,True,False,False,51.20000076293945,-0.4992187693831508,4.0,WATCH,"[""purchase value >= $100k ($225,676)"", ""current price below insider VWAP (-9.1%)"", ""stock down at least 30% from 52w high (-49.9%)""]","[""market cap unavailable""]"
2026-08-12 23:12:27,0002114987-26-000002,2114987,FMX,False,1061736,MEXICAN ECONOMIC DEVELOPMENT INC,FMX,ADR,2026-08-11,P,A,2100.0,118.13,248073.0,"[{""cik"": ""0002114987"", ""name"": ""KAHN MICHAEL DAVID"", ""is_director"": true, ""is_officer"": false, ""is_ten_percent_owner"": false, ""is_other"": false, ""officer_title"": null}]",True,de9ee46b235bfe1a4f8e4fc5baa7e5a8d41b4b26609b008729f382c176e54f6a,2026-08-12 23:12:27,KAHN MICHAEL DAVID,MEXICAN ECONOMIC DEVELOPMENT INC,117.5,67102925.86792755,,0.0036969028815264,-0.0053331075933293,,False,False,True,False,False,132.14999389648438,-0.1108588314272643,2.0,ARCHIVE,"[""purchase value >= $100k ($248,073)"", ""current price below insider VWAP (-0.5%)""]","[""market cap unavailable""]"
2026-08-12 23:39:15,0001193125-26-347404,2064715,VISN,False,1517228,"Vistance Networks, Inc.",VISN,Common Stock,2026-08-10,P,A,10000.0,10.75,107500.0,"[{""cik"": ""0002064715"", ""name"": ""Gilstrap Charles A"", ""is_director"": false, ""is_officer"": true, ""is_ten_percent_owner"": false, ""is_other"": false, ""officer_title"": ""SVP, Treasury, Tax & CAO""}]",True,fec82dfd1d04b1a358a89a47056fc198f62d9d160000eb2c3bc11c9db201de94,2026-08-12 23:39:15,Gilstrap Charles A,"Vistance Networks, Inc.",11.579999923706056,79162365.26722272,,0.0013579685199794,0.0772092952284702,,False,False,True,False,False,12.880000114440918,-0.1009316909304463,2.0,ARCHIVE,"[""purchase value >= $100k ($107,500)"", ""current price within 15% of insider VWAP (7.7%)""]","[""market cap unavailable""]"
2026-08-12 23:02:45,0001213900-26-088545,2147714,PNAQ,False,2123955,Pinnacle Acquisition Corp,PNAQ,Class A Ordinary Shares,2026-08-10,P,A,1250000.0,10.0,12500000.0,"[{""cik"": ""0002147714"", ""name"": ""Hudson Steven Kenneth"", ""is_director"": true, ""is_officer"": true, ""is_ten_percent_owner"": true, ""is_other"": false, ""officer_title"": ""Chief Executive Officer""}]",True,6b44d3dc7ee27351ebb07bdc085d5e8d3f752361a5c6aeb2afbd82a17a438f88,2026-08-12 23:02:45,Hudson Steven Kenneth,Pinnacle Acquisition Corp,,,,,,,False,False,False,False,False,,,1.0,ARCHIVE,"[""purchase value >= $2m ($12,500,000)""]","[""ADV60 unavailable"", ""latest price or insider VWAP unavailable; price gate cannot be verified"", ""52w drawdown unavailable"", ""market cap unavailable""]"
2026-08-12 23:00:38,0001213900-26-088542,2123955,PNAQ,False,2123955,Pinnacle Acquisition Corp,PNAQ,Class A Ordinary Shares,2026-08-10,P,A,1000000.0,10.0,10000000.0,"[{""cik"": ""0001429442"", ""name"": ""RECHTSCHAFFEN ANDREW"", ""is_director"": true, ""is_officer"": false, ""is_ten_percent_owner"": true, ""is_other"": false, ""officer_title"": null}]",True,1ee7b782a33aed4e017171a14f6cd9e58bcebc67b4de1072e9b580c15771d24e,2026-08-12 23:00:38,RECHTSCHAFFEN ANDREW,Pinnacle Acquisition Corp,,,,,,,False,False,False,False,False,,,1.0,ARCHIVE,"[""purchase value >= $2m ($10,000,000)""]","[""ADV60 unavailable"", ""latest price or insider VWAP unavailable; price gate cannot be verified"", ""52w drawdown unavailable"", ""market cap unavailable""]"
2026-08-12 23:02:45,0001213900-26-088545,2147714,PNAQ,False,2123955,Pinnacle Acquisition Corp,PNAQ,Class A Ordinary Shares,2026-08-10,P,A,225000.0,10.0,2250000.0,"[{""cik"": ""0002147714"", ""name"": ""Hudson Steven Kenneth"", ""is_director"": true, ""is_officer"": true, ""is_ten_percent_owner"": true, ""is_other"": false, ""officer_title"": ""Chief Executive Officer""}]",True,79fabe17c8e8e6dbd2a4550e98cb0f6a415896678d8ad9726d33692f59b79383,2026-08-12 23:02:45,Hudson Steven Kenneth,Pinnacle Acquisition Corp,,,,,,,False,False,False,False,False,,,1.0,ARCHIVE,"[""purchase value >= $2m ($2,250,000)""]","[""ADV60 unavailable"", ""latest price or insider VWAP unavailable; price gate cannot be verified"", ""52w drawdown unavailable"", ""market cap unavailable""]"
2026-08-12 23:00:38,0001213900-26-088542,2123955,PNAQ,False,2123955,Pinnacle Acquisition Corp,PNAQ,Class A Ordinary Shares,2026-08-10,P,A,225000.0,10.0,2250000.0,"[{""cik"": ""0001429442"", ""name"": ""RECHTSCHAFFEN ANDREW"", ""is_director"": true, ""is_officer"": false, ""is_ten_percent_owner"": true, ""is_other"": false, ""officer_title"": null}]",True,a52226f65e6061efd08b5289bc85f71c9a7cc76311f7300a31d7920c6436f3b4,2026-08-12 23:00:38,RECHTSCHAFFEN ANDREW,Pinnacle Acquisition Corp,,,,,,,False,False,False,False,False,,,1.0,ARCHIVE,"[""purchase value >= $2m ($2,250,000)""]","[""ADV60 unavailable"", ""latest price or insider VWAP unavailable; price gate cannot be verified"", ""52w drawdown unavailable"", ""market cap unavailable""]"
2026-08-12 23:02:19,0001213900-26-088544,2145639,PNAQ,False,2123955,Pinnacle Acquisition Corp,PNAQ,Class A Ordinary Shares,2026-08-10,P,A,35000.0,10.0,350000.0,"[{""cik"": ""0002145639"", ""name"": ""Stoyan Paul J."", ""is_director"": true, ""is_officer"": false, ""is_ten_percent_owner"": false, ""is_other"": false, ""officer_title"": null}]",True,3d770f37af067b8ccbf163fee3392d67ce3963bb542d1dfd0353524bb7ebe1a6,2026-08-12 23:02:19,Stoyan Paul J.,Pinnacle Acquisition Corp,,,,,,,False,False,False,False,False,,,-1.0,ARCHIVE,"[""purchase value >= $100k ($350,000)""]","[""ADV60 unavailable"", ""latest price or insider VWAP unavailable; price gate cannot be verified"", ""52w drawdown unavailable"", ""market cap unavailable""]"
2026-08-12 23:03:06,0001213900-26-088546,2123955,PNAQ,False,2123955,Pinnacle Acquisition Corp,PNAQ,Class A Ordinary Shares,2026-08-10,P,A,10000.0,10.0,100000.0,"[{""cik"": ""0001622637"", ""name"": ""Brandler Harry"", ""is_director"": true, ""is_officer"": false, ""is_ten_percent_owner"": false, ""is_other"": false, ""officer_title"": null}]",True,551fb21689b2f66185c885b8c82e406c067cc656a3ca3adf41e3fa659eeae7e2,2026-08-12 23:03:06,Brandler Harry,Pinnacle Acquisition Corp,,,,,,,False,False,False,False,False,,,-1.0,ARCHIVE,"[""purchase value >= $100k ($100,000)""]","[""ADV60 unavailable"", ""latest price or insider VWAP unavailable; price gate cannot be verified"", ""52w drawdown unavailable"", ""market cap unavailable""]"
2026-08-12 23:00:08,0001213900-26-088541,2146640,PNAQ,False,2123955,Pinnacle Acquisition Corp,PNAQ,1Class A Ordinary Shares,2026-08-10,P,A,10000.0,10.0,100000.0,"[{""cik"": ""0002146640"", ""name"": ""Martin Karen Lynne"", ""is_director"": true, ""is_officer"": false, ""is_ten_percent_owner"": false, ""is_other"": false, ""officer_title"": null}]",True,3bbdd0720c3c4619a77d3f27080192875e25897c8a5ef4862bff2ff2bb3f8b96,2026-08-12 23:00:08,Martin Karen Lynne,Pinnacle Acquisition Corp,,,,,,,False,False,False,False,False,,,-1.0,ARCHIVE,"[""purchase value >= $100k ($100,000)""]","[""ADV60 unavailable"", ""latest price or insider VWAP unavailable; price gate cannot be verified"", ""52w drawdown unavailable"", ""market cap unavailable""]"
2026-08-13 22:48:22,0000897069-26-001671,1825088,DFH,False,1825088,"Dream Finders Homes, Inc.",DFH,"Class A common stock, par value $0.01 per share",2026-08-11,P,A,70000.0,13.95,976500.0,"[{""cik"": ""0001197193"", ""name"": ""BECKWITT RICHARD"", ""is_director"": true, ""is_officer"": false, ""is_ten_percent_owner"": false, ""is_other"": false, ""officer_title"": null}]",True,d8cf727ef81da6bb37783b906ed8e8322e5964139bf3cdf3d11b75ff95049a1a,2026-08-13 22:48:22,BECKWITT RICHARD,"Dream Finders Homes, Inc.",14.84000015258789,10338474.474309225,,0.0944530068170668,0.0637992940923219,,True,True,True,True,True,30.989999771118164,-0.5211358418137723,7.0,ALERT,"[""purchase value >= $100k ($976,500)"", ""purchase value / ADV60 >= 5% (9.4%)"", ""current price within 15% of insider VWAP (6.4%)"", ""stock down at least 30% from 52w high (-52.1%)""]","[""market cap unavailable""]"
2026-08-13 20:30:03,0001193125-26-349302,2095245,RM,False,1519401,Regional Management Corp.,RM,Common Stock,2026-08-11,P,A,6500.0,31.59,205335.0,"[{""cik"": ""0002095245"", ""name"": ""Lamba Lakhbir S."", ""is_director"": true, ""is_officer"": true, ""is_ten_percent_owner"": false, ""is_other"": false, ""officer_title"": ""President and CEO""}]",True,b49e650552a300f0f08d66c4ef07b74cf8b9f978c3672f86960f88f9747be8e4,2026-08-13 20:30:03,Lamba Lakhbir S.,Regional Management Corp.,32.68000030517578,2915440.7173787435,,0.0704301750250012,0.0345045997206641,,True,True,True,True,True,44.38754653930664,-0.2637574533155024,6.0,WATCH,"[""purchase value >= $100k ($205,335)"", ""purchase value / ADV60 >= 5% (7.0%)"", ""current price within 15% of insider VWAP (3.5%)"", ""stock down at least 15% from 52w high (-26.4%)""]","[""market cap unavailable""]"
2026-08-13 22:08:41,0001091974-26-000018,1712184,LILA,False,1712184,Liberty Latin America Ltd.,LILA,Series A Preference Shares,2026-08-11,P,A,17425.0,20.9294,364694.795,"[{""cik"": ""0001091974"", ""name"": ""BRACKEN CHARLES H R"", ""is_director"": true, ""is_officer"": false, ""is_ten_percent_owner"": false, ""is_other"": false, ""officer_title"": null}]",True,eb88d5e0c3e9c1efa82d3abde445bb30a9470ecff26394ba35e63320837a3452,2026-08-13 22:08:41,BRACKEN CHARLES H R,Liberty Latin America Ltd.,8.550000190734863,5508803.800735076,,0.0662021753164155,-0.5914837410181437,,True,True,True,True,True,8.699999809265137,-0.0172413358412411,5.0,WATCH,"[""purchase value >= $100k ($364,695)"", ""purchase value / ADV60 >= 5% (6.6%)"", ""current price below insider VWAP (-59.1%)""]","[""market cap unavailable""]"
2026-08-13 20:30:03,0001193125-26-349302,2095245,RM,False,1519401,Regional Management Corp.,RM,Common Stock,2026-08-12,P,A,3500.0,31.76,111160.0,"[{""cik"": ""0002095245"", ""name"": ""Lamba Lakhbir S."", ""is_director"": true, ""is_officer"": true, ""is_ten_percent_owner"": false, ""is_other"": false, ""officer_title"": ""President and CEO""}]",True,c75bfed0c984da637bd19660024ee82fc94987d1c78eadcc7e1d92255bf032ab,2026-08-13 20:30:03,Lamba Lakhbir S.,Regional Management Corp.,32.68000030517578,2915440.7173787435,,0.03812802618053,0.0289672640168696,,True,False,True,True,False,44.38754653930664,-0.2637574533155024,5.0,WATCH,"[""purchase value >= $100k ($111,160)"", ""purchase value / ADV60 >= 2% (3.8%)"", ""current price within 15% of insider VWAP (2.9%)"", ""stock down at least 15% from 52w high (-26.4%)""]","[""market cap unavailable""]"
2026-08-13 20:23:31,0001406019-26-000008,1406019,TNC,False,97134,TENNANT CO,TNC,Common Stock,2026-08-12,P,A,8000.0,67.34,538720.0,"[{""cik"": ""0001406019"", ""name"": ""Mulligan Donal L"", ""is_director"": true, ""is_officer"": false, ""is_ten_percent_owner"": false, ""is_other"": false, ""officer_title"": null}]",True,c5680858e9f2796727cc0bf23087857acf0c7838440a363fb10b95401b2c955c,2026-08-13 20:23:31,Mulligan Donal L,TENNANT CO,67.63999938964844,15138823.170586905,,0.0355853287887446,0.0044549953912746,,True,False,True,True,False,91.1500015258789,-0.2579265139074694,5.0,WATCH,"[""purchase value >= $100k ($538,720)"", ""purchase value / ADV60 >= 2% (3.6%)"", ""current price within 15% of insider VWAP (0.4%)"", ""stock down at least 15% from 52w high (-25.8%)""]","[""market cap unavailable""]"
2026-08-13 22:48:22,0000897069-26-001671,1825088,DFH,False,1825088,"Dream Finders Homes, Inc.",DFH,"Class A common stock, par value $0.01 per share",2026-08-13,P,A,12000.0,14.8,177600.0,"[{""cik"": ""0001197193"", ""name"": ""BECKWITT RICHARD"", ""is_director"": true, ""is_officer"": false, ""is_ten_percent_owner"": false, ""is_other"": false, ""officer_title"": null}]",True,bd47cc28d949215d8e5bee6e3e5a3248d9f5fcf9fe156942f850545dd0fe01e6,2026-08-13 22:48:22,BECKWITT RICHARD,"Dream Finders Homes, Inc.",14.84000015258789,10338474.474309225,,0.0171785499341639,0.0027027130126953,,False,False,True,False,False,30.989999771118164,-0.5211358418137723,4.0,WATCH,"[""purchase value >= $100k ($177,600)"", ""current price within 15% of insider VWAP (0.3%)"", ""stock down at least 30% from 52w high (-52.1%)""]","[""market cap unavailable""]"
2026-08-13 20:43:05,0001866119-26-000004,1866119,PAR,False,708821,PAR TECHNOLOGY CORP,PAR,Common Stock,2026-08-12,P,A,11517.83,17.36,199949.5288,"[{""cik"": ""0001866119"", ""name"": ""Singh Narinder"", ""is_director"": true, ""is_officer"": false, ""is_ten_percent_owner"": false, ""is_other"": false, ""officer_title"": null}]",True,80373440df4e957602bb4f5e1ab0ae54cb2a0eb0626123fd6cea57d8e8b11685,2026-08-13 20:43:05,Singh Narinder,PAR TECHNOLOGY CORP,18.61000061035156,18237419.543147087,,0.0109636962798902,0.0720046434534311,,False,False,True,False,False,54.61000061035156,-0.6592199157232026,4.0,WATCH,"[""purchase value >= $100k ($199,950)"", ""current price within 15% of insider VWAP (7.2%)"", ""stock down at least 30% from 52w high (-65.9%)""]","[""market cap unavailable""]"
2026-08-13 22:48:22,0000897069-26-001671,1825088,DFH,False,1825088,"Dream Finders Homes, Inc.",DFH,"Class A common stock, par value $0.01 per share",2026-08-12,P,A,8000.0,13.83,110640.0,"[{""cik"": ""0001197193"", ""name"": ""BECKWITT RICHARD"", ""is_director"": true, ""is_officer"": false, ""is_ten_percent_owner"": false, ""is_other"": false, ""officer_title"": null}]",True,d00f719975ff5d836a6d97f6aa9e205d57f8c432957c6695ee191e56f72d1935,2026-08-13 22:48:22,BECKWITT RICHARD,"Dream Finders Homes, Inc.",14.84000015258789,10338474.474309225,,0.0107017723238507,0.073029656730867,,False,False,True,False,False,30.989999771118164,-0.5211358418137723,4.0,WATCH,"[""purchase value >= $100k ($110,640)"", ""current price within 15% of insider VWAP (7.3%)"", ""stock down at least 30% from 52w high (-52.1%)""]","[""market cap unavailable""]"
2026-08-13 21:23:33,0000905148-26-003642,1868275,CEG,False,1868275,Constellation Energy Corp,CEG,Common Stock,2026-08-11,P,A,1500.0,278.6206,417930.9,"[{""cik"": ""0001194961"", ""name"": ""CRANDALL ROGER W"", ""is_director"": true, ""is_officer"": false, ""is_ten_percent_owner"": false, ""is_other"": false, ""officer_title"": null}]",True,f8026c4ab5860fc46b55efc598a10b251a16d10bd04deb30009e9dc6bac6cf5f,2026-08-13 21:23:33,CRANDALL ROGER W,Constellation Energy Corp,278.6400146484375,935310101.0692393,,0.0004468367224113,6.968131013107559e-05,,False,False,True,False,False,402.3219604492188,-0.3074203199414774,4.0,WATCH,"[""purchase value >= $100k ($417,931)"", ""current price within 15% of insider VWAP (0.0%)"", ""stock down at least 30% from 52w high (-30.7%)""]","[""market cap unavailable""]"
2026-08-13 20:22:39,0001388682-26-000004,1388682,TNC,False,97134,TENNANT CO,TNC,Common Stock,2026-08-12,P,A,1500.0,68.18,102270.0,"[{""cik"": ""0001388682"", ""name"": ""Morse Timothy R."", ""is_director"": true, ""is_officer"": false, ""is_ten_percent_owner"": false, ""is_other"": false, ""officer_title"": null}]",True,329c21d2f201c4b388974626a527661449662de91937ffb9d7ea36e462c74103,2026-08-13 20:22:39,Morse Timothy R.,TENNANT CO,67.63999938964844,15138823.170586905,,0.0067554788669901,-0.0079202201576938,,False,False,True,False,False,91.1500015258789,-0.2579265139074694,3.0,ARCHIVE,"[""purchase value >= $100k ($102,270)"", ""current price below insider VWAP (-0.8%)"", ""stock down at least 15% from 52w high (-25.8%)""]","[""market cap unavailable""]"
2026-08-13 20:28:51,0001566340-26-000006,1739104,ELAN,False,1739104,Elanco Animal Health Inc,ELAN,Common Stock,2026-08-12,P,A,5000.0,21.82,109100.0,"[{""cik"": ""0001566340"", ""name"": ""Harrington Michael J"", ""is_director"": true, ""is_officer"": false, ""is_ten_percent_owner"": false, ""is_other"": false, ""officer_title"": null}]",True,7cdc25cb4f0f256204ddd9d26159ca17b346574695a06fb0ebbb34197b6e9053,2026-08-13 20:28:51,Harrington Michael J,Elanco Animal Health Inc,22.51000022888184,153382670.1589774,,0.0007112928721798,0.0316223752924764,,False,False,True,False,False,26.84000015258789,-0.1613263747797915,3.0,ARCHIVE,"[""purchase value >= $100k ($109,100)"", ""current price within 15% of insider VWAP (3.2%)"", ""stock down at least 15% from 52w high (-16.1%)""]","[""market cap unavailable""]"
2026-08-13 20:37:37,0001908625-26-000010,1908625,HOG,False,793952,"HARLEY-DAVIDSON, INC.",HOG,Common Stock,2026-08-11,P,A,7500.0,26.38,197850.0,"[{""cik"": ""0001908625"", ""name"": ""Littleton Gayle"", ""is_director"": false, ""is_officer"": true, ""is_ten_percent_owner"": false, ""is_other"": false, ""officer_title"": ""CLO, CCO, CAO & Corp Sec""}]",True,214914e9ae838e589980de45678d011354d58e817475b7a2bb3a04ffa4f240ba,2026-08-13 20:37:37,Littleton Gayle,"HARLEY-DAVIDSON, INC.",27.850000381469727,66787287.27661511,,0.0029623901204514,0.0557240478191709,,False,False,True,False,False,30.05091667175293,-0.0732395725003626,2.0,ARCHIVE,"[""purchase value >= $100k ($197,850)"", ""current price within 15% of insider VWAP (5.6%)""]","[""market cap unavailable""]"
2026-08-13 20:59:21,0001184754-26-000010,2090312,MBGL,False,2090312,Mobility Global Inc.,MBGL,Common Stock,2026-08-12,P,A,25000.0,19.4998,487495.0,"[{""cik"": ""0001184754"", ""name"": ""PEEK MARK S"", ""is_director"": true, ""is_officer"": false, ""is_ten_percent_owner"": false, ""is_other"": false, ""officer_title"": null}]",True,84eeaa300f806cb08a799fbc9c64ef51fb9275411b89f991f0e622bcc0adb4fe,2026-08-13 20:59:21,PEEK MARK S,Mobility Global Inc.,19.82999992370605,199180770.72596705,,0.0024475003195499,0.0169335030977781,,False,False,True,False,False,23.0,-0.1378260902736497,2.0,ARCHIVE,"[""purchase value >= $100k ($487,495)"", ""current price within 15% of insider VWAP (1.7%)""]","[""market cap unavailable""]"
2026-08-13 20:59:21,0001184754-26-000010,2090312,MBGL,False,2090312,Mobility Global Inc.,MBGL,Common Stock,2026-08-13,P,A,15000.0,19.8714,298071.0,"[{""cik"": ""0001184754"", ""name"": ""PEEK MARK S"", ""is_director"": true, ""is_officer"": false, ""is_ten_percent_owner"": false, ""is_other"": false, ""officer_title"": null}]",True,0bdcf566f277931f103c8e403d702f4b872f8765a7e4dcd9d995cd1766205255,2026-08-13 20:59:21,PEEK MARK S,Mobility Global Inc.,19.82999992370605,199180770.72596705,,0.001496484820867,-0.0020834000771936,,False,False,True,False,False,23.0,-0.1378260902736497,2.0,ARCHIVE,"[""purchase value >= $100k ($298,071)"", ""current price below insider VWAP (-0.2%)""]","[""market cap unavailable""]"
2026-08-13 20:59:21,0001184754-26-000010,2090312,MBGL,False,2090312,Mobility Global Inc.,MBGL,Common Stock,2026-08-11,P,A,10000.0,19.5,195000.0,"[{""cik"": ""0001184754"", ""name"": ""PEEK MARK S"", ""is_director"": true, ""is_officer"": false, ""is_ten_percent_owner"": false, ""is_other"": false, ""officer_title"": null}]",True,7f5ddd5fb4d4a3de4151be56c240c9d9cc25269a34bf4558d2d3901afe4a979b,2026-08-13 20:59:21,PEEK MARK S,Mobility Global Inc.,19.82999992370605,199180770.72596705,,0.0009790101689498,0.0169230730105669,,False,False,True,False,False,23.0,-0.1378260902736497,2.0,ARCHIVE,"[""purchase value >= $100k ($195,000)"", ""current price within 15% of insider VWAP (1.7%)""]","[""market cap unavailable""]"
2026-08-13 21:07:50,0000891103-26-000131,1670982,MTCH,False,891103,"Match Group, Inc.",MTCH,"Common Stock, par value $0.001",2026-08-11,P,A,3000.0,36.63,109890.0,"[{""cik"": ""0001670982"", ""name"": ""Schiffman Glenn"", ""is_director"": true, ""is_officer"": false, ""is_ten_percent_owner"": false, ""is_other"": false, ""officer_title"": null}]",True,7509150b2c9f126a51f3f42f42cdc9d17eb1291df8ea05cb139297d09f779b00,2026-08-13 21:07:50,Schiffman Glenn,"Match Group, Inc.",37.27999877929688,120492021.9650945,,0.0009120105896457,0.017744984419789,,False,False,True,False,False,41.2400016784668,-0.0960233447623163,2.0,ARCHIVE,"[""purchase value >= $100k ($109,890)"", ""current price within 15% of insider VWAP (1.8%)""]","[""market cap unavailable""]"
2026-08-13 21:06:55,0001193125-26-349574,1713777,BRK.B,False,1067983,BERKSHIRE HATHAWAY INC,BRK.B,Class B Common Stock,2026-08-12,P,A,400.0,512.52,205008.0,"[{""cik"": ""0001713777"", ""name"": ""O'Sullivan Michael J."", ""is_director"": false, ""is_officer"": true, ""is_ten_percent_owner"": false, ""is_other"": false, ""officer_title"": ""See Remarks""}]",True,ac3493782127693a298f6611cb6a8e629391d112257b8f500f8d48d9d35d2a83,2026-08-13 21:06:55,O'Sullivan Michael J.,BERKSHIRE HATHAWAY INC,,,,,,,False,False,False,False,False,,,-1.0,ARCHIVE,"[""purchase value >= $100k ($205,008)""]","[""ADV60 unavailable"", ""latest price or insider VWAP unavailable; price gate cannot be verified"", ""52w drawdown unavailable"", ""market cap unavailable""]"
2026-08-14 20:20:28,0001221359-26-000040,1500217,AAT,False,1500217,"American Assets Trust, Inc.",AAT,"Common Stock, par value $0.01",2026-08-13,P,A,100000.0,22.86,2286000.0,"[{""cik"": ""0001221359"", ""name"": ""RADY ERNEST S"", ""is_director"": true, ""is_officer"": true, ""is_ten_percent_owner"": true, ""is_other"": false, ""officer_title"": ""Executive Chairman""}]",True,8e87a50176f0769d11a63f3dc066f365e87897505291e9b93cda8085589b8b66,2026-08-14 20:20:28,RADY ERNEST S,"American Assets Trust, Inc.",22.770000457763672,10391012.756044133,,0.2199978051870164,-0.0039369878493581,,True,True,True,True,True,25.850000381469727,-0.1191489314605162,7.0,ALERT,"[""purchase value >= $2m ($2,286,000)"", ""purchase value / ADV60 >= 5% (22.0%)"", ""current price below insider VWAP (-0.4%)""]","[""market cap unavailable""]"
2026-08-14 01:09:56,0000905148-26-003647,1873026,OPFI,False,1818502,OppFi Inc.,OPFI,Class A Common Stock,2026-08-13,P,A,60000.0,7.128,427680.0,"[{""cik"": ""0001873026"", ""name"": ""Schwartz Todd G."", ""is_director"": true, ""is_officer"": true, ""is_ten_percent_owner"": true, ""is_other"": false, ""officer_title"": ""Chief Executive Officer""}]",True,bbd5630c614a37ce6d20f18a4266439a812bc651a527b83f918ce75c7b72254e,2026-08-14 01:09:56,Schwartz Todd G.,OppFi Inc.,7.159999847412109,7201938.000101503,,0.0593840158015762,0.0044893164158401,,True,True,True,True,True,12.239999771118164,-0.4150326812662988,7.0,ALERT,"[""purchase value >= $100k ($427,680)"", ""purchase value / ADV60 >= 5% (5.9%)"", ""current price within 15% of insider VWAP (0.4%)"", ""stock down at least 30% from 52w high (-41.5%)""]","[""market cap unavailable""]"
2026-08-14 00:21:50,0001182684-26-000020,1559432,TXO,False,1559432,"TXO Partners, L.P.",TXO,Common Units,2026-08-13,P,A,125000.0,14.3183,1789787.5,"[{""cik"": ""0001182684"", ""name"": ""SIMPSON BOB R"", ""is_director"": true, ""is_officer"": false, ""is_ten_percent_owner"": true, ""is_other"": false, ""officer_title"": null}]",True,689ef66d82075bfb827e3a5bf6438be49ff53bba8aa935fb3b98ca1e06224717,2026-08-14 00:21:50,SIMPSON BOB R,"TXO Partners, L.P.",13.8100004196167,2408678.0492364564,,0.7430580025285476,-0.0354999951379214,,True,True,True,True,True,14.4399995803833,-0.0436287520134317,6.0,WATCH,"[""purchase value >= $1m ($1,789,788)"", ""purchase value / ADV60 >= 5% (74.3%)"", ""current price below insider VWAP (-3.5%)""]","[""market cap unavailable""]"
2026-08-14 20:20:28,0001221359-26-000040,1500217,AAT,False,1500217,"American Assets Trust, Inc.",AAT,"Common Stock, par value $0.01",2026-08-14,P,A,50000.0,22.79,1139500.0,"[{""cik"": ""0001221359"", ""name"": ""RADY ERNEST S"", ""is_director"": true, ""is_officer"": true, ""is_ten_percent_owner"": true, ""is_other"": false, ""officer_title"": ""Executive Chairman""}]",True,78362adfe956597cea5c5446bf20cb254e638bc0ccd6e0e728e1369c2333f093,2026-08-14 20:20:28,RADY ERNEST S,"American Assets Trust, Inc.",22.770000457763672,10391012.756044133,,0.1096620730580075,-0.0008775577988735,,True,True,True,True,True,25.850000381469727,-0.1191489314605162,6.0,WATCH,"[""purchase value >= $1m ($1,139,500)"", ""purchase value / ADV60 >= 5% (11.0%)"", ""current price below insider VWAP (-0.1%)""]","[""market cap unavailable""]"
2026-08-14 01:52:51,0001866174-26-000009,2058707,ATTO,False,2058707,"Attovia Therapeutics, Inc.",ATTO,Common Stock,2026-08-05,P,A,85000.0,21.0,1785000.0,"[{""cik"": ""0001866174"", ""name"": ""WALSH COLIN"", ""is_director"": true, ""is_officer"": false, ""is_ten_percent_owner"": false, ""is_other"": false, ""officer_title"": null}]",True,c28891bf7eba781ad5eeb36b6babbada9404733592aed721ffb1a74278421656,2026-08-14 01:52:51,WALSH COLIN,"Attovia Therapeutics, Inc.",19.86000061035156,19710198.26710224,,0.0905622549205552,-0.0542856852213541,,True,True,True,True,True,21.89999961853028,-0.0931506412654273,6.0,WATCH,"[""purchase value >= $1m ($1,785,000)"", ""purchase value / ADV60 >= 5% (9.1%)"", ""current price below insider VWAP (-5.4%)""]","[""market cap unavailable""]"
2026-08-14 20:18:20,0001865200-26-000074,2020176,ANGX,False,1865200,"Angel Studios, Inc.",ANGX,"Class A Common Stock, par value $0.0001 per share",2026-08-13,P,A,29035.659,4.3053,125007.2226927,"[{""cik"": ""0002020176"", ""name"": ""Harmon Neal"", ""is_director"": true, ""is_officer"": true, ""is_ten_percent_owner"": null, ""is_other"": null, ""officer_title"": ""Chief Executive Officer""}]",True,7ef022bbc9c4cfb685094d2782b197123bdddf73960e5fb7ed57af466658cf80,2026-08-14 20:18:20,Harmon Neal,"Angel Studios, Inc.",4.369999885559082,4689728.051941029,,0.0266555376576603,0.0150279621766384,,True,False,True,True,False,16.0,-0.7268750071525574,6.0,WATCH,"[""purchase value >= $100k ($125,007)"", ""purchase value / ADV60 >= 2% (2.7%)"", ""current price within 15% of insider VWAP (1.5%)"", ""stock down at least 30% from 52w high (-72.7%)""]","[""market cap unavailable""]"
2026-08-14 00:21:50,0001182684-26-000020,1559432,TXO,False,1559432,"TXO Partners, L.P.",TXO,Common Units,2026-08-12,P,A,25000.0,14.4303,360757.5,"[{""cik"": ""0001182684"", ""name"": ""SIMPSON BOB R"", ""is_director"": true, ""is_officer"": false, ""is_ten_percent_owner"": true, ""is_other"": false, ""officer_title"": null}]",True,d3933ffb8f9902d5047cabeaf53a1acade1745276e87cc88f75f01bf2264b414,2026-08-14 00:21:50,SIMPSON BOB R,"TXO Partners, L.P.",13.8100004196167,2408678.0492364564,,0.1497740638747295,-0.0429859102293993,,True,True,True,True,True,14.4399995803833,-0.0436287520134317,5.0,WATCH,"[""purchase value >= $100k ($360,758)"", ""purchase value / ADV60 >= 5% (15.0%)"", ""current price below insider VWAP (-4.3%)""]","[""market cap unavailable""]"
2026-08-14 00:14:55,0001104659-26-096149,2145472,XRN,False,1533615,Chiron Real Estate Inc.,XRN,Common Stock,2026-08-12,P,A,13500.0,36.73,495855.0,"[{""cik"": ""0002145472"", ""name"": ""Roseth Aaron Robert"", ""is_director"": true, ""is_officer"": true, ""is_ten_percent_owner"": false, ""is_other"": false, ""officer_title"": ""COO""}]",True,75f58d61362839889a9b837640e269b6c933ce7a47a1bbbf9e916e49c3e05596,2026-08-14 00:14:55,Roseth Aaron Robert,Chiron Real Estate Inc.,37.11000061035156,4252081.280355581,,0.116614656989467,0.010345783020734,,True,True,True,True,True,37.93915557861328,-0.0218548609112724,5.0,WATCH,"[""purchase value >= $100k ($495,855)"", ""purchase value / ADV60 >= 5% (11.7%)"", ""current price within 15% of insider VWAP (1.0%)""]","[""market cap unavailable""]"
2026-08-14 00:16:01,0001104659-26-096150,1681625,XRN,False,1533615,Chiron Real Estate Inc.,XRN,Common Stock,2026-08-11,P,A,6875.0,35.92,246950.0,"[{""cik"": ""0001681625"", ""name"": ""Decker Mark Okey Jr"", ""is_director"": true, ""is_officer"": true, ""is_ten_percent_owner"": false, ""is_other"": false, ""officer_title"": ""CEO and President""}]",True,67aac05670e50942c8bc6a413020ec91d3fb3763d7463485a332053b07e1cbec,2026-08-14 00:16:01,Decker Mark Okey Jr,Chiron Real Estate Inc.,37.11000061035156,4252081.280355581,,0.0580774410735979,0.0331291929385177,,True,True,True,True,True,37.93915557861328,-0.0218548609112724,5.0,WATCH,"[""purchase value >= $100k ($246,950)"", ""purchase value / ADV60 >= 5% (5.8%)"", ""current price within 15% of insider VWAP (3.3%)""]","[""market cap unavailable""]"
2026-08-14 20:27:15,0000050863-26-000177,1008463,INTC,False,50863,INTEL CORP,INTC,Common Stock,2026-08-11,P,A,105263.0,95.0,9999985.0,"[{""cik"": ""0001008463"", ""name"": ""TAN LIP BU"", ""is_director"": true, ""is_officer"": true, ""is_ten_percent_owner"": null, ""is_other"": null, ""officer_title"": ""CEO""}]",True,ed0f4ff6aadb71176d5d3bed0a44b5f41fc656accbb279d7a3b9be76c12c625e,2026-08-14 20:27:15,TAN LIP BU,INTEL CORP,102.5,13420197534.802595,,0.0007451443970229,0.0789473684210526,,False,False,True,True,True,140.94000244140625,-0.2727401857211342,5.0,WATCH,"[""purchase value >= $2m ($9,999,985)"", ""current price within 15% of insider VWAP (7.9%)"", ""stock down at least 15% from 52w high (-27.3%)""]","[""market cap unavailable""]"
2026-08-14 01:52:51,0001866174-26-000009,2058707,ATTO,False,2058707,"Attovia Therapeutics, Inc.",ATTO,Common Stock,2026-08-06,P,A,500000.0,17.0,8500000.0,"[{""cik"": ""0001866174"", ""name"": ""WALSH COLIN"", ""is_director"": true, ""is_officer"": false, ""is_ten_percent_owner"": false, ""is_other"": false, ""officer_title"": null}]",True,4a03e8c1359f593bd42a9750910ca9b763a702f54f483bbe39d3c4fe67cd9268,2026-08-14 01:52:51,WALSH COLIN,"Attovia Therapeutics, Inc.",19.86000061035156,19710198.26710224,,0.4312488329550251,0.1682353300206802,,True,True,False,False,False,21.89999961853028,-0.0931506412654273,3.0,ARCHIVE,"[""purchase value >= $2m ($8,500,000)"", ""purchase value / ADV60 >= 5% (43.1%)""]","[""current price more than 15% above insider VWAP (16.8%)"", ""market cap unavailable""]"
2026-08-14 00:18:52,0001987058-26-000003,1987058,LTC,False,887905,LTC PROPERTIES INC,LTC,Common Stock,2026-08-11,P,A,3500.0,38.3,134050.0,"[{""cik"": ""0001987058"", ""name"": ""Gruber David L"", ""is_director"": true, ""is_officer"": false, ""is_ten_percent_owner"": false, ""is_other"": false, ""officer_title"": null}]",True,c769a834066007a9b8a1b2e785d9c6428e3a0bf8dd27a0ba2c6f1a31a5040951,2026-08-14 00:18:52,Gruber David L,LTC PROPERTIES INC,40.220001220703125,21708076.275481924,,0.0061751211069495,0.0501305801750164,,False,False,True,False,False,42.18000030517578,-0.0464674981102869,2.0,ARCHIVE,"[""purchase value >= $100k ($134,050)"", ""current price within 15% of insider VWAP (5.0%)""]","[""market cap unavailable""]"
2026-08-14 20:30:18,0001667260-26-000009,1667260,MAIN,False,1396440,Main Street Capital CORP,MAIN,Common Stock,2026-08-13,P,A,2050.0,59.04,121032.0,"[{""cik"": ""0001667260"", ""name"": ""McHugh Ryan"", ""is_director"": false, ""is_officer"": true, ""is_ten_percent_owner"": false, ""is_other"": false, ""officer_title"": ""VP, CAO & Assistant Treasurer""}]",True,4d2a60d0443af3427fe85188e96ce787943b0dbb55a10df3660d95b4fc1567b1,2026-08-14 20:30:18,McHugh Ryan,Main Street Capital CORP,58.79999923706055,35241048.855344705,,0.0034344040240347,-0.0040650535728227,,False,False,True,False,False,62.56735229492188,-0.0602127614431128,2.0,ARCHIVE,"[""purchase value >= $100k ($121,032)"", ""current price below insider VWAP (-0.4%)""]","[""market cap unavailable""]"
2026-08-14 23:52:49,0000899140-26-000894,1804598,OTLK,False,1649989,"Outlook Therapeutics, Inc.",OTLK,Common Stock,2026-08-12,P,A,2525252.0,0.99,2499999.48,"[{""cik"": ""0001717441"", ""name"": ""Sukhtian Ghiath M."", ""is_director"": true, ""is_officer"": false, ""is_ten_percent_owner"": true, ""is_other"": false, ""officer_title"": null}, {""cik"": ""0001804598"", ""name"": ""GMS Ventures & Investments"", ""is_director"": true, ""is_officer"": false, ""is_ten_percent_owner"": true, ""is_other"": false, ""officer_title"": null}]",True,7673a9a98ec04a3e8744acc6ade6dcf27815d52f6e23f0e26fb4ebcb91b3956a,2026-08-14 23:52:49,GMS Ventures & Investments; Sukhtian Ghiath M.,"Outlook Therapeutics, Inc.",0.7559999823570251,23638991.523732893,,0.1057574506717035,-0.236363654184823,,True,True,True,True,True,2.970000028610229,-0.7454545538469961,9.0,ALERT,"[""purchase value >= $2m ($2,499,999)"", ""purchase value / ADV60 >= 5% (10.6%)"", ""current price below insider VWAP (-23.6%)"", ""stock down at least 30% from 52w high (-74.5%)""]","[""market cap unavailable""]"
2026-08-14 22:05:59,0001865200-26-000075,1865200,ANGX,False,1865200,"Angel Studios, Inc.",ANGX,"Class A Common Stock, par value $0.0001 per share",2026-08-13,P,A,107662.0,4.1173,443276.7526,"[{""cik"": ""0001597870"", ""name"": ""Sarowitz Steven I"", ""is_director"": true, ""is_officer"": null, ""is_ten_percent_owner"": null, ""is_other"": null, ""officer_title"": null}]",True,8d1681472ea53d01d27cc41658301de9f3a470d38f41aabf856444d2880e792b,2026-08-14 22:05:59,Sarowitz Steven I,"Angel Studios, Inc.",4.369999885559082,4727204.503489335,,0.0937714355858309,0.0613751452551627,,True,True,True,True,True,16.0,-0.7268750071525574,7.0,ALERT,"[""purchase value >= $100k ($443,277)"", ""purchase value / ADV60 >= 5% (9.4%)"", ""current price within 15% of insider VWAP (6.1%)"", ""stock down at least 30% from 52w high (-72.7%)""]","[""market cap unavailable""]"
2026-08-15 00:14:46,0001213900-26-090367,1998768,PAL,False,1998768,"Proficient Auto Logistics, Inc",PAL,Common Stock,2026-08-13,P,A,40000.0,5.43,217200.0,"[{""cik"": ""0001901836"", ""name"": ""Lal Rohit"", ""is_director"": true, ""is_officer"": false, ""is_ten_percent_owner"": false, ""is_other"": false, ""officer_title"": null}]",True,a2bc921152d36d2e78f9083eefaf98633a1b4b0e302a374ebac70654153cbea9,2026-08-15 00:14:46,Lal Rohit,"Proficient Auto Logistics, Inc",5.5,2694574.9528344474,,0.0806064050181737,0.0128913443830571,,True,True,True,True,True,10.539999961853027,-0.4781783662328354,7.0,ALERT,"[""purchase value >= $100k ($217,200)"", ""purchase value / ADV60 >= 5% (8.1%)"", ""current price within 15% of insider VWAP (1.3%)"", ""stock down at least 30% from 52w high (-47.8%)""]","[""market cap unavailable""]"
2026-08-14 21:46:19,0001539497-26-002267,1649096,CLPR,False,1649096,Clipper Realty Inc.,CLPR,Common Stock,2026-08-13,P,A,81647.0,3.2125,262290.9875,"[{""cik"": ""0001588901"", ""name"": ""Levinson Sam"", ""is_director"": true, ""is_officer"": false, ""is_ten_percent_owner"": true, ""is_other"": false, ""officer_title"": null}]",True,8b6fbe0becd29b74764163b571f5bd1390317867f6c0c6dab3096b09dc457113,2026-08-14 21:46:19,Levinson Sam,Clipper Realty Inc.,3.3399999141693115,322751.06576840085,,0.8126727230955584,0.0396886892355834,,True,True,True,True,True,4.099514484405518,-0.1852693954675331,6.0,WATCH,"[""purchase value >= $100k ($262,291)"", ""purchase value / ADV60 >= 5% (81.3%)"", ""current price within 15% of insider VWAP (4.0%)"", ""stock down at least 15% from 52w high (-18.5%)""]","[""market cap unavailable""]"
2026-08-14 21:46:19,0001539497-26-002267,1649096,CLPR,False,1649096,Clipper Realty Inc.,CLPR,Common Stock,2026-08-12,P,A,69172.0,3.0869,213527.0468,"[{""cik"": ""0001588901"", ""name"": ""Levinson Sam"", ""is_director"": true, ""is_officer"": false, ""is_ten_percent_owner"": true, ""is_other"": false, ""officer_title"": null}]",True,eae099b5b1afff9410da1f447a39409671f47b85d9802d6e41d5d94c54566e6c,2026-08-14 21:46:19,Levinson Sam,Clipper Realty Inc.,3.3399999141693115,322751.06576840085,,0.6615843275114771,0.0819916142956724,,True,True,True,True,True,4.099514484405518,-0.1852693954675331,6.0,WATCH,"[""purchase value >= $100k ($213,527)"", ""purchase value / ADV60 >= 5% (66.2%)"", ""current price within 15% of insider VWAP (8.2%)"", ""stock down at least 15% from 52w high (-18.5%)""]","[""market cap unavailable""]"
2026-08-14 23:37:04,0000905148-26-003768,1873026,OPFI,False,1818502,OppFi Inc.,OPFI,Class A Common Stock,2026-08-14,P,A,20000.0,7.2006,144012.0,"[{""cik"": ""0001873026"", ""name"": ""Schwartz Todd G."", ""is_director"": true, ""is_officer"": true, ""is_ten_percent_owner"": true, ""is_other"": false, ""officer_title"": ""Chief Executive Officer""}]",True,ae59b229258e995b181f1c002dcf399cf751924bbfb4a72d5322b81c17e77b13,2026-08-14 23:37:04,Schwartz Todd G.,OppFi Inc.,7.159999847412109,7223868.005634149,,0.0199355802026947,-0.0056384402116338,,False,False,True,False,False,12.239999771118164,-0.4150326812662988,4.0,WATCH,"[""purchase value >= $100k ($144,012)"", ""current price below insider VWAP (-0.6%)"", ""stock down at least 30% from 52w high (-41.5%)""]","[""market cap unavailable""]"
2026-08-15 00:09:13,0001012975-26-000796,2007825,INFQ,False,2007825,"Infleqtion, Inc.",INFQ,Common Stock,2026-08-14,P,A,52071.0,12.4222,646836.3762,"[{""cik"": ""0000934639"", ""name"": ""MAVERICK CAPITAL LTD"", ""is_director"": true, ""is_officer"": false, ""is_ten_percent_owner"": false, ""is_other"": false, ""officer_title"": null}, {""cik"": ""0001286655"", ""name"": ""MAVERICK CAPITAL MANAGEMENT LLC"", ""is_director"": true, ""is_officer"": false, ""is_ten_percent_owner"": false, ""is_other"": false, ""officer_title"": null}, {""cik"": ""0001286654"", ""name"": ""AINSLIE LEE S III"", ""is_director"": true, ""is_officer"": false, ""is_ten_percent_owner"": false, ""is_other"": false, ""officer_title"": null}]",True,8d869490df17036240c7a1b1b4624ade97a756ee06152273f91f65d874a91364,2026-08-15 00:09:13,AINSLIE LEE S III; MAVERICK CAPITAL LTD; MAVERICK CAPITAL MANAGEMENT LLC,"Infleqtion, Inc.",12.859999656677246,235846268.25331688,,0.0027426186599876,0.0352433270014365,,False,False,True,False,False,19.8700008392334,-0.3527932001248272,4.0,WATCH,"[""purchase value >= $100k ($646,836)"", ""current price within 15% of insider VWAP (3.5%)"", ""stock down at least 30% from 52w high (-35.3%)""]","[""market cap unavailable""]"
2026-08-14 23:26:52,0001962729-26-000004,1962729,OPEN,False,1801169,Opendoor Technologies Inc.,OPEN,Common Stock,2026-08-14,P,A,27625.0,3.62,100002.5,"[{""cik"": ""0001962729"", ""name"": ""Nejatian Kasra"", ""is_director"": true, ""is_officer"": true, ""is_ten_percent_owner"": false, ""is_other"": false, ""officer_title"": ""Chief Executive Officer""}]",True,932ee7a905c22348b843895bf25807a6b1e46425cded453127897af252b6d5b2,2026-08-14 23:26:52,Nejatian Kasra,Opendoor Technologies Inc.,3.640000104904175,265420009.2483024,,0.0003767707652607,0.0055248908575067,,False,False,True,False,False,10.520000457763672,-0.6539924005214386,4.0,WATCH,"[""purchase value >= $100k ($100,002)"", ""current price within 15% of insider VWAP (0.6%)"", ""stock down at least 30% from 52w high (-65.4%)""]","[""market cap unavailable""]"
2026-08-14 22:05:59,0001865200-26-000075,1865200,ANGX,False,1865200,"Angel Studios, Inc.",ANGX,"Class A Common Stock, par value $0.0001 per share",2026-08-12,P,A,246153.0,3.7063,912316.8639,"[{""cik"": ""0001597870"", ""name"": ""Sarowitz Steven I"", ""is_director"": true, ""is_officer"": null, ""is_ten_percent_owner"": null, ""is_other"": null, ""officer_title"": null}]",True,e82fd36d67c023e294fc2ef799c4c937849763d8fce31f05b8d0d3b41517a19b,2026-08-14 22:05:59,Sarowitz Steven I,"Angel Studios, Inc.",4.369999885559082,4727204.503489335,,0.1929928910895611,0.1790734386204791,,True,True,False,False,False,16.0,-0.7268750071525574,3.0,ARCHIVE,"[""purchase value >= $100k ($912,317)"", ""purchase value / ADV60 >= 5% (19.3%)"", ""stock down at least 30% from 52w high (-72.7%)""]","[""current price more than 15% above insider VWAP (17.9%)"", ""market cap unavailable""]"
2026-08-14 22:23:26,0001866581-26-000137,1866581,BROS,False,1866581,Dutch Bros Inc.,BROS,Class A Common Stock,2026-08-13,P,A,2000.0,51.56,103120.0,"[{""cik"": ""0001578490"", ""name"": ""Penegor Todd Allan"", ""is_director"": true, ""is_officer"": false, ""is_ten_percent_owner"": false, ""is_other"": false, ""officer_title"": null}]",True,d6820a1d9517d581a441b9ee8c6a55f84067bd72e9b09498d2810e842cc18c82,2026-08-14 22:23:26,Penegor Todd Allan,Dutch Bros Inc.,52.02000045776367,218231960.54495493,,0.0004725247380928,0.0089216535640743,,False,False,True,False,False,74.23999786376953,-0.2992995426371048,3.0,ARCHIVE,"[""purchase value >= $100k ($103,120)"", ""current price within 15% of insider VWAP (0.9%)"", ""stock down at least 15% from 52w high (-29.9%)""]","[""market cap unavailable""]"
2026-08-17 21:21:45,0002123122-26-000004,2123122,CMCL,False,766011,Caledonia Mining Corp Plc,CMCL,Common shares,2026-08-13,P,A,21400.0,23.03,492842.0,"[{""cik"": ""0002123122"", ""name"": ""Ndlovu July"", ""is_director"": true, ""is_officer"": false, ""is_ten_percent_owner"": false, ""is_other"": false, ""officer_title"": null}]",True,86e6c4aad7f14750ec2ec73230a6088f2c8844eb07bec84ff48e7590ee8be739,2026-08-17 21:21:45,Ndlovu July,Caledonia Mining Corp Plc,23.450000762939453,4851479.544488271,,0.1015859173434862,0.0182371151949392,,True,True,True,True,True,37.49557113647461,-0.374592783836063,7.0,ALERT,"[""purchase value >= $100k ($492,842)"", ""purchase value / ADV60 >= 5% (10.2%)"", ""current price within 15% of insider VWAP (1.8%)"", ""stock down at least 30% from 52w high (-37.5%)""]","[""market cap unavailable""]"
2026-08-17 21:06:50,0001865200-26-000079,1865200,ANGX,False,1865200,"Angel Studios, Inc.",ANGX,"Class A Common Stock, par value $0.0001 per share",2026-08-14,P,A,57922.0,4.261,246805.642,"[{""cik"": ""0001597870"", ""name"": ""Sarowitz Steven I"", ""is_director"": true, ""is_officer"": null, ""is_ten_percent_owner"": null, ""is_other"": null, ""officer_title"": null}]",True,5782d61b73c38e46585797c3ba2ed1d989196c1a69519c855b2ffc462a96a62e,2026-08-17 21:06:50,Sarowitz Steven I,"Angel Studios, Inc.",4.710000038146973,4839674.69126029,,0.0509963288329467,0.1053743342283437,,True,True,True,True,True,16.0,-0.7056249976158142,7.0,ALERT,"[""purchase value >= $100k ($246,806)"", ""purchase value / ADV60 >= 5% (5.1%)"", ""current price within 15% of insider VWAP (10.5%)"", ""stock down at least 30% from 52w high (-70.6%)""]","[""market cap unavailable""]"
2026-08-17 21:38:39,0001213900-26-090854,2092830,CDNL,False,2079999,Cardinal Infrastructure Group Inc.,CDNL,Class A Common Stock,2026-08-14,P,A,45249.0,38.82,1756566.18,"[{""cik"": ""0002092830"", ""name"": ""Spivey Jeremy Simmons"", ""is_director"": true, ""is_officer"": true, ""is_ten_percent_owner"": false, ""is_other"": false, ""officer_title"": ""Chief Executive Officer""}]",True,8ffe486fdc5d06cbe131633a98821a0d180de186bafbd13f9cb588ec00170aaa,2026-08-17 21:38:39,Spivey Jeremy Simmons,Cardinal Infrastructure Group Inc.,39.22999954223633,50039450.51489607,,0.035103626477215,0.0105615544110337,,True,False,True,True,False,94.30999755859376,-0.5840313799407835,7.0,ALERT,"[""purchase value >= $1m ($1,756,566)"", ""purchase value / ADV60 >= 2% (3.5%)"", ""current price within 15% of insider VWAP (1.1%)"", ""stock down at least 30% from 52w high (-58.4%)""]","[""market cap unavailable""]"
2026-08-17 21:39:11,0001213900-26-090855,2127585,CDNL,False,2079999,Cardinal Infrastructure Group Inc.,CDNL,Class A Common Stock,2026-08-14,P,A,34019.0,39.16,1332184.04,"[{""cik"": ""0002127585"", ""name"": ""Wood Anthony Leon Jr."", ""is_director"": true, ""is_officer"": false, ""is_ten_percent_owner"": false, ""is_other"": false, ""officer_title"": null}]",True,d26d822418884ea860e570a8fb8b00421de86258efca4af29bf2115e9df0b8c6,2026-08-17 21:39:11,Wood Anthony Leon Jr.,Cardinal Infrastructure Group Inc.,39.22999954223633,50039450.51489607,,0.0266226752350813,0.0017875266148195,,True,False,True,True,False,94.30999755859376,-0.5840313799407835,7.0,ALERT,"[""purchase value >= $1m ($1,332,184)"", ""purchase value / ADV60 >= 2% (2.7%)"", ""current price within 15% of insider VWAP (0.2%)"", ""stock down at least 30% from 52w high (-58.4%)""]","[""market cap unavailable""]"
2026-08-17 20:50:24,0001628280-26-057409,2012706,SUNS,False,2012706,"Sunrise Realty Trust, Inc.",SUNS,Common Stock,2026-08-13,P,A,50000.0,7.5,375000.0,"[{""cik"": ""0001200461"", ""name"": ""TANNENBAUM LEONARD M"", ""is_director"": true, ""is_officer"": true, ""is_ten_percent_owner"": true, ""is_other"": false, ""officer_title"": ""Executive Chairman""}]",True,3a319d3ba66cbde9f4bb0fd39585dcfd2296b169303de67fc2a27c1c8eb1f8f2,2026-08-17 20:50:24,TANNENBAUM LEONARD M,"Sunrise Realty Trust, Inc.",7.760000228881836,828021.6751559576,,0.4528866951814623,0.0346666971842448,,True,True,True,True,True,10.248780250549316,-0.2428367045467763,6.0,WATCH,"[""purchase value >= $100k ($375,000)"", ""purchase value / ADV60 >= 5% (45.3%)"", ""current price within 15% of insider VWAP (3.5%)"", ""stock down at least 15% from 52w high (-24.3%)""]","[""market cap unavailable""]"
2026-08-17 20:52:30,0001628280-26-057419,1822523,AFCG,False,1822523,Advanced Flower Capital Inc.,AFCG,Common Stock,2026-08-14,P,A,45829.0,3.06,140236.74,"[{""cik"": ""0001200461"", ""name"": ""TANNENBAUM LEONARD M"", ""is_director"": true, ""is_officer"": false, ""is_ten_percent_owner"": true, ""is_other"": false, ""officer_title"": null}]",True,bb0736184f97010ccd5a708eeb832cf6f69d740ec8bf3cb00f6baca5ee0b3a11,2026-08-17 20:52:30,TANNENBAUM LEONARD M,Advanced Flower Capital Inc.,3.470000028610229,355069.8433656295,,0.3949553661632499,0.1339869374543234,,True,True,True,True,True,4.6812615394592285,-0.2587468144300525,6.0,WATCH,"[""purchase value >= $100k ($140,237)"", ""purchase value / ADV60 >= 5% (39.5%)"", ""current price within 15% of insider VWAP (13.4%)"", ""stock down at least 15% from 52w high (-25.9%)""]","[""market cap unavailable""]"
2026-08-17 21:08:35,0001865200-26-000080,2020174,ANGX,False,1865200,"Angel Studios, Inc.",ANGX,"Class A Common Stock, par value $0.0001 per share",2026-08-14,P,A,51380.0,4.2646,219115.148,"[{""cik"": ""0002020174"", ""name"": ""Harmon Jeffrey"", ""is_director"": null, ""is_officer"": true, ""is_ten_percent_owner"": null, ""is_other"": null, ""officer_title"": ""Chief Content Officer""}]",True,7794994d00fe21a5d0d3e2b392e73751402d51adf5c0dfe16790849c1dfceea8,2026-08-17 21:08:35,Harmon Jeffrey,"Angel Studios, Inc.",4.710000038146973,4839674.69126029,,0.0452747678259632,0.1044412226579216,,True,False,True,True,False,16.0,-0.7056249976158142,6.0,WATCH,"[""purchase value >= $100k ($219,115)"", ""purchase value / ADV60 >= 2% (4.5%)"", ""current price within 15% of insider VWAP (10.4%)"", ""stock down at least 30% from 52w high (-70.6%)""]","[""market cap unavailable""]"
2026-08-17 21:10:12,0001865200-26-000081,2020176,ANGX,False,1865200,"Angel Studios, Inc.",ANGX,"Class A Common Stock, par value $0.0001 per share",2026-08-14,P,A,29193.1,4.282,125004.8542,"[{""cik"": ""0002020176"", ""name"": ""Harmon Neal"", ""is_director"": true, ""is_officer"": true, ""is_ten_percent_owner"": null, ""is_other"": null, ""officer_title"": ""Chief Executive Officer""}]",True,7c9e3f97ed68038815cbb9ef87ad41c69f7a0d4db021f268d44a2efd201188e9,2026-08-17 21:10:12,Harmon Neal,"Angel Studios, Inc.",4.710000038146973,4839674.69126029,,0.0258291852602695,0.0999533017624878,,True,False,True,True,False,16.0,-0.7056249976158142,6.0,WATCH,"[""purchase value >= $100k ($125,005)"", ""purchase value / ADV60 >= 2% (2.6%)"", ""current price within 15% of insider VWAP (10.0%)"", ""stock down at least 30% from 52w high (-70.6%)""]","[""market cap unavailable""]"
2026-08-17 23:13:51,0001193125-26-354457,2023674,APLM,False,1944885,Apollomics Inc.,APLM,CLASS A ORDINARY SHARES,2026-08-14,P,A,266667.0,15.0,4000005.0,"[{""cik"": ""0002023674"", ""name"": ""Chen Hung-Wen"", ""is_director"": true, ""is_officer"": true, ""is_ten_percent_owner"": false, ""is_other"": false, ""officer_title"": ""Chief Executive Officer""}]",True,82e52dbb6ff1216b2ac88e7b29b1ca30c6a16423a927ce53d51101e2f4667b02,2026-08-17 23:13:51,Chen Hung-Wen,Apollomics Inc.,23.549999237060547,458026.0824786504,,8.73313803081607,0.5699999491373697,,True,True,False,False,False,36.650001525878906,-0.3574352453865064,5.0,WATCH,"[""purchase value >= $2m ($4,000,005)"", ""purchase value / ADV60 >= 5% (873.3%)"", ""stock down at least 30% from 52w high (-35.7%)""]","[""current price more than 15% above insider VWAP (57.0%)"", ""market cap unavailable""]"
2026-08-17 23:13:51,0001193125-26-354457,2023674,APLM,False,1944885,Apollomics Inc.,APLM,CLASS A ORDINARY SHARES,2026-08-14,P,A,166667.0,12.0,2000004.0,"[{""cik"": ""0002023674"", ""name"": ""Chen Hung-Wen"", ""is_director"": true, ""is_officer"": true, ""is_ten_percent_owner"": false, ""is_other"": false, ""officer_title"": ""Chief Executive Officer""}]",True,dcdfd92c0293e2b011cf164591ad8b8c1753711b7641fe4f0f192caaba8ae168,2026-08-17 23:13:51,Chen Hung-Wen,Apollomics Inc.,23.549999237060547,458026.0824786504,,4.366572290330703,0.9624999364217122,,True,True,False,False,False,36.650001525878906,-0.3574352453865064,5.0,WATCH,"[""purchase value >= $2m ($2,000,004)"", ""purchase value / ADV60 >= 5% (436.7%)"", ""stock down at least 30% from 52w high (-35.7%)""]","[""current price more than 15% above insider VWAP (96.2%)"", ""market cap unavailable""]"
2026-08-17 23:13:51,0001193125-26-354457,2023674,APLM,False,1944885,Apollomics Inc.,APLM,CLASS A ORDINARY SHARES,2026-08-14,P,A,103333.0,15.0,1549995.0,"[{""cik"": ""0002023674"", ""name"": ""Chen Hung-Wen"", ""is_director"": true, ""is_officer"": true, ""is_ten_percent_owner"": false, ""is_other"": false, ""officer_title"": ""Chief Executive Officer""}]",True,be40321603f33f1cfe4e19a6220cc9c82287f3265cfe9ad2e5d17d94feb225c7,2026-08-17 23:13:51,Chen Hung-Wen,Apollomics Inc.,23.549999237060547,458026.0824786504,,3.384075840423888,0.5699999491373697,,True,True,False,False,False,36.650001525878906,-0.3574352453865064,4.0,WATCH,"[""purchase value >= $1m ($1,549,995)"", ""purchase value / ADV60 >= 5% (338.4%)"", ""stock down at least 30% from 52w high (-35.7%)""]","[""current price more than 15% above insider VWAP (57.0%)"", ""market cap unavailable""]"
2026-08-17 21:40:18,0001213900-26-090858,2092630,CDNL,False,2079999,Cardinal Infrastructure Group Inc.,CDNL,Class A Common Stock,2026-08-14,P,A,27000.0,36.59,987930.0,"[{""cik"": ""0002092630"", ""name"": ""Lee Richard Melvin Jr."", ""is_director"": true, ""is_officer"": false, ""is_ten_percent_owner"": false, ""is_other"": false, ""officer_title"": null}]",True,8bf3841401f173f6d5f8e1662cb2470992599bae0b5299b45737836c28f503eb,2026-08-17 21:40:18,Lee Richard Melvin Jr.,Cardinal Infrastructure Group Inc.,39.22999954223633,50039450.51489607,,0.0197430225518944,0.0721508483803312,,False,False,True,False,False,94.30999755859376,-0.5840313799407835,4.0,WATCH,"[""purchase value >= $100k ($987,930)"", ""current price within 15% of insider VWAP (7.2%)"", ""stock down at least 30% from 52w high (-58.4%)""]","[""market cap unavailable""]"
2026-08-17 21:39:11,0001213900-26-090855,2127585,CDNL,False,2079999,Cardinal Infrastructure Group Inc.,CDNL,Class A Common Stock,2026-08-14,P,A,17381.0,39.75,690894.75,"[{""cik"": ""0002127585"", ""name"": ""Wood Anthony Leon Jr."", ""is_director"": true, ""is_officer"": false, ""is_ten_percent_owner"": false, ""is_other"": false, ""officer_title"": null}]",True,61464486b323dc45bafc0750eababd8402046c06c5caf4b5407f4dba22e5e6d5,2026-08-17 21:39:11,Wood Anthony Leon Jr.,Cardinal Infrastructure Group Inc.,39.22999954223633,50039450.51489607,,0.0138070011339219,-0.0130817725223565,,False,False,True,False,False,94.30999755859376,-0.5840313799407835,4.0,WATCH,"[""purchase value >= $100k ($690,895)"", ""current price below insider VWAP (-1.3%)"", ""stock down at least 30% from 52w high (-58.4%)""]","[""market cap unavailable""]"
2026-08-17 21:38:39,0001213900-26-090854,2092830,CDNL,False,2079999,Cardinal Infrastructure Group Inc.,CDNL,Class A Common Stock,2026-08-14,P,A,14224.0,37.69,536102.56,"[{""cik"": ""0002092830"", ""name"": ""Spivey Jeremy Simmons"", ""is_director"": true, ""is_officer"": true, ""is_ten_percent_owner"": false, ""is_other"": false, ""officer_title"": ""Chief Executive Officer""}]",True,2a26f3b24b9518fb2627f75eb6a82e81ae9862ad6957ad8921e8cc7eb1460aac,2026-08-17 21:38:39,Spivey Jeremy Simmons,Cardinal Infrastructure Group Inc.,39.22999954223633,50039450.51489607,,0.0107135980608022,0.0408596323225345,,False,False,True,False,False,94.30999755859376,-0.5840313799407835,4.0,WATCH,"[""purchase value >= $100k ($536,103)"", ""current price within 15% of insider VWAP (4.1%)"", ""stock down at least 30% from 52w high (-58.4%)""]","[""market cap unavailable""]"
2026-08-17 21:37:34,0001213900-26-090850,2123683,CDNL,False,2079999,Cardinal Infrastructure Group Inc.,CDNL,Class A Common Stock,2026-08-14,P,A,13627.0,39.22,534450.94,"[{""cik"": ""0002123683"", ""name"": ""Wood Benjamin"", ""is_director"": false, ""is_officer"": true, ""is_ten_percent_owner"": false, ""is_other"": false, ""officer_title"": ""Chief Operating Officer""}]",True,cb22bd40e03e51da2e3df6bb96a94858ce3e9ffe528a81de3f2716efd8e19451,2026-08-17 21:37:34,Wood Benjamin,Cardinal Infrastructure Group Inc.,39.22999954223633,50039450.51489607,,0.0106805917031583,0.0002549602813954,,False,False,True,False,False,94.30999755859376,-0.5840313799407835,4.0,WATCH,"[""purchase value >= $100k ($534,451)"", ""current price within 15% of insider VWAP (0.0%)"", ""stock down at least 30% from 52w high (-58.4%)""]","[""market cap unavailable""]"
2026-08-17 21:38:08,0001213900-26-090852,2079999,CDNL,False,2079999,Cardinal Infrastructure Group Inc.,CDNL,Class A Common Stock,2026-08-14,P,A,12647.0,39.61,500947.67,"[{""cik"": ""0001856646"", ""name"": ""Zelman Ivy"", ""is_director"": true, ""is_officer"": false, ""is_ten_percent_owner"": false, ""is_other"": false, ""officer_title"": null}]",True,5ced8ce9a7e86eb90aa4c79818d246b3e12feb0ceaa6c9841dd541f56cffaf38,2026-08-17 21:38:08,Zelman Ivy,Cardinal Infrastructure Group Inc.,39.22999954223633,50039450.51489607,,0.0100110545748473,-0.00959354854238,,False,False,True,False,False,94.30999755859376,-0.5840313799407835,4.0,WATCH,"[""purchase value >= $100k ($500,948)"", ""current price below insider VWAP (-1.0%)"", ""stock down at least 30% from 52w high (-58.4%)""]","[""market cap unavailable""]"
2026-08-17 21:37:34,0001213900-26-090850,2123683,CDNL,False,2079999,Cardinal Infrastructure Group Inc.,CDNL,Class A Common Stock,2026-08-14,P,A,12073.0,39.77,480143.21,"[{""cik"": ""0002123683"", ""name"": ""Wood Benjamin"", ""is_director"": false, ""is_officer"": true, ""is_ten_percent_owner"": false, ""is_other"": false, ""officer_title"": ""Chief Operating Officer""}]",True,faaad4d8bd4b882d461ee3dabf02d7d7b5a92dc2ad0487449c5e0e9f2d1da261,2026-08-17 21:37:34,Wood Benjamin,Cardinal Infrastructure Group Inc.,39.22999954223633,50039450.51489607,,0.0095952934146842,-0.0135780854353451,,False,False,True,False,False,94.30999755859376,-0.5840313799407835,4.0,WATCH,"[""purchase value >= $100k ($480,143)"", ""current price below insider VWAP (-1.4%)"", ""stock down at least 30% from 52w high (-58.4%)""]","[""market cap unavailable""]"
2026-08-17 21:38:39,0001213900-26-090854,2092830,CDNL,False,2079999,Cardinal Infrastructure Group Inc.,CDNL,Class A Common Stock,2026-08-14,P,A,11511.0,39.65,456411.15,"[{""cik"": ""0002092830"", ""name"": ""Spivey Jeremy Simmons"", ""is_director"": true, ""is_officer"": true, ""is_ten_percent_owner"": false, ""is_other"": false, ""officer_title"": ""Chief Executive Officer""}]",True,ccc37bf7d2bf1c1e23596c6ea8ffef4f5e10d8eacfcbc0ac9e4a5d018f681b0c,2026-08-17 21:38:39,Spivey Jeremy Simmons,Cardinal Infrastructure Group Inc.,39.22999954223633,50039450.51489607,,0.0091210264162299,-0.0105926975476335,,False,False,True,False,False,94.30999755859376,-0.5840313799407835,4.0,WATCH,"[""purchase value >= $100k ($456,411)"", ""current price below insider VWAP (-1.1%)"", ""stock down at least 30% from 52w high (-58.4%)""]","[""market cap unavailable""]"
2026-08-17 21:38:39,0001213900-26-090854,2092830,CDNL,False,2079999,Cardinal Infrastructure Group Inc.,CDNL,Class A Common Stock,2026-08-14,P,A,12366.0,36.58,452348.28,"[{""cik"": ""0002092830"", ""name"": ""Spivey Jeremy Simmons"", ""is_director"": true, ""is_officer"": true, ""is_ten_percent_owner"": false, ""is_other"": false, ""officer_title"": ""Chief Executive Officer""}]",True,fd8070d277a8f02dad1fe1cf9bb431a08731cdd80926ee5ae61e219d75a1455e,2026-08-17 21:38:39,Spivey Jeremy Simmons,Cardinal Infrastructure Group Inc.,39.22999954223633,50039450.51489607,,0.0090398330786094,0.0724439459331964,,False,False,True,False,False,94.30999755859376,-0.5840313799407835,4.0,WATCH,"[""purchase value >= $100k ($452,348)"", ""current price within 15% of insider VWAP (7.2%)"", ""stock down at least 30% from 52w high (-58.4%)""]","[""market cap unavailable""]"
2026-08-17 21:40:18,0001213900-26-090858,2092630,CDNL,False,2079999,Cardinal Infrastructure Group Inc.,CDNL,Class A Common Stock,2026-08-14,P,A,7000.0,37.73,264110.0,"[{""cik"": ""0002092630"", ""name"": ""Lee Richard Melvin Jr."", ""is_director"": true, ""is_officer"": false, ""is_ten_percent_owner"": false, ""is_other"": false, ""officer_title"": null}]",True,9934795782e58d2c3fdb8cf3fd684f9724923549fee29c9984e49d6e61f0af53,2026-08-17 21:40:18,Lee Richard Melvin Jr.,Cardinal Infrastructure Group Inc.,39.22999954223633,50039450.51489607,,0.005278035575578,0.039756150072524,,False,False,True,False,False,94.30999755859376,-0.5840313799407835,4.0,WATCH,"[""purchase value >= $100k ($264,110)"", ""current price within 15% of insider VWAP (4.0%)"", ""stock down at least 30% from 52w high (-58.4%)""]","[""market cap unavailable""]"
2026-08-17 21:39:43,0001213900-26-090856,2091833,CDNL,False,2079999,Cardinal Infrastructure Group Inc.,CDNL,Class A Common Stock,2026-08-14,P,A,7000.0,36.53,255710.0,"[{""cik"": ""0002091833"", ""name"": ""Rowe Michael Bruce Jr."", ""is_director"": false, ""is_officer"": true, ""is_ten_percent_owner"": false, ""is_other"": false, ""officer_title"": ""Chief Financial Officer""}]",True,7b94e8b74565f915c47b84bd1f31cf73f9d23294d675626da700cc440d075b10,2026-08-17 21:39:43,Rowe Michael Bruce Jr.,Cardinal Infrastructure Group Inc.,39.22999954223633,50039450.51489607,,0.0051101680248043,0.0739118407401129,,False,False,True,False,False,94.30999755859376,-0.5840313799407835,4.0,WATCH,"[""purchase value >= $100k ($255,710)"", ""current price within 15% of insider VWAP (7.4%)"", ""stock down at least 30% from 52w high (-58.4%)""]","[""market cap unavailable""]"
2026-08-17 21:04:58,0001812477-26-000027,1851031,KEEL,False,1812477,Keel Infrastructure Corp.,KEEL,Common Stock,2026-08-17,P,A,26472.0,3.78,100064.16,"[{""cik"": ""0001851031"", ""name"": ""WILSON LIAM DANIEL"", ""is_director"": false, ""is_officer"": true, ""is_ten_percent_owner"": false, ""is_other"": false, ""officer_title"": ""Chief Operating Officer""}]",True,75aa2fca8ae5721dfdf77c925e3d3f0702478577e93b720970e6dfcefda9519a,2026-08-17 21:04:58,WILSON LIAM DANIEL,Keel Infrastructure Corp.,3.7699999809265137,231539131.1758293,,0.0004321695408108,-0.0026455076913984,,False,False,True,False,False,6.659999847412109,-0.4339339238286273,4.0,WATCH,"[""purchase value >= $100k ($100,064)"", ""current price below insider VWAP (-0.3%)"", ""stock down at least 30% from 52w high (-43.4%)""]","[""market cap unavailable""]"
2026-08-17 23:23:10,0001193125-26-354465,2112997,APLM,False,1944885,Apollomics Inc.,APLM,CLASS A ORDINARY SHARES,2026-08-14,P,A,26667.0,15.0,400005.0,"[{""cik"": ""0002112997"", ""name"": ""LIN PETER KUAN-HOW"", ""is_director"": false, ""is_officer"": true, ""is_ten_percent_owner"": false, ""is_other"": false, ""officer_title"": ""Chief Financial Officer""}]",True,408ccb5d8427e800cd3ac3dffe043571ae689000a69e36186380623c89bed1d7,2026-08-17 23:23:10,LIN PETER KUAN-HOW,Apollomics Inc.,23.549999237060547,458026.0824786504,,0.8733236278496107,0.5699999491373697,,True,True,False,False,False,36.650001525878906,-0.3574352453865064,3.0,ARCHIVE,"[""purchase value >= $100k ($400,005)"", ""purchase value / ADV60 >= 5% (87.3%)"", ""stock down at least 30% from 52w high (-35.7%)""]","[""current price more than 15% above insider VWAP (57.0%)"", ""market cap unavailable""]"
2026-08-17 23:32:04,0001193125-26-354470,2115232,APLM,False,1944885,Apollomics Inc.,APLM,CLASS A ORDINARY SHARES,2026-08-14,P,A,20000.0,15.0,300000.0,"[{""cik"": ""0002115232"", ""name"": ""Chen Yi-Kuei"", ""is_director"": true, ""is_officer"": true, ""is_ten_percent_owner"": false, ""is_other"": false, ""officer_title"": ""Chief Operating Officer""}]",True,0ced8c4fce2eb9970caf5222cd2abb4e85135ca0ac4ee26c33e13a39570c9b47,2026-08-17 23:32:04,Chen Yi-Kuei,Apollomics Inc.,23.549999237060547,458026.0824786504,,0.6549845335805382,0.5699999491373697,,True,True,False,False,False,36.650001525878906,-0.3574352453865064,3.0,ARCHIVE,"[""purchase value >= $100k ($300,000)"", ""purchase value / ADV60 >= 5% (65.5%)"", ""stock down at least 30% from 52w high (-35.7%)""]","[""current price more than 15% above insider VWAP (57.0%)"", ""market cap unavailable""]"
2026-08-17 21:08:35,0001865200-26-000080,2020174,ANGX,False,1865200,"Angel Studios, Inc.",ANGX,"Class A Common Stock, par value $0.0001 per share",2026-08-13,P,A,178700.0,4.0828,729596.36,"[{""cik"": ""0002020174"", ""name"": ""Harmon Jeffrey"", ""is_director"": null, ""is_officer"": true, ""is_ten_percent_owner"": null, ""is_other"": null, ""officer_title"": ""Chief Content Officer""}]",True,d4674f7e643ba313927a17aa74ca6af2968d6e5596ef0878b882c5bf64f86ae0,2026-08-17 21:08:35,Harmon Jeffrey,"Angel Studios, Inc.",4.710000038146973,4839674.69126029,,0.1507531820924945,0.153620074004843,,True,True,False,False,False,16.0,-0.7056249976158142,3.0,ARCHIVE,"[""purchase value >= $100k ($729,596)"", ""purchase value / ADV60 >= 5% (15.1%)"", ""stock down at least 30% from 52w high (-70.6%)""]","[""current price more than 15% above insider VWAP (15.4%)"", ""market cap unavailable""]"
2026-08-17 20:51:23,0002064832-26-000274,1804176,BFLY,False,1804176,"Butterfly Network, Inc.",BFLY,Class A Common Stock,2026-08-14,P,A,115200.0,8.6763,999509.76,"[{""cik"": ""0001471518"", ""name"": ""Phanstiel S. Louise"", ""is_director"": true, ""is_officer"": false, ""is_ten_percent_owner"": false, ""is_other"": false, ""officer_title"": null}]",True,2a17ecafd258d06ee7f8e805bfbd813ace2ab01c1c8cf3a53469bbcf571e664d,2026-08-17 20:51:23,Phanstiel S. Louise,"Butterfly Network, Inc.",9.020000457763672,62952029.17479922,,0.0158773239417693,0.039613712961017,,False,False,True,False,False,9.699999809265137,-0.0701030273064491,2.0,ARCHIVE,"[""purchase value >= $100k ($999,510)"", ""current price within 15% of insider VWAP (4.0%)""]","[""market cap unavailable""]"
2026-08-18 23:33:49,0000912282-26-001130,2144081,BGDE,False,1218683,"Big Digital Energy, Inc.",BGDE,Common Shares,2026-08-14,P,A,20000.0,6.83,136600.0,"[{""cik"": ""0002101945"", ""name"": ""Endeavor Blockchain, LLC"", ""is_director"": false, ""is_officer"": false, ""is_ten_percent_owner"": true, ""is_other"": true, ""officer_title"": null}, {""cik"": ""0002105932"", ""name"": ""Kilgore Joshua Allen"", ""is_director"": false, ""is_officer"": true, ""is_ten_percent_owner"": true, ""is_other"": false, ""officer_title"": ""SEE REMARKS""}, {""cik"": ""0002106415"", ""name"": ""Smith Cody"", ""is_director"": false, ""is_officer"": false, ""is_ten_percent_owner"": true, ""is_other"": true, ""officer_title"": null}, {""cik"": ""0001972752"", ""name"": ""PM Squared LLC"", ""is_director"": false, ""is_officer"": false, ""is_ten_percent_owner"": true, ""is_other"": true, ""officer_title"": null}, {""cik"": ""0002144081"", ""name"": ""Six Thirty AI, LLC"", ""is_director"": false, ""is_officer"": false, ""is_ten_percent_owner"": true, ""is_other"": false, ""officer_title"": null}]",True,6072699a7fdb0a5d47c683da6c4020abfd4fb14ebc9e4609752d39b0442738b3,2026-08-18 23:33:49,"Endeavor Blockchain, LLC; Kilgore Joshua Allen; PM Squared LLC; Six Thirty AI, LLC; Smith Cody","Big Digital Energy, Inc.",6.570000171661377,873448.0904022534,,0.1563916636844336,-0.0380673247933562,,True,True,True,True,True,33.599998474121094,-0.8044642717254399,7.0,ALERT,"[""purchase value >= $100k ($136,600)"", ""purchase value / ADV60 >= 5% (15.6%)"", ""current price below insider VWAP (-3.8%)"", ""stock down at least 30% from 52w high (-80.4%)""]","[""market cap unavailable""]"
2026-08-18 23:33:49,0000912282-26-001130,2144081,BGDE,False,1218683,"Big Digital Energy, Inc.",BGDE,Common Shares,2026-08-18,P,A,16000.0,6.73,107680.0,"[{""cik"": ""0002101945"", ""name"": ""Endeavor Blockchain, LLC"", ""is_director"": false, ""is_officer"": false, ""is_ten_percent_owner"": true, ""is_other"": true, ""officer_title"": null}, {""cik"": ""0002105932"", ""name"": ""Kilgore Joshua Allen"", ""is_director"": false, ""is_officer"": true, ""is_ten_percent_owner"": true, ""is_other"": false, ""officer_title"": ""SEE REMARKS""}, {""cik"": ""0002106415"", ""name"": ""Smith Cody"", ""is_director"": false, ""is_officer"": false, ""is_ten_percent_owner"": true, ""is_other"": true, ""officer_title"": null}, {""cik"": ""0001972752"", ""name"": ""PM Squared LLC"", ""is_director"": false, ""is_officer"": false, ""is_ten_percent_owner"": true, ""is_other"": true, ""officer_title"": null}, {""cik"": ""0002144081"", ""name"": ""Six Thirty AI, LLC"", ""is_director"": false, ""is_officer"": false, ""is_ten_percent_owner"": true, ""is_other"": false, ""officer_title"": null}]",True,0dca941a60b22bf1d34944a9288f424f261480fe8fd719bb08e37a8bc17d8aa0,2026-08-18 23:33:49,"Endeavor Blockchain, LLC; Kilgore Joshua Allen; PM Squared LLC; Six Thirty AI, LLC; Smith Cody","Big Digital Energy, Inc.",6.570000171661377,873448.0904022534,,0.1232815105822826,-0.0237741201097508,,True,True,True,True,True,33.599998474121094,-0.8044642717254399,7.0,ALERT,"[""purchase value >= $100k ($107,680)"", ""purchase value / ADV60 >= 5% (12.3%)"", ""current price below insider VWAP (-2.4%)"", ""stock down at least 30% from 52w high (-80.4%)""]","[""market cap unavailable""]"
2026-08-18 23:33:49,0000912282-26-001130,2144081,BGDE,False,1218683,"Big Digital Energy, Inc.",BGDE,Common Shares,2026-08-17,P,A,14000.0,7.19,100660.0,"[{""cik"": ""0002101945"", ""name"": ""Endeavor Blockchain, LLC"", ""is_director"": false, ""is_officer"": false, ""is_ten_percent_owner"": true, ""is_other"": true, ""officer_title"": null}, {""cik"": ""0002105932"", ""name"": ""Kilgore Joshua Allen"", ""is_director"": false, ""is_officer"": true, ""is_ten_percent_owner"": true, ""is_other"": false, ""officer_title"": ""SEE REMARKS""}, {""cik"": ""0002106415"", ""name"": ""Smith Cody"", ""is_director"": false, ""is_officer"": false, ""is_ten_percent_owner"": true, ""is_other"": true, ""officer_title"": null}, {""cik"": ""0001972752"", ""name"": ""PM Squared LLC"", ""is_director"": false, ""is_officer"": false, ""is_ten_percent_owner"": true, ""is_other"": true, ""officer_title"": null}, {""cik"": ""0002144081"", ""name"": ""Six Thirty AI, LLC"", ""is_director"": false, ""is_officer"": false, ""is_ten_percent_owner"": true, ""is_other"": false, ""officer_title"": null}]",True,2e4f78f4c8bcf47b4c8f870d460815c0e6f43868088f3fd1665f45398b1839c6,2026-08-18 23:33:49,"Endeavor Blockchain, LLC; Kilgore Joshua Allen; PM Squared LLC; Six Thirty AI, LLC; Smith Cody","Big Digital Energy, Inc.",6.570000171661377,873448.0904022534,,0.1152443987296858,-0.0862308523419503,,True,True,True,True,True,33.599998474121094,-0.8044642717254399,7.0,ALERT,"[""purchase value >= $100k ($100,660)"", ""purchase value / ADV60 >= 5% (11.5%)"", ""current price below insider VWAP (-8.6%)"", ""stock down at least 30% from 52w high (-80.4%)""]","[""market cap unavailable""]"
2026-08-18 21:38:36,0000897069-26-001700,1190089,FRPH,False,844059,"FRP HOLDINGS, INC.",FRPH,Common Stock,2026-08-18,P,A,8189.0,21.97,179912.33,"[{""cik"": ""0001190089"", ""name"": ""BAKER JOHN D II"", ""is_director"": true, ""is_officer"": false, ""is_ten_percent_owner"": true, ""is_other"": false, ""officer_title"": null}]",True,8cb8b3fed94065d966dce71ed900a0ef05afdccc47f7d9f10cc783defa3c425a,2026-08-18 21:38:36,BAKER JOHN D II,"FRP HOLDINGS, INC.",22.01000022888184,1731120.5744843483,,0.1039282489341279,0.0018206749604841,,True,True,True,True,True,26.21999931335449,-0.1605644239024979,6.0,WATCH,"[""purchase value >= $100k ($179,912)"", ""purchase value / ADV60 >= 5% (10.4%)"", ""current price within 15% of insider VWAP (0.2%)"", ""stock down at least 15% from 52w high (-16.1%)""]","[""market cap unavailable""]"
2026-08-18 21:51:12,0002117905-26-000018,2117905,AUGO,False,1468642,Aura Minerals Inc.,AUGO,Common Shares,2026-08-17,P,A,11000.0,78.93,868230.0,"[{""cik"": ""0002117905"", ""name"": ""Sousa Mauad Bruno"", ""is_director"": true, ""is_officer"": false, ""is_ten_percent_owner"": false, ""is_other"": false, ""officer_title"": null}]",True,8d3fe6d75db65cd8f4b6dac7a19bf7fccdbddd82f9857735badb6927d4b69d34,2026-08-18 21:51:12,Sousa Mauad Bruno,Aura Minerals Inc.,76.23999786376953,66192168.44583549,,0.0131168085346904,-0.0340808581810525,,False,False,True,False,False,108.0145492553711,-0.2941691800840575,3.0,ARCHIVE,"[""purchase value >= $100k ($868,230)"", ""current price below insider VWAP (-3.4%)"", ""stock down at least 15% from 52w high (-29.4%)""]","[""market cap unavailable""]"
2026-08-18 21:26:41,0001213900-26-091325,2092871,CDNL,False,2079999,Cardinal Infrastructure Group Inc.,CDNL,Class A Common Stock,2026-08-17,P,A,7500.0,39.13,293475.0,"[{""cik"": ""0002092871"", ""name"": ""Wimmer Richard Bennett"", ""is_director"": true, ""is_officer"": false, ""is_ten_percent_owner"": false, ""is_other"": false, ""officer_title"": null}]",True,3860d2262ef85d29624dcd1fca85e031bc1dcf4bd4b9e7a655608573ae88195c,2026-08-18 21:26:41,Wimmer Richard Bennett,Cardinal Infrastructure Group Inc.,45.13999938964844,50621097.87865957,,0.0057974839009511,0.1535905798530139,,False,False,False,False,False,94.30999755859376,-0.5213657029139094,0.0,ARCHIVE,"[""purchase value >= $100k ($293,475)"", ""stock down at least 30% from 52w high (-52.1%)""]","[""current price more than 15% above insider VWAP (15.4%)"", ""market cap unavailable""]"
2026-08-19 21:29:37,0001214659-26-010625,1212502,UUU,False,102109,"UNIVERSAL SAFETY PRODUCTS, INC.",UUU,Common Stock,2026-08-19,P,A,24328.0,5.5768,135672.3904,"[{""cik"": ""0001212502"", ""name"": ""AULT MILTON C III"", ""is_director"": true, ""is_officer"": false, ""is_ten_percent_owner"": true, ""is_other"": false, ""officer_title"": null}]",True,b39c34969c873422af7ec1938b47f4f1133998556413fb2eb0877eba4c2fbae9,2026-08-19 21:29:37,AULT MILTON C III,"UNIVERSAL SAFETY PRODUCTS, INC.",6.239999771118164,151462.02974565825,,0.8957518305269452,0.1189212041167271,,True,True,True,True,True,7.480000019073486,-0.1657754337959099,6.0,WATCH,"[""purchase value >= $100k ($135,672)"", ""purchase value / ADV60 >= 5% (89.6%)"", ""current price within 15% of insider VWAP (11.9%)"", ""stock down at least 15% from 52w high (-16.6%)""]","[""market cap unavailable""]"
2026-08-19 21:22:57,0001213900-26-091787,1897431,REFI,False,1867949,"Chicago Atlantic Real Estate Finance, Inc.",REFI,Common stock,2026-08-17,P,A,45000.0,10.405,468225.0,"[{""cik"": ""0001897431"", ""name"": ""Cappell Anthony"", ""is_director"": true, ""is_officer"": true, ""is_ten_percent_owner"": false, ""is_other"": false, ""officer_title"": ""Co-Chief Executive Officer""}]",True,5055aaddd65113380cd756009ecd0533b06ffcf1371721f58521c9685d82d8bb,2026-08-19 21:22:57,Cappell Anthony,"Chicago Atlantic Real Estate Finance, Inc.",10.59000015258789,1748156.5717932384,,0.2678392814207141,0.0177799281679857,,True,True,True,True,True,12.30410099029541,-0.1393113433528771,5.0,WATCH,"[""purchase value >= $100k ($468,225)"", ""purchase value / ADV60 >= 5% (26.8%)"", ""current price within 15% of insider VWAP (1.8%)""]","[""market cap unavailable""]"
2026-08-19 21:23:30,0001213900-26-091788,1867949,REFI,False,1867949,"Chicago Atlantic Real Estate Finance, Inc.",REFI,Common Stock,2026-08-17,P,A,25000.0,10.253,256325.0,"[{""cik"": ""0001867660"", ""name"": ""Mazarakis John"", ""is_director"": true, ""is_officer"": true, ""is_ten_percent_owner"": false, ""is_other"": false, ""officer_title"": ""Executive Chairman""}]",True,4017cab72e4fd7d0a79d0be88c1dd4f732fb316d817a2d5c71d819fffa735da2,2026-08-19 21:23:30,Mazarakis John,"Chicago Atlantic Real Estate Finance, Inc.",10.59000015258789,1748156.5717932384,,0.1466258824500284,0.0328684436348278,,True,True,True,True,True,12.30410099029541,-0.1393113433528771,5.0,WATCH,"[""purchase value >= $100k ($256,325)"", ""purchase value / ADV60 >= 5% (14.7%)"", ""current price within 15% of insider VWAP (3.3%)""]","[""market cap unavailable""]"
2026-08-19 22:34:11,0001193125-26-357255,2088281,MFP,False,2088281,"Midera Food Processing, Inc.",MFP,Common Stock,2026-08-17,P,A,10900.0,45.05,491045.0,"[{""cik"": ""0001785033"", ""name"": ""Nerbonne Robert A"", ""is_director"": true, ""is_officer"": false, ""is_ten_percent_owner"": false, ""is_other"": false, ""officer_title"": null}]",True,90925fe1e4b970581f2b8e8d0b2cd9085af8f2079e29ac2aa6138e7300bc85a1,2026-08-19 22:34:11,Nerbonne Robert A,"Midera Food Processing, Inc.",45.709999084472656,46121566.94327545,,0.0106467544913192,0.0146503681347982,,False,False,True,False,False,110.5,-0.5863348499142746,4.0,WATCH,"[""purchase value >= $100k ($491,045)"", ""current price within 15% of insider VWAP (1.5%)"", ""stock down at least 30% from 52w high (-58.6%)""]","[""market cap unavailable""]"
2026-08-20 23:38:04,0001213900-26-092254,2028293,RAIN,False,2028293,"Rain Enhancement Technologies Holdco, Inc.",RAIN,Class A Common Stock,2026-08-19,P,A,110000.0,0.9475,104225.0,"[{""cik"": ""0001665774"", ""name"": ""Seidl Randy"", ""is_director"": true, ""is_officer"": true, ""is_ten_percent_owner"": false, ""is_other"": false, ""officer_title"": ""Chief Executive Officer""}]",True,122cd2787fcd9ca72520003c2a365837f08edda9cd2bf0ba69c22d8c83f18faa,2026-08-20 23:38:04,Seidl Randy,"Rain Enhancement Technologies Holdco, Inc.",0.8799999952316284,744062.3941875994,,0.1400756184080469,-0.0712401105734792,,True,True,True,True,True,8.130000114440918,-0.8917589196993334,7.0,ALERT,"[""purchase value >= $100k ($104,225)"", ""purchase value / ADV60 >= 5% (14.0%)"", ""current price below insider VWAP (-7.1%)"", ""stock down at least 30% from 52w high (-89.2%)""]","[""market cap unavailable""]"
2026-08-20 22:30:51,0000912282-26-001136,2049504,IAUX,False,1853962,i-80 Gold Corp.,IAUX,Common Shares,2026-08-18,P,A,1000000.0,1.62,1620000.0,"[{""cik"": ""0002049504"", ""name"": ""Young Richard Scott"", ""is_director"": true, ""is_officer"": true, ""is_ten_percent_owner"": false, ""is_other"": false, ""officer_title"": ""President and CEO""}]",True,62ca09b1b555d97809a9cbf7704dadec419c32667b3f31691ba2603b689c1a66,2026-08-20 22:30:51,Young Richard Scott,i-80 Gold Corp.,1.7599999904632568,15470866.124164063,,0.1047129480016448,0.0864197471995411,,True,True,True,True,True,2.0799999237060547,-0.1538461273943874,7.0,ALERT,"[""purchase value >= $1m ($1,620,000)"", ""purchase value / ADV60 >= 5% (10.5%)"", ""current price within 15% of insider VWAP (8.6%)"", ""stock down at least 15% from 52w high (-15.4%)""]","[""market cap unavailable""]"
2026-08-20 21:50:38,0001539497-26-002324,1649096,CLPR,False,1649096,Clipper Realty Inc.,CLPR,Common Stock,2026-08-18,P,A,86983.0,3.1485,273865.9755,"[{""cik"": ""0001588901"", ""name"": ""Levinson Sam"", ""is_director"": true, ""is_officer"": false, ""is_ten_percent_owner"": true, ""is_other"": false, ""officer_title"": null}]",True,4545501cc5ad0c5589289e29ce0b1c077bcd2c82df5286e376a63b497b56cac3,2026-08-20 21:50:38,Levinson Sam,Clipper Realty Inc.,3.2300000190734863,320324.23112960655,,0.8549649039481841,0.0258853482844167,,True,True,True,True,True,3.9832592010498047,-0.1891062428922009,6.0,WATCH,"[""purchase value >= $100k ($273,866)"", ""purchase value / ADV60 >= 5% (85.5%)"", ""current price within 15% of insider VWAP (2.6%)"", ""stock down at least 15% from 52w high (-18.9%)""]","[""market cap unavailable""]"
2026-08-20 22:25:20,0001270735-26-000014,1616543,SENS,False,1616543,"Senseonics Holdings, Inc.",SENS,Common Stock,2026-08-19,P,A,13953.2843,8.98,125300.493014,"[{""cik"": ""0001270735"", ""name"": ""ROEDER DOUGLAS A"", ""is_director"": true, ""is_officer"": false, ""is_ten_percent_owner"": false, ""is_other"": false, ""officer_title"": null}]",True,2bf6d84d8f5f862a36e3fabe7c13b5717a16449c4ff2458f08befea5c5b3c397,2026-08-20 22:25:20,ROEDER DOUGLAS A,"Senseonics Holdings, Inc.",8.819999694824219,4628345.773188591,,0.0270724140231375,-0.0178174059215792,,True,False,True,True,False,11.300000190734863,-0.2194690667301099,5.0,WATCH,"[""purchase value >= $100k ($125,300)"", ""purchase value / ADV60 >= 2% (2.7%)"", ""current price below insider VWAP (-1.8%)"", ""stock down at least 15% from 52w high (-21.9%)""]","[""market cap unavailable""]"
2026-08-20 22:10:28,0001638833-26-000081,1685627,SGRY,True,1638833,"Surgery Partners, Inc.",SGRY,Common Stock,2026-08-18,P,A,11250.0,14.33,161212.5,"[{""cik"": ""0001685627"", ""name"": ""DeLuca Teresa"", ""is_director"": true, ""is_officer"": false, ""is_ten_percent_owner"": false, ""is_other"": false, ""officer_title"": null}]",True,3f7e13f4d790d4a615da18c61e016385798cb41f496a35d45e6cae49981589a6,2026-08-20 22:10:28,DeLuca Teresa,"Surgery Partners, Inc.",13.9399995803833,24783643.8444036,,0.0065047940896876,-0.0272156608246126,,False,False,True,False,False,23.63999938964844,-0.4103214915273054,4.0,WATCH,"[""purchase value >= $100k ($161,212)"", ""current price below insider VWAP (-2.7%)"", ""stock down at least 30% from 52w high (-41.0%)""]","[""market cap unavailable""]"
2026-08-20 21:06:04,0002022936-26-000012,2022936,PAM,False,1469395,Pampa Energy Inc.,PAM,Cammon Stock,2026-08-19,P,A,902975.0,3.339,3015033.525,"[{""cik"": ""0002022936"", ""name"": ""Mindlin Marcos Marcelo"", ""is_director"": true, ""is_officer"": false, ""is_ten_percent_owner"": true, ""is_other"": false, ""officer_title"": null}]",True,826f13a85430676d09268441117734b4ce02c3ba3f0e2795571eb1155e39b1f3,2026-08-20 21:06:04,Mindlin Marcos Marcelo,Pampa Energy Inc.,79.38999938964844,15721021.897651415,,0.1917835586407025,22.776579631520946,,True,True,False,False,False,92.2699966430664,-0.1395903080309241,3.0,ARCHIVE,"[""purchase value >= $2m ($3,015,034)"", ""purchase value / ADV60 >= 5% (19.2%)""]","[""current price more than 15% above insider VWAP (2277.7%)"", ""market cap unavailable""]"
2026-08-20 21:07:35,0001225208-26-007231,1555586,BWA,False,908255,BORGWARNER INC,BWA,Common Stock,2026-08-19,P,A,7407.0,67.5934,500664.3138,"[{""cik"": ""0001555586"", ""name"": ""Kalathur Rajesh"", ""is_director"": true, ""is_officer"": null, ""is_ten_percent_owner"": null, ""is_other"": null, ""officer_title"": null}]",True,84714b5eb9c626b9f3089c0895244947f52951e420962c5b0db8bec0967eb866,2026-08-20 21:07:35,Kalathur Rajesh,BORGWARNER INC,64.80000305175781,195200025.7869685,,0.002564878317928,-0.041326474896102,,False,False,True,False,False,77.02999877929688,-0.1587692577093234,3.0,ARCHIVE,"[""purchase value >= $100k ($500,664)"", ""current price below insider VWAP (-4.1%)"", ""stock down at least 15% from 52w high (-15.9%)""]","[""market cap unavailable""]"
2026-08-20 21:06:04,0002022936-26-000012,2022936,PAM,False,1469395,Pampa Energy Inc.,PAM,Cammon Stock,2026-08-18,P,A,396950.0,3.345,1327797.75,"[{""cik"": ""0002022936"", ""name"": ""Mindlin Marcos Marcelo"", ""is_director"": true, ""is_officer"": false, ""is_ten_percent_owner"": true, ""is_other"": false, ""officer_title"": null}]",True,050cdf40fe835c7ce7e63913e270abc3e4b428b32d4fa23a243efe80c4c17972,2026-08-20 21:06:04,Mindlin Marcos Marcelo,Pampa Energy Inc.,79.38999938964844,15721021.897651415,,0.0844600152995373,22.733931058190866,,True,True,False,False,False,92.2699966430664,-0.1395903080309241,2.0,ARCHIVE,"[""purchase value >= $1m ($1,327,798)"", ""purchase value / ADV60 >= 5% (8.4%)""]","[""current price more than 15% above insider VWAP (2273.4%)"", ""market cap unavailable""]"
2026-08-21 20:27:42,0001221359-26-000045,1500217,AAT,False,1500217,"American Assets Trust, Inc.",AAT,"Common Stock, par value $0.01",2026-08-21,P,A,50000.0,22.75,1137500.0,"[{""cik"": ""0001221359"", ""name"": ""RADY ERNEST S"", ""is_director"": true, ""is_officer"": true, ""is_ten_percent_owner"": true, ""is_other"": false, ""officer_title"": ""Executive Chairman""}]",True,683e6191e99256fee3509ed7d560f15cd42b2bc2128e32d39c5848827d11d362,2026-08-21 20:27:42,RADY ERNEST S,"American Assets Trust, Inc.",22.82999992370605,10214753.112871012,,0.111358540674537,0.0035164801629035,,True,True,True,True,True,25.850000381469727,-0.1168278689824904,6.0,WATCH,"[""purchase value >= $1m ($1,137,500)"", ""purchase value / ADV60 >= 5% (11.1%)"", ""current price within 15% of insider VWAP (0.4%)""]","[""market cap unavailable""]"
2026-08-21 20:42:47,0001812477-26-000031,2121167,KEEL,False,1812477,Keel Infrastructure Corp.,KEEL,Common Stock,2026-08-21,P,A,38888.0,3.33,129497.04,"[{""cik"": ""0002121167"", ""name"": ""Gagnon Benjamin"", ""is_director"": true, ""is_officer"": true, ""is_ten_percent_owner"": false, ""is_other"": false, ""officer_title"": ""Chief Executive Officer""}]",True,dc188c20af5d88f5f0666ef8bb1bfa6137bf0fbcc76aa8e1d1564e250970825c,2026-08-21 20:42:47,Gagnon Benjamin,Keel Infrastructure Corp.,3.319999933242798,228458283.50615275,,0.0005668301363934,-0.0030030230502108,,False,False,True,False,False,6.659999847412109,-0.5015015001039591,4.0,WATCH,"[""purchase value >= $100k ($129,497)"", ""current price below insider VWAP (-0.3%)"", ""stock down at least 30% from 52w high (-50.2%)""]","[""market cap unavailable""]"
2026-08-21 20:25:14,0001185185-26-003676,2131176,DXST,False,1958133,Decent Holding Inc.,DXST,Class B Ordinary Shares,2026-08-06,P,A,400000.0,2.0,800000.0,"[{""cik"": ""0002131176"", ""name"": ""Sun Dingxin"", ""is_director"": true, ""is_officer"": false, ""is_ten_percent_owner"": true, ""is_other"": false, ""officer_title"": null}]",True,6e21ed674b9d3e46a60a0e93b32cc08e39ec047dacc1d0f939fb4eeb37e02f24,2026-08-21 20:25:14,Sun Dingxin,Decent Holding Inc.,2.5199999809265137,9675996.36481661,,0.0826788239512905,0.2599999904632568,,True,True,False,False,False,51.75,-0.9513043481946568,3.0,ARCHIVE,"[""purchase value >= $100k ($800,000)"", ""purchase value / ADV60 >= 5% (8.3%)"", ""stock down at least 30% from 52w high (-95.1%)""]","[""current price more than 15% above insider VWAP (26.0%)"", ""market cap unavailable""]"
2026-08-21 20:30:18,0002111999-26-000009,2111999,NOMD,False,1651717,Nomad Foods Ltd,NOMD,Ordinary Shares,2026-08-19,P,A,28290.0,11.8498,335230.842,"[{""cik"": ""0002111999"", ""name"": ""BALDEW RUBEN"", ""is_director"": true, ""is_officer"": true, ""is_ten_percent_owner"": false, ""is_other"": false, ""officer_title"": ""Chief Financial Officer""}]",True,bfc5b4f5125ba17a771acacfe9ee592708e5b5b3805869115d9c50d9a766fff9,2026-08-21 20:30:18,BALDEW RUBEN,Nomad Foods Ltd,11.8100004196167,17017889.443733726,,0.0196987319202169,-0.003358671064769,,False,False,True,False,False,14.78431224822998,-0.201180263151529,3.0,ARCHIVE,"[""purchase value >= $100k ($335,231)"", ""current price below insider VWAP (-0.3%)"", ""stock down at least 15% from 52w high (-20.1%)""]","[""market cap unavailable""]"
2026-08-21 23:27:02,0001628280-26-058502,1862791,GWRS,False,1434728,"Global Water Resources, Inc.",GWRS,Common Stock,2026-08-20,P,A,651618.0,8.85,5766819.3,"[{""cik"": ""0001862791"", ""name"": ""Levine Jonathan L"", ""is_director"": true, ""is_officer"": false, ""is_ten_percent_owner"": false, ""is_other"": false, ""officer_title"": null}]",True,838d1f3277610aee91671af4e767559451d9770130809124006895c2c3b433f9,2026-08-21 23:27:02,Levine Jonathan L,"Global Water Resources, Inc.",8.880000114440918,890795.4787341753,,6.473786001018638,0.0033898434396517,,True,True,True,True,True,10.62976360321045,-0.1646098214489981,8.0,ALERT,"[""purchase value >= $2m ($5,766,819)"", ""purchase value / ADV60 >= 5% (647.4%)"", ""current price within 15% of insider VWAP (0.3%)"", ""stock down at least 15% from 52w high (-16.5%)""]","[""market cap unavailable""]"
2026-08-21 23:14:46,0001628280-26-058496,1696663,GWRS,False,1434728,"Global Water Resources, Inc.",GWRS,Common Stock,2026-08-20,P,A,139343.0,8.85,1233185.55,"[{""cik"": ""0001696663"", ""name"": ""Cohn Andrew M."", ""is_director"": true, ""is_officer"": false, ""is_ten_percent_owner"": false, ""is_other"": false, ""officer_title"": null}]",True,142cf86425c6108b243c58c3f049b118f6f0b3b3ced8c8a338ab407dca9d5369,2026-08-21 23:14:46,Cohn Andrew M.,"Global Water Resources, Inc.",8.880000114440918,890795.4787341753,,1.3843644017506271,0.0033898434396517,,True,True,True,True,True,10.62976360321045,-0.1646098214489981,7.0,ALERT,"[""purchase value >= $1m ($1,233,186)"", ""purchase value / ADV60 >= 5% (138.4%)"", ""current price within 15% of insider VWAP (0.3%)"", ""stock down at least 15% from 52w high (-16.5%)""]","[""market cap unavailable""]"
2026-08-22 00:00:08,0001214659-26-010748,1212502,UUU,False,102109,"UNIVERSAL SAFETY PRODUCTS, INC.",UUU,Common Stock,2026-08-21,P,A,20672.0,6.3352,130961.2544,"[{""cik"": ""0001212502"", ""name"": ""AULT MILTON C III"", ""is_director"": true, ""is_officer"": false, ""is_ten_percent_owner"": true, ""is_other"": false, ""officer_title"": null}]",True,6e0b022661e9240516c7b20e286c1bec5c50cbe484de255fbaa8e011c0332414,2026-08-22 00:00:08,AULT MILTON C III,"UNIVERSAL SAFETY PRODUCTS, INC.",6.400000095367432,157458.49937081337,,0.8317191826627752,0.0102285792662317,,True,True,True,True,True,7.480000019073486,-0.1443850161700707,5.0,WATCH,"[""purchase value >= $100k ($130,961)"", ""purchase value / ADV60 >= 5% (83.2%)"", ""current price within 15% of insider VWAP (1.0%)""]","[""market cap unavailable""]"
2026-08-21 20:59:34,0001451455-26-000011,1451455,ALK,False,766421,"ALASKA AIR GROUP, INC.",ALK,COMMON STOCK,2026-08-20,P,A,25000.0,40.0604,1001510.0,"[{""cik"": ""0001451455"", ""name"": ""MINICUCCI BENITO"", ""is_director"": true, ""is_officer"": true, ""is_ten_percent_owner"": false, ""is_other"": false, ""officer_title"": ""CEO AND PRESIDENT""}]",True,270cc15ebda2e2138c7dcb06132e499f274c3bd7e8f7b272a16fd5a332a24a47,2026-08-21 20:59:34,MINICUCCI BENITO,"ALASKA AIR GROUP, INC.",40.40999984741211,145141759.04548645,,0.0069002195273527,0.008726818689082,,False,False,True,True,False,63.86000061035156,-0.3672095292642114,5.0,WATCH,"[""purchase value >= $1m ($1,001,510)"", ""current price within 15% of insider VWAP (0.9%)"", ""stock down at least 30% from 52w high (-36.7%)""]","[""market cap unavailable""]"
2026-08-21 22:21:16,0001493152-26-039744,1946573,NAKA,False,1946573,Nakamoto Inc.,NAKA,Common Stock,2026-08-19,P,A,32133.836,5.5885,179579.942486,"[{""cik"": ""0001843661"", ""name"": ""Bailey David F"", ""is_director"": true, ""is_officer"": true, ""is_ten_percent_owner"": true, ""is_other"": false, ""officer_title"": ""Chief Executive Officer""}]",True,064ded06370f82229df37be124e14cf3896de2feeb0734fb0f2e6ec5d13a7614,2026-08-21 22:21:16,Bailey David F,Nakamoto Inc.,7.059999942779541,1309290.216858387,,0.1371582405289013,0.2633085698809236,,True,True,False,False,False,405.2000122070313,-0.982576506095532,3.0,ARCHIVE,"[""purchase value >= $100k ($179,580)"", ""purchase value / ADV60 >= 5% (13.7%)"", ""stock down at least 30% from 52w high (-98.3%)""]","[""current price more than 15% above insider VWAP (26.3%)"", ""market cap unavailable""]"
2026-08-24 21:00:07,0001193125-26-363737,1856380,TMCI,False,1630627,"TREACE MEDICAL CONCEPTS, INC.",TMCI,Common Stock,2026-08-20,P,A,39944.0,4.4356,177175.6064,"[{""cik"": ""0001856380"", ""name"": ""Treace John T."", ""is_director"": true, ""is_officer"": true, ""is_ten_percent_owner"": true, ""is_other"": false, ""officer_title"": ""Chief Executive Officer""}]",True,2d299358331c9256e5867aaa631c9b7bf5474403b0ad66eeba2c1e5a2e38af6f,2026-08-24 21:00:07,Treace John T.,"TREACE MEDICAL CONCEPTS, INC.",4.369999885559082,2979512.3901274363,,0.0594646315239595,-0.0147894567681752,,True,True,True,True,True,7.46999979019165,-0.4149933054486785,7.0,ALERT,"[""purchase value >= $100k ($177,176)"", ""purchase value / ADV60 >= 5% (5.9%)"", ""current price below insider VWAP (-1.5%)"", ""stock down at least 30% from 52w high (-41.5%)""]","[""market cap unavailable""]"
2026-08-24 21:30:03,0001193125-26-363812,1589597,KURA,False,1422143,"Kura Oncology, Inc.",KURA,Common Stock,2026-08-24,P,A,100000.0,12.39,1239000.0,"[{""cik"": ""0001589597"", ""name"": ""WILSON TROY EDWARD"", ""is_director"": true, ""is_officer"": true, ""is_ten_percent_owner"": false, ""is_other"": false, ""officer_title"": ""President and CEO""}]",True,18d160478997398094c2f704d5a5f88df6753b9e566bc5829fca81c7fc70d18f,2026-08-24 21:30:03,WILSON TROY EDWARD,"Kura Oncology, Inc.",12.399999618530272,18328457.689409733,,0.0675997959564213,0.0008070717135006,,True,True,True,True,True,12.529999732971191,-0.0103751091150335,6.0,WATCH,"[""purchase value >= $1m ($1,239,000)"", ""purchase value / ADV60 >= 5% (6.8%)"", ""current price within 15% of insider VWAP (0.1%)""]","[""market cap unavailable""]"
2026-08-24 21:21:48,0001628280-26-058684,1703057,ABCL,False,1703057,AbCellera Biologics Inc.,ABCL,Common Shares,2026-08-24,P,A,53613.0,10.64,570442.32,"[{""cik"": ""0001352908"", ""name"": ""Hayden Michael R"", ""is_director"": true, ""is_officer"": false, ""is_ten_percent_owner"": false, ""is_other"": false, ""officer_title"": null}]",True,c1dcbc49686b0a950bb7dda9ec6f999d3732ace561ced2d486d4fb28915fe272,2026-08-24 21:21:48,Hayden Michael R,AbCellera Biologics Inc.,10.609999656677246,61816456.85182273,,0.00922800090868,-0.0028195811393566,,False,False,True,False,False,12.010000228881836,-0.1165695708179793,2.0,ARCHIVE,"[""purchase value >= $100k ($570,442)"", ""current price below insider VWAP (-0.3%)""]","[""market cap unavailable""]"
2026-08-24 20:49:57,0001364479-26-000121,1400231,HRI,False,1364479,HERC HOLDINGS INC,HRI,Common Stock,2026-08-21,P,A,3085.0,163.0,502855.0,"[{""cik"": ""0001400231"", ""name"": ""Olsson Erik"", ""is_director"": true, ""is_officer"": null, ""is_ten_percent_owner"": null, ""is_other"": null, ""officer_title"": null}]",True,afda2e3b8d1e5219c586f3e2623ba7282596c0c88d94f26413bb8255a4bafcd3,2026-08-24 20:49:57,Olsson Erik,HERC HOLDINGS INC,158.0,80156333.88300171,,0.0062734281327534,-0.0306748466257669,,False,False,True,False,False,179.35552978515625,-0.1190681425364319,2.0,ARCHIVE,"[""purchase value >= $100k ($502,855)"", ""current price below insider VWAP (-3.1%)""]","[""market cap unavailable""]"
2026-08-25 23:25:03,0001628280-26-058967,2148272,AMRC,False,1488139,"Ameresco, Inc.",AMRC,Class A Common Stock,2026-08-21,P,A,4625.0,21.64,100085.0,"[{""cik"": ""0002148272"", ""name"": ""Cox Brian C"", ""is_director"": true, ""is_officer"": false, ""is_ten_percent_owner"": false, ""is_other"": false, ""officer_title"": null}]",True,f3042d8cef4e9798fe3c00f4fde8eb53f5b858fa8902e22b809d7795fd17bc42,2026-08-25 23:25:03,Cox Brian C,"Ameresco, Inc.",22.06999969482422,16994603.86523107,,0.0058892222963055,0.0198705958791227,,False,False,True,False,False,43.22999954223633,-0.4894749033420296,4.0,WATCH,"[""purchase value >= $100k ($100,085)"", ""current price within 15% of insider VWAP (2.0%)"", ""stock down at least 30% from 52w high (-48.9%)""]","[""market cap unavailable""]"
2026-08-25 21:05:14,0001812746-26-000010,1812746,AMR,False,1704715,"Alpha Metallurgical Resources, Inc.",AMR,"Common Stock, $0.01 par value per share",2026-08-25,P,A,2914.0,216.22,630065.08,"[{""cik"": ""0001812746"", ""name"": ""Courtis Kenneth S."", ""is_director"": true, ""is_officer"": false, ""is_ten_percent_owner"": false, ""is_other"": false, ""officer_title"": null}]",True,aee3ee05da5f3ed5d92bc08ee259f0d2c233703fc24b754f2112e0278949e731,2026-08-25 21:05:14,Courtis Kenneth S.,"Alpha Metallurgical Resources, Inc.",215.6300048828125,49078032.476427205,,0.0128380264694316,-0.002728679665098,,False,False,True,False,False,249.6499938964844,-0.1362707384153914,2.0,ARCHIVE,"[""purchase value >= $100k ($630,065)"", ""current price below insider VWAP (-0.3%)""]","[""market cap unavailable""]"
2026-08-25 21:05:14,0001812746-26-000010,1812746,AMR,False,1704715,"Alpha Metallurgical Resources, Inc.",AMR,"Common Stock, $0.01 par value per share",2026-08-25,P,A,2086.0,216.97,452599.42,"[{""cik"": ""0001812746"", ""name"": ""Courtis Kenneth S."", ""is_director"": true, ""is_officer"": false, ""is_ten_percent_owner"": false, ""is_other"": false, ""officer_title"": null}]",True,65b6cb228f72f30e1b1ac8d24dec0728ce7e1314b7ed4f9fdf3d05a2c9fa4829,2026-08-25 21:05:14,Courtis Kenneth S.,"Alpha Metallurgical Resources, Inc.",215.6300048828125,49078032.476427205,,0.0092220367680262,-0.0061759465234249,,False,False,True,False,False,249.6499938964844,-0.1362707384153914,2.0,ARCHIVE,"[""purchase value >= $100k ($452,599)"", ""current price below insider VWAP (-0.6%)""]","[""market cap unavailable""]"
2026-08-26 20:42:41,0001186173-26-000004,1504461,NGL,False,1504461,NGL Energy Partners LP,NGL,Common Units,2026-08-25,P,A,300000.0,16.98,5094000.0,"[{""cik"": ""0001186173"", ""name"": ""RAYMOND JOHN T"", ""is_director"": true, ""is_officer"": false, ""is_ten_percent_owner"": false, ""is_other"": false, ""officer_title"": null}]",True,3dbe254f2a2ac8584993d07deb5323ae6d7928e6a997db9f124525422d5b257b,2026-08-26 20:42:41,RAYMOND JOHN T,NGL Energy Partners LP,17.200000762939453,3943940.746142069,,1.2916015548618245,0.0129564642484953,,True,True,True,True,True,18.36000061035156,-0.0631808174754683,7.0,ALERT,"[""purchase value >= $2m ($5,094,000)"", ""purchase value / ADV60 >= 5% (129.2%)"", ""current price within 15% of insider VWAP (1.3%)""]","[""market cap unavailable""]"
2026-08-26 23:09:20,0001493152-26-040281,1566837,NSLR,False,1509470,Neostellar Capital Corp.,NSLR,Common Stock,2026-08-26,P,A,50000.0,10.22,511000.0,"[{""cik"": ""0001566837"", ""name"": ""Falk Erik A"", ""is_director"": true, ""is_officer"": false, ""is_ten_percent_owner"": false, ""is_other"": false, ""officer_title"": null}]",True,549c2400aeb96363398c5458dca0604c6ee06a9d7c38d50e1a57fe8273bfd39f,2026-08-26 23:09:20,Falk Erik A,Neostellar Capital Corp.,10.260000228881836,3327638.743519783,,0.1535623423651733,0.0039139167203361,,True,True,True,True,True,14.90999984741211,-0.311871204971029,7.0,ALERT,"[""purchase value >= $100k ($511,000)"", ""purchase value / ADV60 >= 5% (15.4%)"", ""current price within 15% of insider VWAP (0.4%)"", ""stock down at least 30% from 52w high (-31.2%)""]","[""market cap unavailable""]"
2026-08-26 20:54:39,0001221359-26-000048,1500217,AAT,False,1500217,"American Assets Trust, Inc.",AAT,"Common Stock, par value $0.01",2026-08-26,P,A,50000.0,22.89,1144500.0,"[{""cik"": ""0001221359"", ""name"": ""RADY ERNEST S"", ""is_director"": true, ""is_officer"": true, ""is_ten_percent_owner"": true, ""is_other"": false, ""officer_title"": ""Executive Chairman""}]",True,6c3a4893ab44b94744e9f3261eb8fa41d157b990e7a6f404bd6b58e189afd5f0,2026-08-26 20:54:39,RADY ERNEST S,"American Assets Trust, Inc.",22.739999771118164,10254809.190514885,,0.1116061721615061,-0.0065530899467818,,True,True,True,True,True,25.850000381469727,-0.120309499592152,6.0,WATCH,"[""purchase value >= $1m ($1,144,500)"", ""purchase value / ADV60 >= 5% (11.2%)"", ""current price below insider VWAP (-0.7%)""]","[""market cap unavailable""]"
2026-08-26 21:44:20,0002057567-26-000006,2057567,NPB,False,1336706,NORTHPOINTE BANCSHARES INC,NPB,Common Stock,2026-08-26,P,A,48312.0,16.9457,818680.6584,"[{""cik"": ""0002057567"", ""name"": ""Williams Charles Alan"", ""is_director"": true, ""is_officer"": true, ""is_ten_percent_owner"": true, ""is_other"": false, ""officer_title"": ""CHAIRMAN & CEO""}, {""cik"": ""0002056588"", ""name"": ""Charles A Williams TR Charles A Williams Trust"", ""is_director"": false, ""is_officer"": false, ""is_ten_percent_owner"": true, ""is_other"": false, ""officer_title"": null}]",True,173e268cafa2bf4528c822313379df28acb863926eb5629eabd86d813deeffb8,2026-08-26 21:44:20,Charles A Williams TR Charles A Williams Trust; Williams Charles Alan,NORTHPOINTE BANCSHARES INC,16.889999389648438,3466933.5147158303,,0.2361397052827832,-0.0032870055737774,,True,True,True,True,True,19.284086227416992,-0.1241483163648574,5.0,WATCH,"[""purchase value >= $100k ($818,681)"", ""purchase value / ADV60 >= 5% (23.6%)"", ""current price below insider VWAP (-0.3%)""]","[""market cap unavailable""]"
2026-08-26 21:44:20,0002057567-26-000006,2057567,NPB,False,1336706,NORTHPOINTE BANCSHARES INC,NPB,Common Stock,2026-08-25,P,A,30000.0,16.9475,508425.0,"[{""cik"": ""0002057567"", ""name"": ""Williams Charles Alan"", ""is_director"": true, ""is_officer"": true, ""is_ten_percent_owner"": true, ""is_other"": false, ""officer_title"": ""CHAIRMAN & CEO""}, {""cik"": ""0002056588"", ""name"": ""Charles A Williams TR Charles A Williams Trust"", ""is_director"": false, ""is_officer"": false, ""is_ten_percent_owner"": true, ""is_other"": false, ""officer_title"": null}]",True,11857e9bf4694109839446542cf6644fa67017cb9ba25cbbb1da2f425e03b937,2026-08-26 21:44:20,Charles A Williams TR Charles A Williams Trust; Williams Charles Alan,NORTHPOINTE BANCSHARES INC,16.889999389648438,3466933.5147158303,,0.1466497692678348,-0.0033928668152567,,True,True,True,True,True,19.284086227416992,-0.1241483163648574,5.0,WATCH,"[""purchase value >= $100k ($508,425)"", ""purchase value / ADV60 >= 5% (14.7%)"", ""current price below insider VWAP (-0.3%)""]","[""market cap unavailable""]"
2026-08-26 20:52:19,0001239159-26-000007,1704711,FNKO,False,1704711,"Funko, Inc.",FNKO,CLASS A COMMON STOCK,2026-08-24,P,A,72992.0,6.85,499995.2,"[{""cik"": ""0001239159"", ""name"": ""DENSON CHARLES D"", ""is_director"": true, ""is_officer"": false, ""is_ten_percent_owner"": false, ""is_other"": false, ""officer_title"": null}]",True,8aec021df6ff6dbce2b7a5b97468e329e1cb1b43a6378dc535e8259efd217394,2026-08-26 20:52:19,DENSON CHARLES D,"Funko, Inc.",6.380000114440918,5193646.017026107,,0.0962705579781308,-0.068613121979428,,True,True,True,True,True,6.869999885559082,-0.0713245675808752,5.0,WATCH,"[""purchase value >= $100k ($499,995)"", ""purchase value / ADV60 >= 5% (9.6%)"", ""current price below insider VWAP (-6.9%)""]","[""market cap unavailable""]"
2026-08-26 20:54:39,0001221359-26-000048,1500217,AAT,False,1500217,"American Assets Trust, Inc.",AAT,"Common Stock, par value $0.01",2026-08-24,P,A,29729.0,22.74,676037.46,"[{""cik"": ""0001221359"", ""name"": ""RADY ERNEST S"", ""is_director"": true, ""is_officer"": true, ""is_ten_percent_owner"": true, ""is_other"": false, ""officer_title"": ""Executive Chairman""}]",True,cdd35c0b7daf82d927f0e0ba71cec3458bed9082194609ac3063b52be39d896d,2026-08-26 20:54:39,RADY ERNEST S,"American Assets Trust, Inc.",22.739999771118164,10254809.190514885,,0.065923943336293,-1.006516425761106e-08,,True,True,True,True,True,25.850000381469727,-0.120309499592152,5.0,WATCH,"[""purchase value >= $100k ($676,037)"", ""purchase value / ADV60 >= 5% (6.6%)"", ""current price below insider VWAP (-0.0%)""]","[""market cap unavailable""]"
2026-08-26 22:18:58,0001206714-26-000009,1504461,NGL,False,1504461,NGL Energy Partners LP,NGL,Common Units,2026-08-25,P,A,10808.0,16.824,181833.792,"[{""cik"": ""0001206714"", ""name"": ""COLLINGSWORTH JAMES M"", ""is_director"": true, ""is_officer"": false, ""is_ten_percent_owner"": false, ""is_other"": false, ""officer_title"": null}]",True,f93f76fc85c1da9a5bbab605f1acfc0c5b379e531a290e1100abc1338ef6219a,2026-08-26 22:18:58,COLLINGSWORTH JAMES M,NGL Energy Partners LP,17.200000762939453,3943940.746142069,,0.0461045953030273,0.0223490705503714,,True,False,True,True,False,18.36000061035156,-0.0631808174754683,4.0,WATCH,"[""purchase value >= $100k ($181,834)"", ""purchase value / ADV60 >= 2% (4.6%)"", ""current price within 15% of insider VWAP (2.2%)""]","[""market cap unavailable""]"
2026-08-26 21:36:15,0002035989-26-000074,2124568,AMRZ,False,2035989,Amrize Ltd,AMRZ,Ordinary Shares,2026-08-26,P,A,4150.0,45.02,186833.0,"[{""cik"": ""0002124568"", ""name"": ""Sanche Jacques Wolf"", ""is_director"": true, ""is_officer"": false, ""is_ten_percent_owner"": false, ""is_other"": false, ""officer_title"": null}]",True,832539b1d14e6cedd35f65d351f686d14968cfa32b0c8bf08aa380fec9305336,2026-08-26 21:36:15,Sanche Jacques Wolf,Amrize Ltd,44.7400016784668,165161517.99863815,,0.0011312138703008,-0.0062194207359663,,False,False,True,False,False,65.05545043945312,-0.3122789654633756,4.0,WATCH,"[""purchase value >= $100k ($186,833)"", ""current price below insider VWAP (-0.6%)"", ""stock down at least 30% from 52w high (-31.2%)""]","[""market cap unavailable""]"
2026-08-26 22:46:49,0001225208-26-007337,1983791,BSX,False,885725,BOSTON SCIENTIFIC CORP,BSX,Common Stock,2026-08-25,P,A,2040.0,49.2195,100407.78,"[{""cik"": ""0001983791"", ""name"": ""Morano Susan E"", ""is_director"": true, ""is_officer"": null, ""is_ten_percent_owner"": null, ""is_other"": null, ""officer_title"": null}]",True,991b62659adaa19f6d18cd38100e283f36af307343c6aa05420df877f7191e92,2026-08-26 22:46:49,Morano Susan E,BOSTON SCIENTIFIC CORP,48.16999816894531,948155324.8499998,,0.0001058980289077,-0.0213228868853744,,False,False,True,False,False,108.13999938964844,-0.5545589195411413,4.0,WATCH,"[""purchase value >= $100k ($100,408)"", ""current price below insider VWAP (-2.1%)"", ""stock down at least 30% from 52w high (-55.5%)""]","[""market cap unavailable""]"
2026-08-26 21:52:16,0001532010-26-000003,1532010,OPLN,False,1395942,"OPENLANE, Inc.",OPLN,Common Stock,2026-08-24,P,A,14830.1521,33.715,499998.5780515,"[{""cik"": ""0001532010"", ""name"": ""Kelly Peter J"", ""is_director"": true, ""is_officer"": true, ""is_ten_percent_owner"": false, ""is_other"": false, ""officer_title"": ""Chief Executive Officer""}]",True,18e63205a2558e373856b6cbfa88b185d7f4c3dc4d76ff1f1e728dd848dfe900,2026-08-26 21:52:16,Kelly Peter J,"OPENLANE, Inc.",34.650001525878906,46188508.20632299,,0.0108251726991921,0.0277325085534303,,False,False,True,False,False,42.900001525878906,-0.1923076854676401,3.0,ARCHIVE,"[""purchase value >= $100k ($499,999)"", ""current price within 15% of insider VWAP (2.8%)"", ""stock down at least 15% from 52w high (-19.2%)""]","[""market cap unavailable""]"
2026-08-27 22:02:13,0001213900-26-094460,2150876,JTTT,False,2145659,JATT III Acquisition Corp,JTTT,Ordinary Shares,2026-08-27,P,A,234000.0,10.0,2340000.0,"[{""cik"": ""0002150876"", ""name"": ""JATT Ventures III L.P."", ""is_director"": false, ""is_officer"": false, ""is_ten_percent_owner"": true, ""is_other"": false, ""officer_title"": null}, {""cik"": ""0001870329"", ""name"": ""Sidhu Someit"", ""is_director"": true, ""is_officer"": true, ""is_ten_percent_owner"": true, ""is_other"": false, ""officer_title"": ""CEO and Chairman""}]",True,f6bac5b7fbd48fd6e2cbcb946f8d9532968affce551affc08ce95af31467a863,2026-08-27 22:02:13,JATT Ventures III L.P.; Sidhu Someit,JATT III Acquisition Corp,11.100000381469728,3897567.473077774,,0.6003744684764066,0.1100000381469725,,True,True,True,True,True,11.449999809265137,-0.0305676361245174,7.0,ALERT,"[""purchase value >= $2m ($2,340,000)"", ""purchase value / ADV60 >= 5% (60.0%)"", ""current price within 15% of insider VWAP (11.0%)""]","[""market cap unavailable""]"
2026-08-27 22:40:34,0001655400-26-000007,1831631,LDI,False,1831631,"loanDepot, Inc.",LDI,Class A Common Stock,2026-08-26,P,A,284349.0,0.8898,253013.7402,"[{""cik"": ""0001655400"", ""name"": ""Hsieh Anthony Li"", ""is_director"": true, ""is_officer"": true, ""is_ten_percent_owner"": true, ""is_other"": false, ""officer_title"": ""Executive Chair, CEO & Pres.""}]",True,59762c9ef756d7b2355dfba41da30e2ed616d845b6150c481d3836b66b709a09,2026-08-27 22:40:34,Hsieh Anthony Li,"loanDepot, Inc.",0.9729999899864196,2444214.113894304,,0.1035153748445056,0.0935041469840634,,True,True,True,True,True,4.559999942779541,-0.7866228065359735,7.0,ALERT,"[""purchase value >= $100k ($253,014)"", ""purchase value / ADV60 >= 5% (10.4%)"", ""current price within 15% of insider VWAP (9.4%)"", ""stock down at least 30% from 52w high (-78.7%)""]","[""market cap unavailable""]"
2026-08-27 23:03:38,0002023732-26-000008,2023732,RGNX,False,1590877,REGENXBIO Inc.,RGNX,Common Stock,2026-08-27,P,A,53407.0,9.356,499675.892,"[{""cik"": ""0002023732"", ""name"": ""Ciongoli Gregory Austin"", ""is_director"": true, ""is_officer"": false, ""is_ten_percent_owner"": false, ""is_other"": false, ""officer_title"": null}]",True,373182a1c66314fd8474de9800e129aa4245071f04b963f8a50d06b284386b7e,2026-08-27 23:03:38,Ciongoli Gregory Austin,REGENXBIO Inc.,9.369999885559082,20783451.51675542,,0.0240420072477935,0.0014963537365415,,True,False,True,True,False,15.979999542236328,-0.4136420429303846,6.0,WATCH,"[""purchase value >= $100k ($499,676)"", ""purchase value / ADV60 >= 2% (2.4%)"", ""current price within 15% of insider VWAP (0.1%)"", ""stock down at least 30% from 52w high (-41.4%)""]","[""market cap unavailable""]"
2026-08-27 23:03:38,0002023732-26-000008,2023732,RGNX,False,1590877,REGENXBIO Inc.,RGNX,Common Stock,2026-08-26,P,A,49196.0,9.1411,449705.5556,"[{""cik"": ""0002023732"", ""name"": ""Ciongoli Gregory Austin"", ""is_director"": true, ""is_officer"": false, ""is_ten_percent_owner"": false, ""is_other"": false, ""officer_title"": null}]",True,fad2fd7bdff9f10d617a65c1fd045e12af76f477be4755f51efe65ee89125430,2026-08-27 23:03:38,Ciongoli Gregory Austin,REGENXBIO Inc.,9.369999885559082,20783451.51675542,,0.021637674340927,0.0250407374997627,,True,False,True,True,False,15.979999542236328,-0.4136420429303846,6.0,WATCH,"[""purchase value >= $100k ($449,706)"", ""purchase value / ADV60 >= 2% (2.2%)"", ""current price within 15% of insider VWAP (2.5%)"", ""stock down at least 30% from 52w high (-41.4%)""]","[""market cap unavailable""]"
2026-08-27 22:06:21,0001206399-26-000007,1206399,SGI,False,1206264,SOMNIGROUP INTERNATIONAL INC.,SGI,Common Stock,2026-08-27,P,A,30000.0,62.8438,1885314.0,"[{""cik"": ""0001206399"", ""name"": ""THOMPSON SCOTT L"", ""is_director"": true, ""is_officer"": true, ""is_ten_percent_owner"": false, ""is_other"": false, ""officer_title"": ""CEO & PRESIDENT""}]",True,a6bfb27e0bdb208aa17fffe84d8edb8c9800471c0f705c574239b18a8e88e906,2026-08-27 22:06:21,THOMPSON SCOTT L,SOMNIGROUP INTERNATIONAL INC.,62.47999954223633,199063667.73617423,,0.0094709095910895,-0.0057889633943789,,False,False,True,True,False,97.29149627685548,-0.3578061605256697,5.0,WATCH,"[""purchase value >= $1m ($1,885,314)"", ""current price below insider VWAP (-0.6%)"", ""stock down at least 30% from 52w high (-35.8%)""]","[""market cap unavailable""]"
2026-08-27 21:07:58,0001628280-26-059280,1759631,HYLN,False,1759631,Hyliion Holdings Corp.,HYLN,Common Stock,2026-08-27,P,A,50000.0,3.4,170000.0,"[{""cik"": ""0001588838"", ""name"": ""Cubbage Vincent T."", ""is_director"": true, ""is_officer"": false, ""is_ten_percent_owner"": false, ""is_other"": false, ""officer_title"": null}]",True,e9fb16061e98c4c0fc261f2b43189143941a2f4198f5af7eb825eee8b42fb146,2026-08-27 21:07:58,Cubbage Vincent T.,Hyliion Holdings Corp.,3.4100000858306885,21466572.032298643,,0.0079192895700448,0.0029412017149084,,False,False,True,False,False,8.100000381469727,-0.579012354909056,4.0,WATCH,"[""purchase value >= $100k ($170,000)"", ""current price within 15% of insider VWAP (0.3%)"", ""stock down at least 30% from 52w high (-57.9%)""]","[""market cap unavailable""]"
2026-08-27 21:09:40,0001816092-26-000006,1816092,HWKN,False,46250,HAWKINS INC,HWKN,Common Stock,2026-08-25,P,A,910.0,118.7536,108065.776,"[{""cik"": ""0001816092"", ""name"": ""Lange Douglas A."", ""is_director"": false, ""is_officer"": true, ""is_ten_percent_owner"": false, ""is_other"": false, ""officer_title"": ""VP - WATER TREATMENT GROUP""}]",True,3102439d9e86207abbf6cb79b5244fd6fd78704e402179bb1e2610aeecb6082a,2026-08-27 21:09:40,Lange Douglas A.,HAWKINS INC,117.66999816894533,22673808.51720174,,0.0047661060521885,-0.009124791425731,,False,False,True,False,False,182.5624847412109,-0.3554535679345794,4.0,WATCH,"[""purchase value >= $100k ($108,066)"", ""current price below insider VWAP (-0.9%)"", ""stock down at least 30% from 52w high (-35.5%)""]","[""market cap unavailable""]"
2026-08-27 20:27:47,0001111928-26-000163,1111928,IPGP,False,1111928,IPG PHOTONICS CORP,IPGP,Common Stock,2026-08-26,P,A,1552.0,72.84,113047.68,"[{""cik"": ""0001053572"", ""name"": ""PEELER JOHN R"", ""is_director"": true, ""is_officer"": false, ""is_ten_percent_owner"": false, ""is_other"": false, ""officer_title"": null}]",True,c8b0de20d6066e4839b008220870b0dfef0fc56a56098e808d74d0512e502b75,2026-08-27 20:27:47,PEELER JOHN R,IPG PHOTONICS CORP,77.25,46002274.058659874,,0.002457436774883,0.0605436573311366,,False,False,True,False,False,153.91000366210938,-0.4980833073749192,4.0,WATCH,"[""purchase value >= $100k ($113,048)"", ""current price within 15% of insider VWAP (6.1%)"", ""stock down at least 30% from 52w high (-49.8%)""]","[""market cap unavailable""]"
2026-08-27 20:30:54,0001193125-26-371390,1720116,RDVT,False,1720116,"Red Violet, Inc.",RDVT,Common Stock,2026-08-27,P,A,2000.0,71.49,142980.0,"[{""cik"": ""0001466605"", ""name"": ""LIVEK WILLIAM PAUL"", ""is_director"": true, ""is_officer"": false, ""is_ten_percent_owner"": false, ""is_other"": false, ""officer_title"": null}]",True,701f88a2a11bb23d59189a613d08380645d0ec609c83e750e9e250be0ca25f87,2026-08-27 20:30:54,LIVEK WILLIAM PAUL,"Red Violet, Inc.",72.0,14236012.581310272,,0.0100435426832729,0.0071338648762064,,False,False,True,False,False,73.73999786376953,-0.0235963915673563,2.0,ARCHIVE,"[""purchase value >= $100k ($142,980)"", ""current price within 15% of insider VWAP (0.7%)""]","[""market cap unavailable""]"
2026-08-27 20:38:49,0001193125-26-371418,2031329,WELL,False,766704,WELLTOWER INC.,WELL,Common Stock,2026-08-26,P,A,2500.0,242.06,605150.0,"[{""cik"": ""0002031329"", ""name"": ""Gundlach Andrew"", ""is_director"": true, ""is_officer"": false, ""is_ten_percent_owner"": false, ""is_other"": false, ""officer_title"": null}]",True,497a63f536aa54fb7190bf0ab8d72025afe755b2c76bd0a0cacfdf6f0ade2d0b,2026-08-27 20:38:49,Gundlach Andrew,WELLTOWER INC.,239.6000061035156,730467425.6982422,,0.0008284421436336,-0.0101627443463785,,False,False,True,False,False,251.1220092773437,-0.045882092163029,2.0,ARCHIVE,"[""purchase value >= $100k ($605,150)"", ""current price below insider VWAP (-1.0%)""]","[""market cap unavailable""]"
2026-08-27 20:38:49,0001193125-26-371418,2031329,WELL,False,766704,WELLTOWER INC.,WELL,Common Stock,2026-08-25,P,A,2500.0,239.47,598675.0,"[{""cik"": ""0002031329"", ""name"": ""Gundlach Andrew"", ""is_director"": true, ""is_officer"": false, ""is_ten_percent_owner"": false, ""is_other"": false, ""officer_title"": null}]",True,61f4812d647ec61ae65a1d90aec8dca19b40f714ac38804ab45cbda46b7202cf,2026-08-27 20:38:49,Gundlach Andrew,WELLTOWER INC.,239.6000061035156,730467425.6982422,,0.0008195779564403,0.0005428909822342,,False,False,True,False,False,251.1220092773437,-0.045882092163029,2.0,ARCHIVE,"[""purchase value >= $100k ($598,675)"", ""current price within 15% of insider VWAP (0.1%)""]","[""market cap unavailable""]"
2026-08-27 22:00:49,0001741576-26-000008,1741576,KDP,False,1418135,Keurig Dr Pepper Inc.,KDP,Common Stock,2026-08-25,P,A,7862.0,31.83,250247.46,"[{""cik"": ""0001741576"", ""name"": ""Alt Aaron E"", ""is_director"": true, ""is_officer"": false, ""is_ten_percent_owner"": false, ""is_other"": false, ""officer_title"": null}]",True,1fec561a308ba7bb9289dda3830b14bf11b3240e7b05660bbed9bbb5507c2855,2026-08-27 22:00:49,Alt Aaron E,Keurig Dr Pepper Inc.,31.8799991607666,435673120.254488,,0.0005743927003204,0.0015708187485581,,False,False,True,False,False,33.5,-0.0483582340069671,2.0,ARCHIVE,"[""purchase value >= $100k ($250,247)"", ""current price within 15% of insider VWAP (0.2%)""]","[""market cap unavailable""]"
2026-08-27 20:05:21,0001493152-26-040391,1770501,VENU,False,1770501,Venu Holding Corp,VENU,"Common Stock, par value $0.001 per share",2026-08-25,P,A,54644.0,1.949,106501.156,"[{""cik"": ""0001363651"", ""name"": ""Finke Thomas M"", ""is_director"": true, ""is_officer"": false, ""is_ten_percent_owner"": false, ""is_other"": false, ""officer_title"": null}]",True,7595a636d03b992c3ade630d15d1333f383cf0bef6c9758ad47d9e53266bc6ce,2026-08-27 20:05:21,Finke Thomas M,Venu Holding Corp,2.0,1644305.0494020267,,0.0647697068367761,0.0261672652642379,,True,True,True,True,True,13.880000114440918,-0.8559077821678707,7.0,ALERT,"[""purchase value >= $100k ($106,501)"", ""purchase value / ADV60 >= 5% (6.5%)"", ""current price within 15% of insider VWAP (2.6%)"", ""stock down at least 30% from 52w high (-85.6%)""]","[""market cap unavailable""]"
2026-08-28 21:38:55,0001866174-26-000011,2058707,ATTO,True,2058707,"Attovia Therapeutics, Inc.",ATTO,Common Stock,2026-08-05,P,A,85000.0,21.0,1785000.0,"[{""cik"": ""0001866174"", ""name"": ""WALSH COLIN"", ""is_director"": true, ""is_officer"": false, ""is_ten_percent_owner"": false, ""is_other"": false, ""officer_title"": null}]",True,a501657bbd09c0f4deb01d4d9dd130d38c0a1e69c8fedaeafb731fee8b29a746,2026-08-28 21:38:55,WALSH COLIN,"Attovia Therapeutics, Inc.",20.700000762939453,11310186.126814948,,0.1578223364306978,-0.0142856779552641,,True,True,True,True,True,23.239999771118164,-0.109294278536755,6.0,WATCH,"[""purchase value >= $1m ($1,785,000)"", ""purchase value / ADV60 >= 5% (15.8%)"", ""current price below insider VWAP (-1.4%)""]","[""market cap unavailable""]"
2026-08-28 20:15:46,0001221359-26-000053,1500217,AAT,False,1500217,"American Assets Trust, Inc.",AAT,"Common Stock, par value $0.01",2026-08-27,P,A,50000.0,22.56,1128000.0,"[{""cik"": ""0001221359"", ""name"": ""RADY ERNEST S"", ""is_director"": true, ""is_officer"": true, ""is_ten_percent_owner"": true, ""is_other"": false, ""officer_title"": ""Executive Chairman""}]",True,ca42f78dd87de49408b7c2274e9f4afa5be41d6c887a0299500f2c4bdd014803,2026-08-28 20:15:46,RADY ERNEST S,"American Assets Trust, Inc.",22.43000030517578,10228055.700995129,,0.1102848902055013,-0.0057623978202223,,True,True,True,True,True,25.850000381469727,-0.1323017418114056,6.0,WATCH,"[""purchase value >= $1m ($1,128,000)"", ""purchase value / ADV60 >= 5% (11.0%)"", ""current price below insider VWAP (-0.6%)""]","[""market cap unavailable""]"
2026-08-28 20:15:46,0001221359-26-000053,1500217,AAT,False,1500217,"American Assets Trust, Inc.",AAT,"Common Stock, par value $0.01",2026-08-28,P,A,50000.0,22.52,1126000.0,"[{""cik"": ""0001221359"", ""name"": ""RADY ERNEST S"", ""is_director"": true, ""is_officer"": true, ""is_ten_percent_owner"": true, ""is_other"": false, ""officer_title"": ""Executive Chairman""}]",True,f3fd449bcf7fa2ce992f45223df169faaad430c4fe96fa7cbbc5a217a9745f3b,2026-08-28 20:15:46,RADY ERNEST S,"American Assets Trust, Inc.",22.43000030517578,10228055.700995129,,0.1100893496200306,-0.0039964340508089,,True,True,True,True,True,25.850000381469727,-0.1323017418114056,6.0,WATCH,"[""purchase value >= $1m ($1,126,000)"", ""purchase value / ADV60 >= 5% (11.0%)"", ""current price below insider VWAP (-0.4%)""]","[""market cap unavailable""]"
2026-08-28 20:24:09,0001290936-26-000010,1290936,DKS,False,1089063,"DICK'S SPORTING GOODS, INC.",DKS,"Common Stock, par value $0.01 per share",2026-08-27,P,A,17000.0,130.72,2222240.0,"[{""cik"": ""0001290936"", ""name"": ""Barrenechea Mark J"", ""is_director"": true, ""is_officer"": false, ""is_ten_percent_owner"": false, ""is_other"": false, ""officer_title"": null}]",True,aa931ecbbc620f9311c4b6d7b3e274691baf468b4a9544b2530cc0c20e6ab116,2026-08-28 20:24:09,Barrenechea Mark J,"DICK'S SPORTING GOODS, INC.",135.08999633789062,402492548.0864207,,0.0055211953875052,0.0334302045432268,,False,False,True,True,True,239.1699981689453,-0.4351716462260223,6.0,WATCH,"[""purchase value >= $2m ($2,222,240)"", ""current price within 15% of insider VWAP (3.3%)"", ""stock down at least 30% from 52w high (-43.5%)""]","[""market cap unavailable""]"
2026-08-28 21:11:18,0001104659-26-103314,1672083,SITE,False,1650729,"SiteOne Landscape Supply, Inc.",SITE,Common Stock,2026-08-26,P,A,5000.0,96.13,480650.0,"[{""cik"": ""0001672083"", ""name"": ""BLACK DOUG"", ""is_director"": true, ""is_officer"": true, ""is_ten_percent_owner"": false, ""is_other"": false, ""officer_title"": ""CEO""}]",True,990fcfcfc441d159a30a8c9707c2c0a546d9fb55c918024bb2fa0b2eb79855c3,2026-08-28 21:11:18,BLACK DOUG,"SiteOne Landscape Supply, Inc.",96.38999938964844,84868673.43934377,,0.0056634560258977,0.0027046644091173,,False,False,True,False,False,163.25,-0.4095558996039912,4.0,WATCH,"[""purchase value >= $100k ($480,650)"", ""current price within 15% of insider VWAP (0.3%)"", ""stock down at least 30% from 52w high (-41.0%)""]","[""market cap unavailable""]"
2026-08-28 20:23:26,0001198906-26-000006,1198906,DKS,False,1089063,"DICK'S SPORTING GOODS, INC.",DKS,"Common Stock, par value $0.01 per share",2026-08-26,P,A,5000.0,128.72,643600.0,"[{""cik"": ""0001198906"", ""name"": ""COLOMBO WILLIAM J"", ""is_director"": true, ""is_officer"": false, ""is_ten_percent_owner"": false, ""is_other"": false, ""officer_title"": null}]",True,f5d5bd3884ee96b5466d30538a08d38fa09bc43eed97c4224ffd80de44a2d944,2026-08-28 20:23:26,COLOMBO WILLIAM J,"DICK'S SPORTING GOODS, INC.",135.08999633789062,402492548.0864207,,0.0015990358158427,0.0494872307169875,,False,False,True,False,False,239.1699981689453,-0.4351716462260223,4.0,WATCH,"[""purchase value >= $100k ($643,600)"", ""current price within 15% of insider VWAP (4.9%)"", ""stock down at least 30% from 52w high (-43.5%)""]","[""market cap unavailable""]"
2026-08-28 20:23:49,0001510712-26-000010,1510712,DKS,False,1089063,"DICK'S SPORTING GOODS, INC.",DKS,"Common Stock, par value $0.01 per share",2026-08-26,P,A,4000.0,128.695,514780.0,"[{""cik"": ""0001510712"", ""name"": ""Eddy Robert W."", ""is_director"": true, ""is_officer"": false, ""is_ten_percent_owner"": false, ""is_other"": false, ""officer_title"": null}]",True,2476efb9049004b91f1e4b1d52fcc755f1f0e588fcd516db65248c2151fde2c1,2026-08-28 20:23:49,Eddy Robert W.,"DICK'S SPORTING GOODS, INC.",135.08999633789062,402492548.0864207,,0.0012789802008693,0.0496911017358143,,False,False,True,False,False,239.1699981689453,-0.4351716462260223,4.0,WATCH,"[""purchase value >= $100k ($514,780)"", ""current price within 15% of insider VWAP (5.0%)"", ""stock down at least 30% from 52w high (-43.5%)""]","[""market cap unavailable""]"
2026-08-28 20:24:32,0001246485-26-000005,1246485,DKS,False,1089063,"DICK'S SPORTING GOODS, INC.",DKS,"Common Stock, par value $0.01 per share",2026-08-26,P,A,1550.0,128.892,199782.6,"[{""cik"": ""0001246485"", ""name"": ""MATHRANI SANDEEP"", ""is_director"": true, ""is_officer"": false, ""is_ten_percent_owner"": false, ""is_other"": false, ""officer_title"": null}]",True,01cfd69c5d2c2276f556d8ac0a22816624ec117c5592aa9b5da33da85fbb99e6,2026-08-28 20:24:32,MATHRANI SANDEEP,"DICK'S SPORTING GOODS, INC.",135.08999633789062,402492548.0864207,,0.0004963634754229,0.0480867419071053,,False,False,True,False,False,239.1699981689453,-0.4351716462260223,4.0,WATCH,"[""purchase value >= $100k ($199,783)"", ""current price within 15% of insider VWAP (4.8%)"", ""stock down at least 30% from 52w high (-43.5%)""]","[""market cap unavailable""]"
2026-08-28 20:23:26,0001198906-26-000006,1198906,DKS,False,1089063,"DICK'S SPORTING GOODS, INC.",DKS,"Common Stock, par value $0.01 per share",2026-08-27,P,A,1100.0,129.0,141900.0,"[{""cik"": ""0001198906"", ""name"": ""COLOMBO WILLIAM J"", ""is_director"": true, ""is_officer"": false, ""is_ten_percent_owner"": false, ""is_other"": false, ""officer_title"": null}]",True,b17043c44de06425247af86a915e2205b209003f08a8313fef98cc93115c8064,2026-08-28 20:23:26,COLOMBO WILLIAM J,"DICK'S SPORTING GOODS, INC.",135.08999633789062,402492548.0864207,,0.0003525531110442,0.0472092739371365,,False,False,True,False,False,239.1699981689453,-0.4351716462260223,4.0,WATCH,"[""purchase value >= $100k ($141,900)"", ""current price within 15% of insider VWAP (4.7%)"", ""stock down at least 30% from 52w high (-43.5%)""]","[""market cap unavailable""]"
2026-08-28 21:38:55,0001866174-26-000011,2058707,ATTO,True,2058707,"Attovia Therapeutics, Inc.",ATTO,Common Stock,2026-08-06,P,A,500000.0,17.0,8500000.0,"[{""cik"": ""0001866174"", ""name"": ""WALSH COLIN"", ""is_director"": true, ""is_officer"": false, ""is_ten_percent_owner"": false, ""is_other"": false, ""officer_title"": null}]",True,2a183992554771374fcc3987fff2385859c45fcfc249ec8f53c975c760b00995,2026-08-28 21:38:55,WALSH COLIN,"Attovia Therapeutics, Inc.",20.700000762939453,11310186.126814948,,0.7515349353842754,0.2176471037023208,,True,True,False,False,False,23.239999771118164,-0.109294278536755,3.0,ARCHIVE,"[""purchase value >= $2m ($8,500,000)"", ""purchase value / ADV60 >= 5% (75.2%)""]","[""current price more than 15% above insider VWAP (21.8%)"", ""market cap unavailable""]"
2026-08-28 20:44:09,0001193125-26-374650,1930054,NONE,False,1930054,Blackstone Private Equity Strategies Fund L.P.,NONE,Class I Limited Partnership Units,2026-08-28,P,A,51083.611,39.1515,1999999.9960665,"[{""cik"": ""0001834760"", ""name"": ""Patel Viral"", ""is_director"": true, ""is_officer"": true, ""is_ten_percent_owner"": false, ""is_other"": false, ""officer_title"": ""Chief Executive Officer""}]",True,56a3d86e47529ec83341a113f5495de85fd0859c6e693dc67c0abcf9efc8739d,2026-08-28 20:44:09,Patel Viral,Blackstone Private Equity Strategies Fund L.P.,,,,,,,False,False,False,False,False,,,0.0,ARCHIVE,"[""purchase value >= $1m ($2,000,000)""]","[""ADV60 unavailable"", ""latest price or insider VWAP unavailable; price gate cannot be verified"", ""52w drawdown unavailable"", ""market cap unavailable""]"
2026-08-28 21:35:38,0001104659-26-103344,2152033,RNAQ,False,2147219,Rainier Acquisition Corp,RNAQ,Class A ordinary shares,2026-08-28,P,A,194375.0,10.0,1943750.0,"[{""cik"": ""0001423905"", ""name"": ""GROSSMAN JONAS"", ""is_director"": true, ""is_officer"": false, ""is_ten_percent_owner"": true, ""is_other"": false, ""officer_title"": null}, {""cik"": ""0002152033"", ""name"": ""Ravenna 7 LLC"", ""is_director"": false, ""is_officer"": false, ""is_ten_percent_owner"": true, ""is_other"": false, ""officer_title"": null}]",True,4b3b2a7ab8c6af47c1fd917d78fe963135d2fde00b2d5dd816349609c8d7711f,2026-08-28 21:35:38,GROSSMAN JONAS; Ravenna 7 LLC,Rainier Acquisition Corp,,,,,,,False,False,False,False,False,,,0.0,ARCHIVE,"[""purchase value >= $1m ($1,943,750)""]","[""ADV60 unavailable"", ""latest price or insider VWAP unavailable; price gate cannot be verified"", ""52w drawdown unavailable"", ""market cap unavailable""]"
2026-08-31 20:05:13,0001213900-26-095705,1766147,PETZ,False,1684425,"TDH Holdings, Inc.",PETZ,Common Shares,2026-08-27,P,A,2969692.0,1.2,3563630.4,"[{""cik"": ""0001766147"", ""name"": ""Liu Dandan"", ""is_director"": true, ""is_officer"": true, ""is_ten_percent_owner"": true, ""is_other"": false, ""officer_title"": ""CEO and Chair""}]",True,e6123e6a0e0425db94b6e4d3d60b0ffd4ae4945b2eb40153f5b3d8f01322af73,2026-08-31 20:05:13,Liu Dandan,"TDH Holdings, Inc.",1.149999976158142,206064.41689279876,,17.293768879339872,-0.0416666865348815,,True,True,True,True,True,1.7000000476837158,-0.3235294447638163,9.0,ALERT,"[""purchase value >= $2m ($3,563,630)"", ""purchase value / ADV60 >= 5% (1729.4%)"", ""current price below insider VWAP (-4.2%)"", ""stock down at least 30% from 52w high (-32.4%)""]","[""market cap unavailable""]"
2026-08-31 20:46:52,0001493152-26-040843,1534708,BLNE,False,1534708,"Beeline Holdings, Inc.",BLNE,Common Stock,2026-08-31,P,A,245000.0,0.9768,239316.0,"[{""cik"": ""0001264473"", ""name"": ""Liuzza Nicholas Reyland JR"", ""is_director"": true, ""is_officer"": true, ""is_ten_percent_owner"": true, ""is_other"": false, ""officer_title"": ""Chief Executive Officer""}]",True,59f077e2ccaeb8d4e1d581235e1bd3692b3f4a96144c063e4adbd1e5450a0272,2026-08-31 20:46:52,Liuzza Nicholas Reyland JR,"Beeline Holdings, Inc.",0.9950000047683716,451458.3210725586,,0.5300954458684948,0.0186322735138939,,True,True,True,True,True,4.349999904632568,-0.771264361705218,7.0,ALERT,"[""purchase value >= $100k ($239,316)"", ""purchase value / ADV60 >= 5% (53.0%)"", ""current price within 15% of insider VWAP (1.9%)"", ""stock down at least 30% from 52w high (-77.1%)""]","[""market cap unavailable""]"
2026-08-31 20:32:27,0001626669-26-000006,1626669,HWKN,False,46250,HAWKINS INC,HWKN,Common Stock,2026-08-27,P,A,1290.0,119.0,153510.0,"[{""cik"": ""0001626669"", ""name"": ""Oldenkamp Jeffrey P."", ""is_director"": false, ""is_officer"": true, ""is_ten_percent_owner"": false, ""is_other"": false, ""officer_title"": ""EXECUTIVE VP AND CFO""}]",True,afc0e1b762bcf939a93ac2eebe3648ee4f23312432dffda8ed42bf17410e1cef,2026-08-31 20:32:27,Oldenkamp Jeffrey P.,HAWKINS INC,120.2699966430664,22756381.32226741,,0.006745800126393,0.010672240698037,,False,False,True,False,False,182.5624847412109,-0.3412118770537464,4.0,WATCH,"[""purchase value >= $100k ($153,510)"", ""current price within 15% of insider VWAP (1.1%)"", ""stock down at least 30% from 52w high (-34.1%)""]","[""market cap unavailable""]"
2026-09-01 01:23:06,0001823561-26-000003,1823561,GO,False,1771515,Grocery Outlet Holding Corp.,GO,Common Stock,2026-08-27,P,A,15000.0,11.7,175500.0,"[{""cik"": ""0001823561"", ""name"": ""Jaros Carey F."", ""is_director"": true, ""is_officer"": false, ""is_ten_percent_owner"": false, ""is_other"": false, ""officer_title"": null}]",True,06d5f236645af74f293e3ca9d2c00d4e7c24dc02897e80c417e42aa8b6967015,2026-09-01 01:23:06,Jaros Carey F.,Grocery Outlet Holding Corp.,11.949999809265137,26224402.80500269,,0.006692240098086,0.0213675050653963,,False,False,True,False,False,18.65999984741211,-0.3595927166675491,4.0,WATCH,"[""purchase value >= $100k ($175,500)"", ""current price within 15% of insider VWAP (2.1%)"", ""stock down at least 30% from 52w high (-36.0%)""]","[""market cap unavailable""]"
2026-08-31 20:43:54,0001347688-26-000004,1347688,GBCI,False,868671,"GLACIER BANCORP, INC.",GBCI,Common Stock,2026-08-28,P,A,2250.0,47.04,105840.0,"[{""cik"": ""0001347688"", ""name"": ""Langel Craig A"", ""is_director"": true, ""is_officer"": false, ""is_ten_percent_owner"": false, ""is_other"": true, ""officer_title"": null}]",True,9dd7cab4dd985475795dd61695661a4469cc64deabd8481c06711a9177a7dcc3,2026-08-31 20:43:54,Langel Craig A,"GLACIER BANCORP, INC.",46.310001373291016,59085958.85242901,,0.0017912885236294,-0.0155186782888814,,False,False,True,False,False,54.5099983215332,-0.150431062203921,3.0,ARCHIVE,"[""purchase value >= $100k ($105,840)"", ""current price below insider VWAP (-1.6%)"", ""stock down at least 15% from 52w high (-15.0%)""]","[""market cap unavailable""]"
2026-08-31 20:27:07,0001812746-26-000011,1812746,AMR,False,1704715,"Alpha Metallurgical Resources, Inc.",AMR,"Common Stock, $0.01 par value per share",2026-08-28,P,A,1271.0,226.48,287856.08,"[{""cik"": ""0001812746"", ""name"": ""Courtis Kenneth S."", ""is_director"": true, ""is_officer"": false, ""is_ten_percent_owner"": false, ""is_other"": false, ""officer_title"": null}]",True,df7a5e21885d92402219b93537e4d36a3b983c0902e8c757e4d7b00a2577ce84,2026-08-31 20:27:07,Courtis Kenneth S.,"Alpha Metallurgical Resources, Inc.",235.6999969482422,50964287.7825826,,0.0056481919501752,0.0407099829929451,,False,False,True,False,False,249.6499938964844,-0.0558782186633116,2.0,ARCHIVE,"[""purchase value >= $100k ($287,856)"", ""current price within 15% of insider VWAP (4.1%)""]","[""market cap unavailable""]"
2026-08-31 20:27:07,0001812746-26-000011,1812746,AMR,False,1704715,"Alpha Metallurgical Resources, Inc.",AMR,"Common Stock, $0.01 par value per share",2026-08-28,P,A,1201.0,228.61,274560.61,"[{""cik"": ""0001812746"", ""name"": ""Courtis Kenneth S."", ""is_director"": true, ""is_officer"": false, ""is_ten_percent_owner"": false, ""is_other"": false, ""officer_title"": null}]",True,b75edc83d21f74163fdab47e1b5377b3fbac9d1491604d339f01b2db09f3b7af,2026-08-31 20:27:07,Courtis Kenneth S.,"Alpha Metallurgical Resources, Inc.",235.6999969482422,50964287.7825826,,0.0053873137827667,0.0310135031199079,,False,False,True,False,False,249.6499938964844,-0.0558782186633116,2.0,ARCHIVE,"[""purchase value >= $100k ($274,561)"", ""current price within 15% of insider VWAP (3.1%)""]","[""market cap unavailable""]"
2026-08-31 20:27:07,0001812746-26-000011,1812746,AMR,False,1704715,"Alpha Metallurgical Resources, Inc.",AMR,"Common Stock, $0.01 par value per share",2026-08-28,P,A,863.0,227.35,196203.05,"[{""cik"": ""0001812746"", ""name"": ""Courtis Kenneth S."", ""is_director"": true, ""is_officer"": false, ""is_ten_percent_owner"": false, ""is_other"": false, ""officer_title"": null}]",True,5f9a89609540d29d13f6682154ac78ace357f39c58c534b03676ebbf26ddf840,2026-08-31 20:27:07,Courtis Kenneth S.,"Alpha Metallurgical Resources, Inc.",235.6999969482422,50964287.7825826,,0.0038498144197956,0.0367274992225299,,False,False,True,False,False,249.6499938964844,-0.0558782186633116,2.0,ARCHIVE,"[""purchase value >= $100k ($196,203)"", ""current price within 15% of insider VWAP (3.7%)""]","[""market cap unavailable""]"
2026-08-31 20:27:07,0001812746-26-000011,1812746,AMR,False,1704715,"Alpha Metallurgical Resources, Inc.",AMR,"Common Stock, $0.01 par value per share",2026-08-28,P,A,690.0,231.12,159472.8,"[{""cik"": ""0001812746"", ""name"": ""Courtis Kenneth S."", ""is_director"": true, ""is_officer"": false, ""is_ten_percent_owner"": false, ""is_other"": false, ""officer_title"": null}]",True,3ff6ecc4182b38b8ddb7e92656e7117f9cb03819b337775e80303cccafc3753d,2026-08-31 20:27:07,Courtis Kenneth S.,"Alpha Metallurgical Resources, Inc.",235.6999969482422,50964287.7825826,,0.0031291087728003,0.0198165323132666,,False,False,True,False,False,249.6499938964844,-0.0558782186633116,2.0,ARCHIVE,"[""purchase value >= $100k ($159,473)"", ""current price within 15% of insider VWAP (2.0%)""]","[""market cap unavailable""]"
2026-08-31 20:27:07,0001812746-26-000011,1812746,AMR,False,1704715,"Alpha Metallurgical Resources, Inc.",AMR,"Common Stock, $0.01 par value per share",2026-08-28,P,A,514.0,232.83,119674.62,"[{""cik"": ""0001812746"", ""name"": ""Courtis Kenneth S."", ""is_director"": true, ""is_officer"": false, ""is_ten_percent_owner"": false, ""is_other"": false, ""officer_title"": null}]",True,279746aafbc2c36122e2c5fb25f5e5f996e71739e05db9e15f008a4b38f8543d,2026-08-31 20:27:07,Courtis Kenneth S.,"Alpha Metallurgical Resources, Inc.",235.6999969482422,50964287.7825826,,0.0023482054828381,0.0123265771088012,,False,False,True,False,False,249.6499938964844,-0.0558782186633116,2.0,ARCHIVE,"[""purchase value >= $100k ($119,675)"", ""current price within 15% of insider VWAP (1.2%)""]","[""market cap unavailable""]"
2026-09-01 23:50:18,0002117905-26-000026,0002117905,AUGO,False,0001468642,Aura Minerals Inc.,AUGO,Common Shares,2026-08-28,P,A,126000.0,89.36,11259360.0,"[{""cik"": ""0002117905"", ""name"": ""Sousa Mauad Bruno"", ""is_director"": true, ""is_officer"": false, ""is_ten_percent_owner"": false, ""is_other"": false, ""officer_title"": null}]",True,bdd6a2543802a7bf5bba783491c3c407475b5ae68e38daeeb5327ffc8ecfdaf5,2026-09-01 23:50:18,Sousa Mauad Bruno,Aura Minerals Inc.,79.04499816894531,68466647.20002797,,0.16445029018443597,-0.11543198109953767,,True,True,True,True,True,107.02434539794922,-0.26142974409203945,8.0,ALERT,"[""purchase value >= $2m ($11,259,360)"", ""purchase value / ADV60 >= 5% (16.4%)"", ""current price below insider VWAP (-11.5%)"", ""stock down at least 15% from 52w high (-26.1%)""]","[""market cap unavailable""]"
2026-09-01 23:50:18,0002117905-26-000026,0002117905,AUGO,False,0001468642,Aura Minerals Inc.,AUGO,Common Shares,2026-08-28,P,A,61552.0,83.5822,5144651.5744,"[{""cik"": ""0002117905"", ""name"": ""Sousa Mauad Bruno"", ""is_director"": true, ""is_officer"": false, ""is_ten_percent_owner"": false, ""is_other"": false, ""officer_title"": null}]",True,7688dcedc5731d7fb0450b343ba070984e2928cfe6c1d403723587b00e6ef2a4,2026-09-01 23:50:18,Sousa Mauad Bruno,Aura Minerals Inc.,79.04499816894531,68466647.20002797,,0.07514098885797198,-0.05428430731728395,,True,True,True,True,True,107.02434539794922,-0.26142974409203945,8.0,ALERT,"[""purchase value >= $2m ($5,144,652)"", ""purchase value / ADV60 >= 5% (7.5%)"", ""current price below insider VWAP (-5.4%)"", ""stock down at least 15% from 52w high (-26.1%)""]","[""market cap unavailable""]"
2026-09-01 21:00:01,0001628280-26-059899,0001840572,LUCK,False,0001840572,Lucky Strike Entertainment Corp,LUCK,Class A Common Stock,2026-09-01,P,A,1000.0,614.0,614000.0,"[{""cik"": ""0001432026"", ""name"": ""Young John Alan"", ""is_director"": true, ""is_officer"": false, ""is_ten_percent_owner"": false, ""is_other"": false, ""officer_title"": null}]",True,8c27c62bc375e0fe16c03583d6015f669e204c6fda413c0d9f02083b3dd50900,2026-09-01 21:00:01,Young John Alan,Lucky Strike Entertainment Corp,6.099999904632568,835681.4936116139,,0.7347296843279849,-0.9900651467351261,,True,True,True,True,True,10.328319549560547,-0.4093908621473554,7.0,ALERT,"[""purchase value >= $100k ($614,000)"", ""purchase value / ADV60 >= 5% (73.5%)"", ""current price below insider VWAP (-99.0%)"", ""stock down at least 30% from 52w high (-40.9%)""]","[""market cap unavailable""]"
2026-09-01 23:50:18,0002117905-26-000026,0002117905,AUGO,False,0001468642,Aura Minerals Inc.,AUGO,Common Shares,2026-08-28,P,A,38430.0,84.3175,3240321.525,"[{""cik"": ""0002117905"", ""name"": ""Sousa Mauad Bruno"", ""is_director"": true, ""is_officer"": false, ""is_ten_percent_owner"": false, ""is_other"": false, ""officer_title"": null}]",True,319e65dbf22fe7703aa374f231cb79ac537637eb6b1a17488db430b5b477f95e,2026-09-01 23:50:18,Sousa Mauad Bruno,Aura Minerals Inc.,79.04499816894531,68466647.20002797,,0.04732700749217753,-0.0625315246663466,,True,False,True,True,True,107.02434539794922,-0.26142974409203945,7.0,ALERT,"[""purchase value >= $2m ($3,240,322)"", ""purchase value / ADV60 >= 2% (4.7%)"", ""current price below insider VWAP (-6.3%)"", ""stock down at least 15% from 52w high (-26.1%)""]","[""market cap unavailable""]"
2026-09-01 23:50:18,0002117905-26-000026,0002117905,AUGO,False,0001468642,Aura Minerals Inc.,AUGO,Common Shares,2026-08-28,P,A,26018.0,82.5743,2148418.1374,"[{""cik"": ""0002117905"", ""name"": ""Sousa Mauad Bruno"", ""is_director"": true, ""is_officer"": false, ""is_ten_percent_owner"": false, ""is_other"": false, ""officer_title"": null}]",True,a824083a7df1c40ec0c9e633587031706ba2d77fbbe29e152ea6e55fb84448cd,2026-09-01 23:50:18,Sousa Mauad Bruno,Aura Minerals Inc.,79.04499816894531,68466647.20002797,,0.031379046955860315,-0.042740923399346764,,True,False,True,True,True,107.02434539794922,-0.26142974409203945,7.0,ALERT,"[""purchase value >= $2m ($2,148,418)"", ""purchase value / ADV60 >= 2% (3.1%)"", ""current price below insider VWAP (-4.3%)"", ""stock down at least 15% from 52w high (-26.1%)""]","[""market cap unavailable""]"
2026-09-01 21:02:37,0001628280-26-059909,0001822523,AFCG,False,0001822523,Advanced Flower Capital Inc.,AFCG,Common Stock,2026-08-28,P,A,65752.0,3.53,232104.56,"[{""cik"": ""0001200461"", ""name"": ""TANNENBAUM LEONARD M"", ""is_director"": true, ""is_officer"": false, ""is_ten_percent_owner"": true, ""is_other"": false, ""officer_title"": null}]",True,5e49b814d504c3bdec23876ed335d673c23393ea0427bd70e534253cdadd62c5,2026-09-01 21:02:37,TANNENBAUM LEONARD M,Advanced Flower Capital Inc.,3.490000009536743,324653.505533429,,0.7149300902161385,-0.011331442057579744,,True,True,True,True,True,4.476513862609863,-0.2203754714830639,6.0,WATCH,"[""purchase value >= $100k ($232,105)"", ""purchase value / ADV60 >= 5% (71.5%)"", ""current price below insider VWAP (-1.1%)"", ""stock down at least 15% from 52w high (-22.0%)""]","[""market cap unavailable""]"
2026-09-01 21:02:37,0001628280-26-059909,0001822523,AFCG,False,0001822523,Advanced Flower Capital Inc.,AFCG,Common Stock,2026-08-31,P,A,53273.0,3.6,191782.8,"[{""cik"": ""0001200461"", ""name"": ""TANNENBAUM LEONARD M"", ""is_director"": true, ""is_officer"": false, ""is_ten_percent_owner"": true, ""is_other"": false, ""officer_title"": null}]",True,45bb197dbab7b999696d3a53c644ad7345216b8c3e4958bc264b25390e2e727b,2026-09-01 21:02:37,TANNENBAUM LEONARD M,Advanced Flower Capital Inc.,3.490000009536743,324653.505533429,,0.5907307228513892,-0.03055555290646028,,True,True,True,True,True,4.476513862609863,-0.2203754714830639,6.0,WATCH,"[""purchase value >= $100k ($191,783)"", ""purchase value / ADV60 >= 5% (59.1%)"", ""current price below insider VWAP (-3.1%)"", ""stock down at least 15% from 52w high (-22.0%)""]","[""market cap unavailable""]"
2026-09-01 21:07:55,0000950103-26-013377,0002091677,EQPT,False,0001693736,EquipmentShare.com Inc,EQPT,Class A Common Stock,2026-08-31,P,A,15500.0,17.46,270630.0,"[{""cik"": ""0002091677"", ""name"": ""Schlacks Jabbok"", ""is_director"": true, ""is_officer"": true, ""is_ten_percent_owner"": false, ""is_other"": true, ""officer_title"": ""Founder & CEO""}]",True,d2c3cb603a88f56a8bf7a6fd06287ae6a5466c939143235f1ed870ce447d052c,2026-09-01 21:07:55,Schlacks Jabbok,EquipmentShare.com Inc,16.850000381469727,55624733.86823295,,0.004865281704377837,-0.03493697700631582,,False,False,True,False,False,34.630001068115234,-0.5134276678673287,4.0,WATCH,"[""purchase value >= $100k ($270,630)"", ""current price below insider VWAP (-3.5%)"", ""stock down at least 30% from 52w high (-51.3%)""]","[""market cap unavailable""]"
2026-09-01 21:07:55,0000950103-26-013377,0002091677,EQPT,False,0001693736,EquipmentShare.com Inc,EQPT,Class A Common Stock,2026-08-28,P,A,9500.0,17.87,169765.0,"[{""cik"": ""0002091677"", ""name"": ""Schlacks Jabbok"", ""is_director"": true, ""is_officer"": true, ""is_ten_percent_owner"": false, ""is_other"": true, ""officer_title"": ""Founder & CEO""}]",True,a009fbab0d10d4d9bf954a3f1785d1cdc4a74363573c5d09b0c98d6d52fb90fc,2026-09-01 21:07:55,Schlacks Jabbok,EquipmentShare.com Inc,16.850000381469727,55624733.86823295,,0.003051969657996909,-0.05707888184276855,,False,False,True,False,False,34.630001068115234,-0.5134276678673287,4.0,WATCH,"[""purchase value >= $100k ($169,765)"", ""current price below insider VWAP (-5.7%)"", ""stock down at least 30% from 52w high (-51.3%)""]","[""market cap unavailable""]"
2026-09-01 21:31:26,0001104659-26-104378,0001328270,UAMY,False,0000101538,UNITED STATES ANTIMONY CORP,UAMY,Common Stock,2026-09-01,P,A,21300.0,4.72,100536.0,"[{""cik"": ""0001328270"", ""name"": ""Carrabba Joseph A"", ""is_director"": true, ""is_officer"": false, ""is_ten_percent_owner"": false, ""is_other"": false, ""officer_title"": null}]",True,6569d4391e79f4051165f3a8d822780a30e6ca130bf24056310bbf828f4f82fa,2026-09-01 21:31:26,Carrabba Joseph A,UNITED STATES ANTIMONY CORP,4.679999828338623,42941693.212327816,,0.0023412211414881486,-0.00847461264012217,,False,False,True,False,False,17.469999313354492,-0.7321121916266409,4.0,WATCH,"[""purchase value >= $100k ($100,536)"", ""current price below insider VWAP (-0.8%)"", ""stock down at least 30% from 52w high (-73.2%)""]","[""market cap unavailable""]"
2026-09-01 21:03:45,0001349628-26-000004,0001349628,DY,False,0000067215,DYCOM INDUSTRIES INC,DY,Common Stock,2026-09-01,P,A,700.0,286.92,200844.0,"[{""cik"": ""0001349628"", ""name"": ""Fallon David Joseph"", ""is_director"": true, ""is_officer"": false, ""is_ten_percent_owner"": false, ""is_other"": false, ""officer_title"": null}]",True,708d99162b9d90bd78b747cdd26c4b35e5953b6644806971474e8eb362ce3d73,2026-09-01 21:03:45,Fallon David Joseph,DYCOM INDUSTRIES INC,287.29998779296875,249023467.8576589,,0.0008065263957965675,0.0013243684405712663,,False,False,True,False,False,535.2000122070312,-0.4631913653958726,4.0,WATCH,"[""purchase value >= $100k ($200,844)"", ""current price within 15% of insider VWAP (0.1%)"", ""stock down at least 30% from 52w high (-46.3%)""]","[""market cap unavailable""]"
2026-09-01 20:38:25,0001193125-26-378510,0001538081,ITT,False,0000216228,ITT INC.,ITT,Common Stock,2026-08-31,P,A,5019.0,199.56,1001591.64,"[{""cik"": ""0001538081"", ""name"": ""Savi Luca"", ""is_director"": true, ""is_officer"": true, ""is_ten_percent_owner"": false, ""is_other"": false, ""officer_title"": ""President and CEO""}]",True,bf5edff3c2f50b185b7c25d61fe40699ef75a629468eb8a36605855473a74350,2026-09-01 20:38:25,Savi Luca,ITT INC.,194.25999450683594,184973410.6617574,,0.005414787111383872,-0.02655845606917251,,False,False,True,True,False,221.24302673339844,-0.12196105172199401,3.0,ARCHIVE,"[""purchase value >= $1m ($1,001,592)"", ""current price below insider VWAP (-2.7%)""]","[""market cap unavailable""]"
2026-09-01 20:59:39,0001104659-26-104356,0001979306,N/A,False,0001979306,"Andalusian Credit Company, LLC",N/A,Limited Liability Company Interests,2026-08-28,P,A,13674.88,15.32,209499.1616,"[{""cik"": ""0001323101"", ""name"": ""Otting Joseph M"", ""is_director"": true, ""is_officer"": false, ""is_ten_percent_owner"": false, ""is_other"": false, ""officer_title"": null}]",True,ab6f9c0fc1f355fbfe46719c18ede28e4131c02a7436f4fa87996e06a454bce5,2026-09-01 20:59:39,Otting Joseph M,"Andalusian Credit Company, LLC",,,,,,,False,False,False,False,False,,,-1.0,ARCHIVE,"[""purchase value >= $100k ($209,499)""]","[""ADV60 unavailable"", ""latest price or insider VWAP unavailable; price gate cannot be verified"", ""52w drawdown unavailable"", ""market cap unavailable""]"
2026-09-01 20:56:56,0001104659-26-104354,0001979306,N/A,False,0001979306,"Andalusian Credit Company, LLC",N/A,Limited Liability Company Interests,2026-08-28,P,A,7309.71,15.32,111984.7572,"[{""cik"": ""0001649471"", ""name"": ""Frank Alan L"", ""is_director"": true, ""is_officer"": false, ""is_ten_percent_owner"": false, ""is_other"": false, ""officer_title"": null}]",True,22eb4ff41fa61c6e49c0d359ac144a190dff1928c3edd03e8b90be41c0238d75,2026-09-01 20:56:56,Frank Alan L,"Andalusian Credit Company, LLC",,,,,,,False,False,False,False,False,,,-1.0,ARCHIVE,"[""purchase value >= $100k ($111,985)""]","[""ADV60 unavailable"", ""latest price or insider VWAP unavailable; price gate cannot be verified"", ""52w drawdown unavailable"", ""market cap unavailable""]"
